frame,z0,z1,z2,z3,z4,z5,z6,z7,z8,z9,z10,z11,z12,z13,z14,z15,z16,z17,z18,z19,z20,z21,z22,z23,z24,z25,z26,z27,z28,z29,z30,z31,z32,z33,z34,z35,z36,z37,z38,z39,z40,z41,z42,z43,z44,z45,z46,z47,z48,z49,z50,z51,z52,z53,z54,z55,z56,z57,z58,z59,z60,z61,z62,z63,s0,s1,s2,s3,s4,s5,s6,s7,s8,s9,s10,s11,s12,s13,s14,s15,s16,s17,s18,s19,s20,s21,s22,s23,s24,s25,s26,s27,s28,s29,s30,s31,s32,s33,s34,s35,s36,s37,s38,s39,s40,s41,s42,s43,s44,s45,s46,s47,s48,s49,s50,s51,s52,s53,s54,s55,s56,s57,s58,s59,s60,s61,s62,s63
2427,1976,1973,1971,1981,1491,313,202,143,1972,1956,1965,1966,1474,311,203,143,1963,1954,1974,1970,1481,317,206,145,1952,1953,1964,1972,1480,320,208,145,1964,1953,1953,1966,1483,316,204,146,1956,1949,1962,1967,1483,309,198,143,1962,1961,1964,1965,1482,295,191,142,1975,1975,1963,1970,1470,291,188,137,0,0,0,0,0,0,0,0,0,0,0,0,0,0,0,0,0,0,0,0,0,0,0,0,0,0,0,0,0,0,0,0,0,0,0,0,0,0,0,0,0,0,0,0,0,0,0,0,0,0,0,0,0,0,0,0,0,0,0,0,0,0,0,0
2428,1988,1973,1966,1979,1495,312,201,144,1971,1972,1968,1973,1484,312,203,144,1958,1954,1971,1968,1484,319,207,147,1954,1958,1964,1965,1488,314,208,146,1960,1958,1960,1969,1479,317,204,148,1956,1960,1962,1962,1482,308,202,142,1975,1963,1965,1972,1482,290,194,142,1984,1967,1968,1974,1471,291,189,139,0,0,0,0,0,0,0,0,0,0,0,0,0,0,0,0,0,0,0,0,0,0,0,0,0,0,0,0,0,0,0,0,0,0,0,0,0,0,0,0,0,0,0,0,0,0,0,0,0,0,0,0,0,0,0,0,0,0,0,0,0,0,0,0
2429,1977,1975,1975,1980,1485,320,202,144,1971,1970,1962,1971,1479,313,204,144,1956,1966,1967,1974,1485,316,206,147,1964,1962,1962,1970,1481,320,205,145,1964,1956,1962,1964,1482,320,202,147,1959,1956,1954,1965,1478,311,201,142,1971,1965,1957,1968,1484,292,195,140,1979,1965,1969,1972,1474,290,188,138,0,0,0,0,0,0,0,0,0,0,0,0,0,0,0,0,0,0,0,0,0,0,0,0,0,0,0,0,0,0,0,0,0,0,0,0,0,0,0,0,0,0,0,0,0,0,0,0,0,0,0,0,0,0,0,0,0,0,0,0,0,0,0,0
2430,1986,1976,1977,1982,1493,320,201,144,1972,1969,1967,1964,1480,309,204,144,1966,1961,1965,1974,1479,311,207,147,1952,1963,1971,1973,1480,314,207,144,1958,1953,1957,1972,1486,323,204,146,1961,1964,1956,1966,1483,313,201,141,1967,1972,1960,1969,1481,290,194,142,1974,1966,1972,1976,1493,291,187,138,0,0,0,0,0,0,0,0,0,0,0,0,0,0,0,0,0,0,0,0,0,0,0,0,0,0,0,0,0,0,0,0,0,0,0,0,0,0,0,0,0,0,0,0,0,0,0,0,0,0,0,0,0,0,0,0,0,0,0,0,0,0,0,0
2431,1984,1986,1982,1974,1483,313,201,144,1967,1962,1972,1974,1488,307,204,144,1969,1959,1960,1975,1482,318,205,146,1959,1966,1964,1966,1483,313,209,145,1957,1957,1963,1964,1483,315,202,146,1961,1952,1955,1961,1479,308,199,141,1960,1959,1952,1968,1475,295,194,142,1980,1968,1960,1976,1479,290,189,139,0,0,0,0,0,0,0,0,0,0,0,0,0,0,0,0,0,0,0,0,0,0,0,0,0,0,0,0,0,0,0,0,0,0,0,0,0,0,0,0,0,0,0,0,0,0,0,0,0,0,0,0,0,0,0,0,0,0,0,0,0,0,0,0
2432,1985,1995,1981,1977,1496,313,202,144,1977,1965,1960,1967,1476,315,203,142,1963,1966,1971,1979,1482,314,207,148,1956,1956,1959,1966,1477,314,207,146,1950,1953,1963,1962,1481,318,205,147,1969,1954,1963,1969,1477,308,204,141,1955,1960,1962,1971,1477,291,194,142,1977,1965,1968,1968,1470,294,190,139,0,0,0,0,0,0,0,0,0,0,0,0,0,0,0,0,0,0,0,0,0,0,0,0,0,0,0,0,0,0,0,0,0,0,0,0,0,0,0,0,0,0,0,0,0,0,0,0,0,0,0,0,0,0,0,0,0,0,0,0,0,0,0,0
2433,1976,1981,1974,1983,1484,317,201,144,1979,1960,1962,1973,1470,312,202,145,1962,1965,1963,1971,1483,316,207,145,1953,1955,1962,1968,1487,317,207,145,1957,1956,1959,1968,1483,317,203,146,1955,1952,1961,1969,1470,313,201,141,1966,1951,1970,1956,1471,295,193,141,1962,1967,1967,1976,1482,295,191,140,0,0,0,0,0,0,0,0,0,0,0,0,0,0,0,0,0,0,0,0,0,0,0,0,0,0,0,0,0,0,0,0,0,0,0,0,0,0,0,0,0,0,0,0,0,0,0,0,0,0,0,0,0,0,0,0,0,0,0,0,0,0,0,0
2434,1987,1990,1981,1981,1485,315,202,144,1971,1953,1967,1971,1484,312,204,144,1967,1967,1957,1976,1480,315,207,145,1962,1966,1955,1967,1474,313,210,147,1959,1963,1963,1972,1489,318,204,148,1957,1951,1964,1968,1475,308,201,143,1968,1958,1959,1962,1470,298,194,142,1969,1966,1972,1962,1471,293,190,138,0,0,0,0,0,0,0,0,0,0,0,0,0,0,0,0,0,0,0,0,0,0,0,0,0,0,0,0,0,0,0,0,0,0,0,0,0,0,0,0,0,0,0,0,0,0,0,0,0,0,0,0,0,0,0,0,0,0,0,0,0,0,0,0
2435,1984,1972,1972,1990,1494,320,202,144,1964,1973,1967,1972,1486,309,204,144,1963,1960,1967,1969,1480,318,205,146,1956,1959,1968,1971,1483,319,209,147,1957,1957,1958,1974,1488,316,204,146,1960,1954,1957,1964,1480,313,201,140,1969,1963,1951,1965,1473,295,191,141,1971,1961,1970,1963,1476,295,190,137,0,0,0,0,0,0,0,0,0,0,0,0,0,0,0,0,0,0,0,0,0,0,0,0,0,0,0,0,0,0,0,0,0,0,0,0,0,0,0,0,0,0,0,0,0,0,0,0,0,0,0,0,0,0,0,0,0,0,0,0,0,0,0,0
2436,1979,1973,1973,1973,1486,315,203,144,1966,1972,1971,1975,1485,312,203,144,1961,1956,1966,1976,1483,318,205,146,1962,1956,1964,1972,1476,319,207,145,1953,1958,1960,1964,1489,317,202,146,1952,1959,1962,1968,1482,310,201,142,1960,1965,1968,1970,1470,296,195,142,1981,1972,1972,1981,1480,292,189,138,0,0,0,0,0,0,0,0,0,0,0,0,0,0,0,0,0,0,0,0,0,0,0,0,0,0,0,0,0,0,0,0,0,0,0,0,0,0,0,0,0,0,0,0,0,0,0,0,0,0,0,0,0,0,0,0,0,0,0,0,0,0,0,0
2437,1984,1978,1979,1979,1482,315,200,142,1959,1968,1979,1980,1468,313,201,143,1960,1960,1963,1965,1475,321,205,146,1960,1960,1964,1971,1481,319,206,146,1959,1961,1959,1970,1479,316,203,146,1961,1949,1965,1960,1480,306,201,143,1962,1955,1961,1963,1478,292,195,140,1981,1968,1967,1963,1481,296,190,139,0,0,0,0,0,0,0,0,0,0,0,0,0,0,0,0,0,0,0,0,0,0,0,0,0,0,0,0,0,0,0,0,0,0,0,0,0,0,0,0,0,0,0,0,0,0,0,0,0,0,0,0,0,0,0,0,0,0,0,0,0,0,0,0
2438,1989,1980,1972,1981,1490,316,203,144,1978,1962,1964,1972,1482,308,204,144,1969,1962,1960,1971,1486,314,205,145,1955,1959,1964,1972,1485,314,209,145,1960,1957,1956,1971,1479,321,205,147,1958,1963,1958,1964,1486,311,202,143,1966,1970,1958,1968,1475,293,194,142,1978,1980,1967,1963,1459,293,189,138,0,0,0,0,0,0,0,0,0,0,0,0,0,0,0,0,0,0,0,0,0,0,0,0,0,0,0,0,0,0,0,0,0,0,0,0,0,0,0,0,0,0,0,0,0,0,0,0,0,0,0,0,0,0,0,0,0,0,0,0,0,0,0,0
2439,1992,1981,1977,1989,1481,316,200,143,1972,1966,1961,1970,1484,313,204,143,1966,1959,1960,1967,1486,321,202,146,1957,1955,1960,1971,1489,318,209,145,1954,1953,1955,1973,1480,318,204,146,1955,1955,1955,1961,1475,312,200,141,1965,1950,1963,1966,1476,292,192,141,1968,1970,1971,1973,1485,290,189,139,0,0,0,0,0,0,0,0,0,0,0,0,0,0,0,0,0,0,0,0,0,0,0,0,0,0,0,0,0,0,0,0,0,0,0,0,0,0,0,0,0,0,0,0,0,0,0,0,0,0,0,0,0,0,0,0,0,0,0,0,0,0,0,0
2440,1987,1986,1976,1987,1483,316,201,143,1980,1967,1970,1971,1483,308,202,144,1957,1966,1965,1972,1474,314,208,147,1963,1957,1957,1971,1491,319,206,145,1960,1954,1960,1983,1482,314,204,147,1965,1954,1969,1975,1474,310,200,143,1967,1958,1959,1975,1482,293,193,143,1976,1962,1962,1972,1483,291,190,139,0,0,0,0,0,0,0,0,0,0,0,0,0,0,0,0,0,0,0,0,0,0,0,0,0,0,0,0,0,0,0,0,0,0,0,0,0,0,0,0,0,0,0,0,0,0,0,0,0,0,0,0,0,0,0,0,0,0,0,0,0,0,0,0
2441,1988,1975,1975,1976,1491,315,202,144,1970,1977,1971,1970,1476,311,204,144,1960,1965,1962,1972,1478,318,206,146,1960,1961,1972,1964,1478,314,206,144,1965,1951,1955,1972,1478,318,204,147,1960,1956,1957,1962,1480,313,201,143,1967,1960,1958,1965,1480,297,195,141,1983,1968,1969,1974,1467,295,191,140,0,0,0,0,0,0,0,0,0,0,0,0,0,0,0,0,0,0,0,0,0,0,0,0,0,0,0,0,0,0,0,0,0,0,0,0,0,0,0,0,0,0,0,0,0,0,0,0,0,0,0,0,0,0,0,0,0,0,0,0,0,0,0,0
2442,1986,1979,1980,1992,1481,320,202,144,1974,1962,1975,1975,1476,310,202,144,1962,1958,1961,1978,1486,316,207,148,1960,1967,1964,1972,1490,320,206,146,1958,1958,1949,1978,1488,314,203,148,1957,1956,1959,1961,1487,308,200,142,1980,1960,1965,1973,1474,295,196,141,1975,1968,1967,1971,1481,295,190,140,0,0,0,0,0,0,0,0,0,0,0,0,0,0,0,0,0,0,0,0,0,0,0,0,0,0,0,0,0,0,0,0,0,0,0,0,0,0,0,0,0,0,0,0,0,0,0,0,0,0,0,0,0,0,0,0,0,0,0,0,0,0,0,0
2443,1985,1977,1977,1976,1480,319,203,143,1957,1964,1967,1970,1481,316,203,144,1965,1960,1966,1973,1488,314,206,146,1950,1959,1955,1970,1485,319,207,145,1953,1958,1959,1962,1478,314,202,146,1957,1959,1959,1970,1482,306,200,142,1967,1956,1959,1969,1482,294,193,140,1986,1973,1962,1978,1471,291,189,139,0,0,0,0,0,0,0,0,0,0,0,0,0,0,0,0,0,0,0,0,0,0,0,0,0,0,0,0,0,0,0,0,0,0,0,0,0,0,0,0,0,0,0,0,0,0,0,0,0,0,0,0,0,0,0,0,0,0,0,0,0,0,0,0
2444,1991,1973,1973,1975,1494,315,200,142,1981,1965,1969,1973,1480,313,204,143,1958,1964,1962,1973,1476,317,206,147,1964,1964,1965,1970,1479,316,207,144,1963,1961,1960,1972,1486,319,203,147,1970,1953,1961,1960,1477,310,202,141,1964,1956,1954,1967,1485,296,193,140,1966,1968,1964,1969,1470,293,189,137,0,0,0,0,0,0,0,0,0,0,0,0,0,0,0,0,0,0,0,0,0,0,0,0,0,0,0,0,0,0,0,0,0,0,0,0,0,0,0,0,0,0,0,0,0,0,0,0,0,0,0,0,0,0,0,0,0,0,0,0,0,0,0,0
2445,1989,1981,1973,1976,1481,314,201,143,1959,1966,1972,1981,1478,318,204,143,1964,1965,1966,1971,1479,312,205,146,1964,1959,1956,1968,1483,323,208,145,1956,1964,1954,1964,1484,312,203,145,1950,1956,1959,1962,1481,310,201,141,1963,1952,1962,1967,1477,291,192,142,1969,1965,1965,1972,1468,292,190,139,0,0,0,0,0,0,0,0,0,0,0,0,0,0,0,0,0,0,0,0,0,0,0,0,0,0,0,0,0,0,0,0,0,0,0,0,0,0,0,0,0,0,0,0,0,0,0,0,0,0,0,0,0,0,0,0,0,0,0,0,0,0,0,0
2446,1986,1968,1966,1982,1486,317,204,143,1966,1974,1968,1973,1480,315,204,145,1970,1953,1972,1972,1479,314,204,146,1959,1957,1961,1967,1480,315,209,145,1958,1955,1963,1973,1484,322,202,146,1956,1954,1957,1964,1486,304,201,141,1961,1963,1962,1968,1484,290,194,140,1978,1971,1963,1979,1467,291,190,138,0,0,0,0,0,0,0,0,0,0,0,0,0,0,0,0,0,0,0,0,0,0,0,0,0,0,0,0,0,0,0,0,0,0,0,0,0,0,0,0,0,0,0,0,0,0,0,0,0,0,0,0,0,0,0,0,0,0,0,0,0,0,0,0
2447,1982,1976,1975,1984,1483,316,202,143,1962,1967,1965,1975,1483,308,201,144,1963,1970,1968,1973,1485,315,205,146,1955,1957,1964,1966,1481,315,206,145,1961,1960,1952,1964,1481,314,201,147,1956,1956,1967,1967,1480,308,200,142,1966,1963,1967,1971,1475,292,193,141,1979,1964,1964,1975,1478,294,188,138,0,0,0,0,0,0,0,0,0,0,0,0,0,0,0,0,0,0,0,0,0,0,0,0,0,0,0,0,0,0,0,0,0,0,0,0,0,0,0,0,0,0,0,0,0,0,0,0,0,0,0,0,0,0,0,0,0,0,0,0,0,0,0,0
2448,1985,1982,1972,1981,1490,315,201,143,1973,1966,1974,1975,1489,309,205,145,1955,1971,1964,1982,1482,318,206,147,1960,1963,1960,1966,1484,316,207,148,1962,1957,1958,1965,1483,317,205,147,1956,1951,1953,1965,1471,310,201,144,1962,1960,1972,1967,1469,293,196,142,1972,1968,1974,1976,1486,292,190,139,0,0,0,0,0,0,0,0,0,0,0,0,0,0,0,0,0,0,0,0,0,0,0,0,0,0,0,0,0,0,0,0,0,0,0,0,0,0,0,0,0,0,0,0,0,0,0,0,0,0,0,0,0,0,0,0,0,0,0,0,0,0,0,0
2449,1988,1986,1968,1971,1482,313,203,144,1981,1968,1975,1971,1478,313,203,144,1961,1959,1967,1972,1474,317,205,147,1960,1953,1953,1956,1476,317,206,144,1961,1957,1958,1967,1479,315,203,146,1952,1953,1959,1971,1484,310,201,142,1962,1962,1952,1966,1468,292,194,141,1972,1976,1969,1984,1473,295,190,138,0,0,0,0,0,0,0,0,0,0,0,0,0,0,0,0,0,0,0,0,0,0,0,0,0,0,0,0,0,0,0,0,0,0,0,0,0,0,0,0,0,0,0,0,0,0,0,0,0,0,0,0,0,0,0,0,0,0,0,0,0,0,0,0
2450,1985,1978,1968,1983,1484,314,204,144,1969,1960,1964,1977,1484,313,202,144,1964,1966,1958,1978,1477,316,208,148,1963,1949,1959,1965,1492,317,207,145,1960,1955,1961,1970,1485,318,205,147,1958,1952,1962,1967,1478,310,201,141,1958,1969,1957,1961,1463,289,193,141,1972,1973,1958,1980,1465,293,188,139,0,0,0,0,0,0,0,0,0,0,0,0,0,0,0,0,0,0,0,0,0,0,0,0,0,0,0,0,0,0,0,0,0,0,0,0,0,0,0,0,0,0,0,0,0,0,0,0,0,0,0,0,0,0,0,0,0,0,0,0,0,0,0,0
2451,1986,1976,1980,1974,1483,312,202,143,1968,1964,1973,1975,1472,309,202,143,1968,1959,1969,1974,1477,312,204,147,1968,1949,1961,1967,1484,317,207,146,1952,1958,1962,1970,1477,314,204,146,1961,1961,1960,1965,1475,310,199,142,1965,1959,1958,1966,1471,292,192,142,1968,1966,1969,1975,1482,288,189,139,0,0,0,0,0,0,0,0,0,0,0,0,0,0,0,0,0,0,0,0,0,0,0,0,0,0,0,0,0,0,0,0,0,0,0,0,0,0,0,0,0,0,0,0,0,0,0,0,0,0,0,0,0,0,0,0,0,0,0,0,0,0,0,0
2452,1984,1976,1970,1985,1480,316,201,143,1969,1966,1971,1968,1475,314,202,143,1960,1966,1963,1969,1476,318,205,147,1962,1962,1963,1970,1480,322,210,146,1960,1960,1960,1971,1491,315,203,147,1957,1959,1962,1967,1481,302,202,141,1974,1955,1955,1971,1478,293,194,142,1963,1979,1972,1982,1488,293,190,137,0,0,0,0,0,0,0,0,0,0,0,0,0,0,0,0,0,0,0,0,0,0,0,0,0,0,0,0,0,0,0,0,0,0,0,0,0,0,0,0,0,0,0,0,0,0,0,0,0,0,0,0,0,0,0,0,0,0,0,0,0,0,0,0
2453,1990,1977,1974,1984,1488,312,200,143,1971,1969,1961,1972,1484,310,204,144,1959,1959,1962,1973,1479,311,205,147,1960,1955,1963,1967,1487,321,206,145,1949,1964,1962,1971,1483,317,203,146,1964,1958,1963,1970,1474,306,199,142,1973,1967,1963,1968,1469,295,193,140,1964,1966,1970,1981,1468,295,190,139,0,0,0,0,0,0,0,0,0,0,0,0,0,0,0,0,0,0,0,0,0,0,0,0,0,0,0,0,0,0,0,0,0,0,0,0,0,0,0,0,0,0,0,0,0,0,0,0,0,0,0,0,0,0,0,0,0,0,0,0,0,0,0,0
2454,1985,1973,1974,1982,1478,319,200,144,1970,1956,1973,1980,1482,307,203,144,1965,1964,1969,1974,1488,311,207,147,1963,1964,1965,1967,1485,324,207,145,1953,1953,1953,1975,1478,316,203,146,1963,1960,1960,1971,1479,311,201,141,1972,1966,1970,1959,1477,290,193,142,1976,1968,1965,1981,1476,290,190,138,0,0,0,0,0,0,0,0,0,0,0,0,0,0,0,0,0,0,0,0,0,0,0,0,0,0,0,0,0,0,0,0,0,0,0,0,0,0,0,0,0,0,0,0,0,0,0,0,0,0,0,0,0,0,0,0,0,0,0,0,0,0,0,0
2455,1986,1972,1970,1970,1492,314,200,144,1975,1966,1965,1968,1481,303,203,143,1971,1954,1962,1981,1484,314,206,146,1959,1962,1952,1961,1476,315,207,145,1956,1957,1957,1969,1475,317,202,146,1953,1959,1959,1971,1475,309,200,142,1959,1956,1958,1968,1471,293,194,142,1976,1967,1967,1975,1466,289,190,138,0,0,0,0,0,0,0,0,0,0,0,0,0,0,0,0,0,0,0,0,0,0,0,0,0,0,0,0,0,0,0,0,0,0,0,0,0,0,0,0,0,0,0,0,0,0,0,0,0,0,0,0,0,0,0,0,0,0,0,0,0,0,0,0
2456,1986,1983,1978,1982,1480,318,203,143,1985,1959,1968,1972,1475,309,205,144,1967,1958,1964,1974,1483,316,206,146,1960,1964,1958,1970,1487,313,207,147,1954,1961,1962,1963,1481,315,203,146,1966,1959,1957,1965,1476,315,201,141,1972,1954,1965,1964,1484,289,193,141,1977,1974,1974,1968,1477,291,190,139,0,0,0,0,0,0,0,0,0,0,0,0,0,0,0,0,0,0,0,0,0,0,0,0,0,0,0,0,0,0,0,0,0,0,0,0,0,0,0,0,0,0,0,0,0,0,0,0,0,0,0,0,0,0,0,0,0,0,0,0,0,0,0,0
2457,1983,1991,1979,1981,1475,312,203,142,1959,1968,1969,1971,1475,312,202,143,1967,1969,1971,1967,1480,315,204,146,1960,1955,1965,1967,1478,317,206,145,1958,1953,1965,1971,1483,319,203,146,1952,1946,1960,1962,1472,312,200,143,1969,1965,1952,1965,1466,292,196,141,1983,1971,1963,1962,1452,293,188,139,0,0,0,0,0,0,0,0,0,0,0,0,0,0,0,0,0,0,0,0,0,0,0,0,0,0,0,0,0,0,0,0,0,0,0,0,0,0,0,0,0,0,0,0,0,0,0,0,0,0,0,0,0,0,0,0,0,0,0,0,0,0,0,0
2458,1994,1986,1991,1987,1478,312,204,144,1973,1975,1976,1981,1488,313,204,143,1957,1951,1966,1975,1482,317,205,146,1964,1954,1965,1963,1487,318,207,144,1955,1958,1960,1966,1479,323,204,146,1965,1964,1952,1971,1479,310,200,144,1969,1949,1968,1966,1471,293,195,142,1981,1967,1961,1960,1473,297,190,137,0,0,0,0,0,0,0,0,0,0,0,0,0,0,0,0,0,0,0,0,0,0,0,0,0,0,0,0,0,0,0,0,0,0,0,0,0,0,0,0,0,0,0,0,0,0,0,0,0,0,0,0,0,0,0,0,0,0,0,0,0,0,0,0
2459,1984,1972,1972,1975,1482,317,202,143,1966,1959,1967,1973,1475,312,206,144,1966,1960,1966,1965,1481,315,204,145,1959,1959,1961,1966,1480,316,206,146,1958,1966,1963,1971,1484,313,203,146,1967,1944,1959,1969,1483,311,201,141,1961,1968,1956,1968,1474,295,193,142,1980,1972,1967,1980,1471,296,189,137,0,0,0,0,0,0,0,0,0,0,0,0,0,0,0,0,0,0,0,0,0,0,0,0,0,0,0,0,0,0,0,0,0,0,0,0,0,0,0,0,0,0,0,0,0,0,0,0,0,0,0,0,0,0,0,0,0,0,0,0,0,0,0,0
2460,1990,1978,1967,1984,1481,312,202,143,1971,1964,1964,1971,1485,307,204,145,1956,1967,1967,1975,1479,313,204,147,1965,1956,1962,1964,1481,319,207,145,1962,1957,1959,1969,1482,318,204,146,1956,1954,1960,1978,1485,312,202,142,1965,1967,1968,1961,1471,294,192,142,1984,1971,1970,1977,1485,291,189,139,0,0,0,0,0,0,0,0,0,0,0,0,0,0,0,0,0,0,0,0,0,0,0,0,0,0,0,0,0,0,0,0,0,0,0,0,0,0,0,0,0,0,0,0,0,0,0,0,0,0,0,0,0,0,0,0,0,0,0,0,0,0,0,0
2461,1981,1970,1974,1979,1479,317,201,142,1970,1972,1966,1974,1479,312,203,144,1954,1952,1969,1963,1476,311,206,145,1954,1957,1959,1971,1480,316,206,145,1962,1957,1959,1966,1485,320,203,146,1956,1962,1962,1969,1484,313,202,142,1961,1962,1962,1961,1486,289,193,141,1968,1967,1972,1972,1475,290,189,137,0,0,0,0,0,0,0,0,0,0,0,0,0,0,0,0,0,0,0,0,0,0,0,0,0,0,0,0,0,0,0,0,0,0,0,0,0,0,0,0,0,0,0,0,0,0,0,0,0,0,0,0,0,0,0,0,0,0,0,0,0,0,0,0
2462,1983,1978,1972,1988,1489,321,200,144,1978,1967,1961,1972,1486,310,203,144,1953,1965,1965,1973,1485,312,205,146,1960,1959,1958,1975,1485,324,205,145,1960,1968,1957,1965,1488,316,203,148,1956,1952,1956,1970,1483,311,202,142,1967,1960,1964,1972,1486,296,194,140,1969,1970,1968,1977,1481,289,190,139,0,0,0,0,0,0,0,0,0,0,0,0,0,0,0,0,0,0,0,0,0,0,0,0,0,0,0,0,0,0,0,0,0,0,0,0,0,0,0,0,0,0,0,0,0,0,0,0,0,0,0,0,0,0,0,0,0,0,0,0,0,0,0,0
2463,1983,1970,1974,1979,1485,314,202,143,1975,1956,1973,1972,1474,308,203,144,1954,1955,1967,1972,1483,315,206,146,1956,1958,1968,1966,1482,314,207,143,1955,1954,1959,1966,1478,314,203,146,1956,1955,1959,1969,1479,312,201,142,1962,1958,1958,1966,1465,293,193,141,1970,1963,1966,1969,1470,295,189,138,0,0,0,0,0,0,0,0,0,0,0,0,0,0,0,0,0,0,0,0,0,0,0,0,0,0,0,0,0,0,0,0,0,0,0,0,0,0,0,0,0,0,0,0,0,0,0,0,0,0,0,0,0,0,0,0,0,0,0,0,0,0,0,0
2464,1982,1982,1977,1970,1497,315,203,143,1978,1965,1972,1965,1482,311,204,144,1960,1960,1956,1973,1487,316,206,147,1968,1960,1956,1971,1486,315,209,145,1951,1952,1963,1970,1480,317,203,146,1963,1951,1965,1959,1484,307,200,143,1968,1970,1962,1971,1486,297,194,141,1973,1968,1966,1971,1471,291,189,138,0,0,0,0,0,0,0,0,0,0,0,0,0,0,0,0,0,0,0,0,0,0,0,0,0,0,0,0,0,0,0,0,0,0,0,0,0,0,0,0,0,0,0,0,0,0,0,0,0,0,0,0,0,0,0,0,0,0,0,0,0,0,0,0
2465,1978,1983,1978,1977,1487,316,201,145,1975,1972,1972,1977,1479,312,205,143,1961,1951,1964,1973,1482,309,205,147,1962,1956,1962,1978,1470,317,209,145,1957,1957,1954,1974,1477,311,205,147,1954,1955,1968,1964,1482,312,200,142,1963,1953,1963,1966,1477,298,195,141,1972,1975,1959,1974,1467,295,189,139,0,0,0,0,0,0,0,0,0,0,0,0,0,0,0,0,0,0,0,0,0,0,0,0,0,0,0,0,0,0,0,0,0,0,0,0,0,0,0,0,0,0,0,0,0,0,0,0,0,0,0,0,0,0,0,0,0,0,0,0,0,0,0,0
2466,1982,1975,1980,1985,1483,311,201,142,1977,1964,1967,1975,1478,314,202,145,1971,1968,1969,1974,1483,314,206,146,1958,1949,1954,1962,1481,314,207,147,1952,1952,1961,1971,1482,320,204,146,1961,1959,1956,1962,1481,306,201,142,1970,1964,1966,1967,1472,295,194,141,1972,1975,1959,1966,1476,294,190,138,0,0,0,0,0,0,0,0,0,0,0,0,0,0,0,0,0,0,0,0,0,0,0,0,0,0,0,0,0,0,0,0,0,0,0,0,0,0,0,0,0,0,0,0,0,0,0,0,0,0,0,0,0,0,0,0,0,0,0,0,0,0,0,0
2467,1993,1987,1974,1976,1482,312,201,144,1970,1964,1962,1977,1469,315,204,144,1960,1967,1966,1971,1482,317,205,146,1950,1961,1960,1961,1482,316,207,146,1967,1950,1959,1958,1482,313,204,147,1955,1950,1958,1964,1473,314,201,141,1968,1965,1965,1974,1477,293,191,141,1970,1976,1965,1976,1481,291,190,140,0,0,0,0,0,0,0,0,0,0,0,0,0,0,0,0,0,0,0,0,0,0,0,0,0,0,0,0,0,0,0,0,0,0,0,0,0,0,0,0,0,0,0,0,0,0,0,0,0,0,0,0,0,0,0,0,0,0,0,0,0,0,0,0
2468,1981,1974,1980,1986,1494,315,201,143,1970,1964,1966,1972,1484,306,202,144,1960,1958,1962,1973,1480,313,205,147,1958,1955,1965,1967,1483,320,207,145,1957,1958,1960,1968,1489,315,203,147,1963,1950,1968,1970,1466,309,201,140,1966,1957,1962,1971,1478,301,193,141,1967,1966,1966,1968,1478,295,192,138,0,0,0,0,0,0,0,0,0,0,0,0,0,0,0,0,0,0,0,0,0,0,0,0,0,0,0,0,0,0,0,0,0,0,0,0,0,0,0,0,0,0,0,0,0,0,0,0,0,0,0,0,0,0,0,0,0,0,0,0,0,0,0,0
2469,1981,1979,1975,1969,1483,316,203,143,1964,1965,1972,1971,1478,314,203,145,1967,1964,1963,1979,1480,312,206,147,1958,1961,1962,1967,1489,315,207,145,1950,1959,1961,1965,1479,320,203,147,1959,1953,1958,1964,1481,308,203,142,1969,1976,1954,1962,1474,288,193,140,1987,1967,1962,1974,1471,289,190,138,0,0,0,0,0,0,0,0,0,0,0,0,0,0,0,0,0,0,0,0,0,0,0,0,0,0,0,0,0,0,0,0,0,0,0,0,0,0,0,0,0,0,0,0,0,0,0,0,0,0,0,0,0,0,0,0,0,0,0,0,0,0,0,0
2470,1989,1984,1981,1975,1484,318,201,144,1978,1958,1974,1967,1485,311,202,143,1966,1962,1966,1978,1480,317,205,147,1958,1966,1969,1977,1482,314,206,146,1961,1957,1966,1972,1484,319,205,146,1958,1957,1958,1969,1482,311,202,141,1964,1965,1958,1966,1472,293,192,142,1972,1968,1967,1959,1473,291,189,139,0,0,0,0,0,0,0,0,0,0,0,0,0,0,0,0,0,0,0,0,0,0,0,0,0,0,0,0,0,0,0,0,0,0,0,0,0,0,0,0,0,0,0,0,0,0,0,0,0,0,0,0,0,0,0,0,0,0,0,0,0,0,0,0
2471,1990,1979,1983,1976,1483,321,201,144,1969,1955,1975,1965,1483,311,204,144,1958,1964,1967,1978,1473,311,206,147,1960,1952,1955,1975,1481,316,206,144,1962,1955,1958,1964,1481,323,204,146,1962,1954,1960,1972,1485,308,200,142,1961,1966,1968,1970,1463,289,195,141,1965,1973,1970,1972,1484,292,189,139,0,0,0,0,0,0,0,0,0,0,0,0,0,0,0,0,0,0,0,0,0,0,0,0,0,0,0,0,0,0,0,0,0,0,0,0,0,0,0,0,0,0,0,0,0,0,0,0,0,0,0,0,0,0,0,0,0,0,0,0,0,0,0,0
2472,2003,1985,1973,1993,1491,313,202,144,1973,1964,1968,1976,1478,318,203,145,1966,1963,1962,1972,1484,316,208,145,1965,1958,1971,1966,1483,316,207,143,1959,1955,1958,1966,1482,322,204,147,1958,1957,1961,1973,1475,312,200,142,1967,1961,1957,1967,1475,297,193,141,1971,1967,1968,1964,1472,292,189,139,0,0,0,0,0,0,0,0,0,0,0,0,0,0,0,0,0,0,0,0,0,0,0,0,0,0,0,0,0,0,0,0,0,0,0,0,0,0,0,0,0,0,0,0,0,0,0,0,0,0,0,0,0,0,0,0,0,0,0,0,0,0,0,0
2473,1993,1971,1978,1982,1495,322,203,144,1983,1971,1967,1968,1483,310,203,143,1960,1958,1954,1975,1477,321,205,146,1952,1956,1961,1966,1479,314,208,144,1958,1953,1961,1978,1483,318,201,147,1958,1958,1958,1969,1483,308,200,141,1959,1953,1957,1969,1479,292,194,140,1974,1967,1963,1967,1477,288,189,139,0,0,0,0,0,0,0,0,0,0,0,0,0,0,0,0,0,0,0,0,0,0,0,0,0,0,0,0,0,0,0,0,0,0,0,0,0,0,0,0,0,0,0,0,0,0,0,0,0,0,0,0,0,0,0,0,0,0,0,0,0,0,0,0
2474,1986,1982,1984,1982,1486,319,203,143,1973,1966,1957,1970,1470,315,203,144,1967,1964,1962,1971,1478,312,206,147,1955,1966,1956,1968,1483,317,209,145,1967,1959,1962,1967,1482,318,203,148,1960,1954,1965,1967,1485,314,200,144,1968,1966,1961,1962,1479,293,194,141,1977,1968,1968,1965,1476,294,189,139,0,0,0,0,0,0,0,0,0,0,0,0,0,0,0,0,0,0,0,0,0,0,0,0,0,0,0,0,0,0,0,0,0,0,0,0,0,0,0,0,0,0,0,0,0,0,0,0,0,0,0,0,0,0,0,0,0,0,0,0,0,0,0,0
2475,1985,1981,1980,1990,1479,313,202,144,1972,1961,1972,1976,1485,312,202,143,1965,1955,1964,1969,1484,314,204,145,1961,1965,1964,1968,1470,321,208,144,1960,1962,1964,1967,1480,315,205,146,1956,1961,1956,1968,1475,311,201,142,1965,1960,1959,1965,1482,298,192,141,1976,1971,1968,1971,1476,293,189,139,0,0,0,0,0,0,0,0,0,0,0,0,0,0,0,0,0,0,0,0,0,0,0,0,0,0,0,0,0,0,0,0,0,0,0,0,0,0,0,0,0,0,0,0,0,0,0,0,0,0,0,0,0,0,0,0,0,0,0,0,0,0,0,0
2476,1981,1971,1980,1984,1489,319,202,143,1980,1969,1967,1975,1486,306,204,144,1952,1965,1966,1978,1477,315,205,145,1953,1956,1957,1971,1493,319,207,144,1963,1963,1951,1967,1483,320,204,145,1961,1953,1966,1973,1477,309,201,141,1962,1957,1966,1966,1467,294,192,141,1967,1965,1969,1974,1486,295,189,139,0,0,0,0,0,0,0,0,0,0,0,0,0,0,0,0,0,0,0,0,0,0,0,0,0,0,0,0,0,0,0,0,0,0,0,0,0,0,0,0,0,0,0,0,0,0,0,0,0,0,0,0,0,0,0,0,0,0,0,0,0,0,0,0
2477,1981,1984,1976,1973,1501,315,202,144,1968,1961,1968,1970,1483,308,203,143,1960,1964,1965,1974,1477,314,204,146,1956,1950,1951,1967,1473,315,206,144,1960,1961,1954,1958,1468,317,203,146,1960,1955,1960,1958,1472,312,200,143,1972,1964,1958,1970,1473,301,193,140,1981,1968,1971,1961,1457,294,188,139,0,0,0,0,0,0,0,0,0,0,0,0,0,0,0,0,0,0,0,0,0,0,0,0,0,0,0,0,0,0,0,0,0,0,0,0,0,0,0,0,0,0,0,0,0,0,0,0,0,0,0,0,0,0,0,0,0,0,0,0,0,0,0,0
2478,1987,1986,1970,1988,1489,318,202,145,1971,1959,1971,1973,1485,312,201,144,1967,1956,1966,1972,1484,313,206,145,1960,1964,1967,1967,1480,315,208,147,1956,1959,1953,1979,1482,318,205,146,1962,1955,1954,1963,1482,312,199,142,1963,1955,1958,1964,1478,296,194,140,1981,1979,1968,1980,1476,287,191,139,0,0,0,0,0,0,0,0,0,0,0,0,0,0,0,0,0,0,0,0,0,0,0,0,0,0,0,0,0,0,0,0,0,0,0,0,0,0,0,0,0,0,0,0,0,0,0,0,0,0,0,0,0,0,0,0,0,0,0,0,0,0,0,0
2479,1977,1982,1971,1988,1487,313,201,143,1963,1966,1972,1976,1485,313,204,144,1965,1963,1962,1968,1489,317,207,145,1955,1954,1962,1966,1494,314,208,145,1962,1951,1951,1970,1482,312,204,146,1963,1954,1957,1966,1475,303,200,141,1965,1959,1960,1969,1469,291,192,140,1979,1970,1973,1967,1478,290,191,139,0,0,0,0,0,0,0,0,0,0,0,0,0,0,0,0,0,0,0,0,0,0,0,0,0,0,0,0,0,0,0,0,0,0,0,0,0,0,0,0,0,0,0,0,0,0,0,0,0,0,0,0,0,0,0,0,0,0,0,0,0,0,0,0
2480,1984,1978,1983,1977,1480,318,203,142,1972,1965,1962,1972,1485,312,204,144,1962,1957,1960,1977,1489,316,205,145,1966,1956,1972,1965,1481,316,208,144,1957,1958,1954,1969,1478,318,203,148,1963,1951,1957,1964,1474,315,200,142,1955,1958,1961,1971,1481,297,194,142,1966,1974,1972,1974,1484,296,189,138,0,0,0,0,0,0,0,0,0,0,0,0,0,0,0,0,0,0,0,0,0,0,0,0,0,0,0,0,0,0,0,0,0,0,0,0,0,0,0,0,0,0,0,0,0,0,0,0,0,0,0,0,0,0,0,0,0,0,0,0,0,0,0,0
2481,1986,1982,1975,1974,1483,319,202,143,1973,1966,1962,1975,1484,310,202,144,1970,1959,1969,1968,1476,313,207,145,1953,1955,1963,1976,1472,315,208,145,1954,1956,1962,1967,1482,318,204,146,1962,1958,1954,1957,1474,313,200,141,1972,1962,1965,1968,1481,292,195,142,1986,1959,1964,1968,1472,293,188,138,0,0,0,0,0,0,0,0,0,0,0,0,0,0,0,0,0,0,0,0,0,0,0,0,0,0,0,0,0,0,0,0,0,0,0,0,0,0,0,0,0,0,0,0,0,0,0,0,0,0,0,0,0,0,0,0,0,0,0,0,0,0,0,0
2482,1980,1979,1980,1978,1487,312,201,143,1972,1960,1966,1976,1479,312,202,145,1959,1956,1976,1980,1482,310,205,147,1949,1962,1959,1973,1480,308,206,144,1958,1959,1961,1966,1475,315,204,147,1963,1962,1962,1975,1482,312,202,141,1967,1962,1962,1966,1473,299,193,143,1974,1970,1971,1975,1472,293,190,138,0,0,0,0,0,0,0,0,0,0,0,0,0,0,0,0,0,0,0,0,0,0,0,0,0,0,0,0,0,0,0,0,0,0,0,0,0,0,0,0,0,0,0,0,0,0,0,0,0,0,0,0,0,0,0,0,0,0,0,0,0,0,0,0
2483,1983,1979,1974,1988,1485,311,201,143,1968,1966,1966,1976,1483,312,203,145,1966,1956,1962,1971,1488,316,204,147,1969,1960,1963,1971,1484,322,207,145,1963,1960,1957,1973,1481,316,202,146,1948,1948,1956,1967,1478,305,200,141,1966,1960,1956,1972,1468,292,195,140,1977,1962,1967,1964,1476,293,189,139,0,0,0,0,0,0,0,0,0,0,0,0,0,0,0,0,0,0,0,0,0,0,0,0,0,0,0,0,0,0,0,0,0,0,0,0,0,0,0,0,0,0,0,0,0,0,0,0,0,0,0,0,0,0,0,0,0,0,0,0,0,0,0,0
2484,1978,1984,1978,1981,1489,318,201,144,1972,1969,1966,1981,1480,312,202,144,1979,1967,1966,1977,1476,313,205,147,1961,1953,1964,1962,1494,314,207,145,1962,1955,1967,1967,1486,319,207,146,1966,1962,1954,1964,1485,311,200,143,1965,1964,1963,1966,1477,292,195,143,1968,1968,1974,1979,1477,288,189,138,0,0,0,0,0,0,0,0,0,0,0,0,0,0,0,0,0,0,0,0,0,0,0,0,0,0,0,0,0,0,0,0,0,0,0,0,0,0,0,0,0,0,0,0,0,0,0,0,0,0,0,0,0,0,0,0,0,0,0,0,0,0,0,0
2485,1978,1981,1973,1970,1481,320,201,143,1968,1958,1969,1970,1476,311,205,144,1959,1963,1960,1976,1491,310,206,146,1955,1956,1963,1973,1481,312,207,144,1963,1959,1958,1968,1483,320,204,146,1966,1951,1964,1968,1486,306,201,141,1965,1961,1963,1973,1475,297,193,142,1977,1977,1969,1969,1468,287,189,138,0,0,0,0,0,0,0,0,0,0,0,0,0,0,0,0,0,0,0,0,0,0,0,0,0,0,0,0,0,0,0,0,0,0,0,0,0,0,0,0,0,0,0,0,0,0,0,0,0,0,0,0,0,0,0,0,0,0,0,0,0,0,0,0
2486,1983,1979,1971,1987,1481,320,199,143,1972,1960,1970,1972,1479,309,203,143,1959,1960,1965,1980,1481,313,207,146,1963,1950,1961,1966,1489,317,206,144,1959,1962,1960,1976,1484,318,203,147,1966,1951,1963,1973,1480,313,200,140,1961,1958,1963,1970,1473,293,193,141,1983,1960,1966,1966,1488,288,191,137,0,0,0,0,0,0,0,0,0,0,0,0,0,0,0,0,0,0,0,0,0,0,0,0,0,0,0,0,0,0,0,0,0,0,0,0,0,0,0,0,0,0,0,0,0,0,0,0,0,0,0,0,0,0,0,0,0,0,0,0,0,0,0,0
2487,1989,1990,1980,1982,1482,314,203,144,1968,1965,1966,1975,1479,311,203,145,1963,1968,1968,1975,1485,313,204,146,1959,1951,1956,1971,1482,317,206,144,1959,1958,1964,1971,1484,315,204,146,1962,1950,1957,1965,1473,308,201,142,1969,1963,1955,1966,1475,299,193,141,1973,1972,1968,1969,1464,290,188,139,0,0,0,0,0,0,0,0,0,0,0,0,0,0,0,0,0,0,0,0,0,0,0,0,0,0,0,0,0,0,0,0,0,0,0,0,0,0,0,0,0,0,0,0,0,0,0,0,0,0,0,0,0,0,0,0,0,0,0,0,0,0,0,0
2488,1979,1976,1975,1977,1492,320,201,143,1974,1969,1967,1978,1488,313,204,144,1969,1958,1966,1970,1482,315,207,146,1951,1954,1967,1959,1483,321,208,144,1960,1958,1955,1962,1493,317,205,147,1960,1953,1962,1968,1471,310,201,143,1964,1963,1966,1975,1476,296,195,141,1983,1958,1966,1975,1470,286,192,139,0,0,0,0,0,0,0,0,0,0,0,0,0,0,0,0,0,0,0,0,0,0,0,0,0,0,0,0,0,0,0,0,0,0,0,0,0,0,0,0,0,0,0,0,0,0,0,0,0,0,0,0,0,0,0,0,0,0,0,0,0,0,0,0
2489,1985,1980,1976,1985,1491,317,202,144,1970,1966,1966,1967,1481,313,203,144,1965,1963,1963,1974,1479,312,207,145,1953,1959,1959,1960,1477,320,206,144,1959,1955,1953,1963,1490,317,203,148,1954,1953,1964,1967,1488,312,199,143,1969,1962,1962,1968,1470,297,194,141,1973,1968,1976,1968,1472,292,189,138,0,0,0,0,0,0,0,0,0,0,0,0,0,0,0,0,0,0,0,0,0,0,0,0,0,0,0,0,0,0,0,0,0,0,0,0,0,0,0,0,0,0,0,0,0,0,0,0,0,0,0,0,0,0,0,0,0,0,0,0,0,0,0,0
2490,1987,1982,1979,1976,1482,321,201,144,1974,1968,1970,1976,1480,312,203,144,1963,1959,1959,1977,1477,317,206,147,1952,1954,1964,1958,1485,318,207,145,1950,1957,1950,1964,1485,313,203,145,1967,1954,1961,1964,1481,310,199,143,1961,1965,1956,1964,1478,296,194,141,1968,1975,1969,1972,1476,295,187,138,0,0,0,0,0,0,0,0,0,0,0,0,0,0,0,0,0,0,0,0,0,0,0,0,0,0,0,0,0,0,0,0,0,0,0,0,0,0,0,0,0,0,0,0,0,0,0,0,0,0,0,0,0,0,0,0,0,0,0,0,0,0,0,0
2491,1979,1982,1977,1987,1491,320,201,142,1970,1968,1969,1964,1484,311,203,143,1960,1965,1955,1971,1483,316,205,146,1960,1960,1964,1964,1487,322,209,144,1955,1961,1960,1967,1476,318,203,145,1950,1953,1958,1966,1481,312,201,143,1965,1956,1961,1965,1480,293,193,141,1983,1968,1966,1973,1476,285,189,138,0,0,0,0,0,0,0,0,0,0,0,0,0,0,0,0,0,0,0,0,0,0,0,0,0,0,0,0,0,0,0,0,0,0,0,0,0,0,0,0,0,0,0,0,0,0,0,0,0,0,0,0,0,0,0,0,0,0,0,0,0,0,0,0
2492,1989,1977,1975,1985,1489,323,203,144,1974,1962,1969,1979,1476,304,204,145,1956,1958,1966,1974,1485,317,204,147,1962,1959,1961,1964,1478,316,207,145,1966,1959,1958,1970,1479,316,201,146,1959,1954,1958,1960,1473,311,203,141,1969,1952,1957,1973,1478,290,196,142,1973,1967,1971,1969,1471,295,189,139,0,0,0,0,0,0,0,0,0,0,0,0,0,0,0,0,0,0,0,0,0,0,0,0,0,0,0,0,0,0,0,0,0,0,0,0,0,0,0,0,0,0,0,0,0,0,0,0,0,0,0,0,0,0,0,0,0,0,0,0,0,0,0,0
2493,1984,1973,1974,1989,1482,312,204,142,1971,1958,1972,1967,1476,308,201,144,1959,1953,1971,1975,1479,316,206,145,1968,1956,1960,1964,1482,317,207,144,1961,1957,1964,1963,1472,312,204,146,1956,1955,1956,1961,1482,312,201,141,1960,1958,1965,1971,1474,293,192,140,1976,1968,1964,1971,1486,294,190,140,0,0,0,0,0,0,0,0,0,0,0,0,0,0,0,0,0,0,0,0,0,0,0,0,0,0,0,0,0,0,0,0,0,0,0,0,0,0,0,0,0,0,0,0,0,0,0,0,0,0,0,0,0,0,0,0,0,0,0,0,0,0,0,0
2494,1983,1980,1975,1982,1488,318,202,145,1970,1962,1971,1972,1476,313,203,145,1962,1953,1960,1978,1483,315,206,145,1964,1957,1970,1967,1491,319,207,143,1963,1966,1955,1971,1480,319,205,147,1955,1961,1960,1971,1470,305,203,142,1969,1950,1955,1968,1477,291,193,139,1966,1977,1965,1969,1486,293,190,138,0,0,0,0,0,0,0,0,0,0,0,0,0,0,0,0,0,0,0,0,0,0,0,0,0,0,0,0,0,0,0,0,0,0,0,0,0,0,0,0,0,0,0,0,0,0,0,0,0,0,0,0,0,0,0,0,0,0,0,0,0,0,0,0
2495,1977,1970,1973,1972,1487,315,200,142,1959,1972,1968,1973,1477,305,203,144,1960,1953,1958,1972,1482,313,207,146,1952,1960,1962,1967,1485,314,207,145,1963,1953,1952,1962,1479,321,203,147,1964,1955,1959,1966,1482,307,200,142,1973,1961,1961,1975,1466,291,193,140,1968,1969,1959,1966,1474,296,189,137,0,0,0,0,0,0,0,0,0,0,0,0,0,0,0,0,0,0,0,0,0,0,0,0,0,0,0,0,0,0,0,0,0,0,0,0,0,0,0,0,0,0,0,0,0,0,0,0,0,0,0,0,0,0,0,0,0,0,0,0,0,0,0,0
2496,1981,1979,1981,1981,1492,316,200,144,1974,1971,1959,1969,1490,310,203,143,1967,1959,1965,1977,1477,314,205,145,1961,1959,1961,1961,1483,316,206,145,1960,1955,1959,1970,1474,318,203,147,1963,1958,1956,1968,1472,306,202,142,1958,1972,1950,1964,1475,295,194,141,1982,1975,1966,1968,1476,294,188,140,0,0,0,0,0,0,0,0,0,0,0,0,0,0,0,0,0,0,0,0,0,0,0,0,0,0,0,0,0,0,0,0,0,0,0,0,0,0,0,0,0,0,0,0,0,0,0,0,0,0,0,0,0,0,0,0,0,0,0,0,0,0,0,0
2497,1987,1970,1972,1979,1487,314,202,144,1963,1964,1971,1965,1470,312,203,144,1956,1969,1965,1972,1477,321,205,145,1960,1961,1952,1962,1488,311,207,146,1961,1957,1960,1969,1483,318,204,146,1963,1951,1956,1968,1485,311,200,142,1967,1956,1957,1971,1476,297,194,142,1981,1974,1966,1962,1476,288,189,137,0,0,0,0,0,0,0,0,0,0,0,0,0,0,0,0,0,0,0,0,0,0,0,0,0,0,0,0,0,0,0,0,0,0,0,0,0,0,0,0,0,0,0,0,0,0,0,0,0,0,0,0,0,0,0,0,0,0,0,0,0,0,0,0
2498,1992,1971,1969,1984,1486,312,204,142,1974,1956,1972,1978,1486,305,204,144,1955,1960,1968,1968,1477,319,205,148,1953,1947,1964,1969,1476,316,206,145,1964,1956,1966,1972,1480,317,204,146,1959,1958,1959,1962,1481,309,201,143,1966,1962,1957,1962,1465,290,193,142,1989,1966,1965,1972,1474,295,190,139,0,0,0,0,0,0,0,0,0,0,0,0,0,0,0,0,0,0,0,0,0,0,0,0,0,0,0,0,0,0,0,0,0,0,0,0,0,0,0,0,0,0,0,0,0,0,0,0,0,0,0,0,0,0,0,0,0,0,0,0,0,0,0,0
2499,1983,1983,1972,1981,1492,315,200,143,1968,1961,1972,1976,1486,315,202,143,1962,1955,1962,1966,1480,314,205,145,1957,1960,1961,1969,1481,315,207,145,1965,1963,1961,1977,1474,318,203,146,1963,1946,1964,1969,1487,312,201,142,1959,1960,1963,1965,1473,296,193,140,1980,1975,1969,1971,1482,294,189,139,0,0,0,0,0,0,0,0,0,0,0,0,0,0,0,0,0,0,0,0,0,0,0,0,0,0,0,0,0,0,0,0,0,0,0,0,0,0,0,0,0,0,0,0,0,0,0,0,0,0,0,0,0,0,0,0,0,0,0,0,0,0,0,0
2500,1986,1970,1979,1978,1485,313,204,143,1969,1961,1965,1973,1477,311,202,143,1964,1960,1966,1969,1477,315,208,146,1954,1964,1964,1965,1480,313,208,144,1961,1959,1954,1975,1480,320,204,147,1956,1958,1964,1970,1482,309,200,143,1967,1967,1957,1969,1485,301,193,141,1971,1976,1960,1971,1472,285,190,138,0,0,0,0,0,0,0,0,0,0,0,0,0,0,0,0,0,0,0,0,0,0,0,0,0,0,0,0,0,0,0,0,0,0,0,0,0,0,0,0,0,0,0,0,0,0,0,0,0,0,0,0,0,0,0,0,0,0,0,0,0,0,0,0
2501,1980,1979,1974,1979,1483,314,202,145,1966,1968,1969,1973,1482,314,202,145,1964,1955,1961,1982,1479,313,206,146,1949,1959,1964,1957,1490,317,207,144,1962,1961,1959,1972,1477,317,204,146,1961,1955,1956,1964,1478,310,199,142,1967,1968,1959,1969,1472,293,193,142,1976,1968,1965,1970,1473,291,190,138,0,0,0,0,0,0,0,0,0,0,0,0,0,0,0,0,0,0,0,0,0,0,0,0,0,0,0,0,0,0,0,0,0,0,0,0,0,0,0,0,0,0,0,0,0,0,0,0,0,0,0,0,0,0,0,0,0,0,0,0,0,0,0,0
2502,1984,1973,1971,1969,1499,315,201,143,1968,1964,1970,1976,1479,309,204,144,1962,1963,1966,1975,1482,313,208,147,1957,1955,1961,1968,1489,316,208,145,1958,1963,1960,1964,1485,317,203,147,1961,1950,1961,1962,1472,309,200,142,1969,1963,1959,1971,1486,302,193,141,1977,1969,1970,1981,1490,293,189,139,0,0,0,0,0,0,0,0,0,0,0,0,0,0,0,0,0,0,0,0,0,0,0,0,0,0,0,0,0,0,0,0,0,0,0,0,0,0,0,0,0,0,0,0,0,0,0,0,0,0,0,0,0,0,0,0,0,0,0,0,0,0,0,0
2503,1987,1982,1975,1983,1490,312,201,143,1968,1965,1962,1977,1484,313,203,144,1962,1966,1963,1976,1485,317,204,146,1958,1951,1960,1964,1479,318,207,145,1954,1961,1956,1966,1483,312,201,147,1962,1952,1955,1968,1481,310,201,143,1964,1957,1962,1965,1477,293,194,141,1974,1969,1962,1960,1465,294,189,139,0,0,0,0,0,0,0,0,0,0,0,0,0,0,0,0,0,0,0,0,0,0,0,0,0,0,0,0,0,0,0,0,0,0,0,0,0,0,0,0,0,0,0,0,0,0,0,0,0,0,0,0,0,0,0,0,0,0,0,0,0,0,0,0
2504,1979,1965,1976,1983,1480,320,201,142,1966,1952,1969,1972,1484,312,203,144,1967,1960,1967,1970,1482,320,204,147,1959,1955,1958,1971,1491,316,206,145,1957,1958,1964,1967,1478,314,204,147,1967,1949,1965,1968,1477,311,202,142,1972,1960,1961,1969,1480,293,194,140,1975,1966,1972,1976,1475,287,189,140,0,0,0,0,0,0,0,0,0,0,0,0,0,0,0,0,0,0,0,0,0,0,0,0,0,0,0,0,0,0,0,0,0,0,0,0,0,0,0,0,0,0,0,0,0,0,0,0,0,0,0,0,0,0,0,0,0,0,0,0,0,0,0,0
2505,1980,1977,1976,1973,1480,311,201,143,1974,1970,1973,1970,1480,311,202,143,1966,1961,1968,1974,1489,315,205,145,1960,1960,1963,1968,1490,315,206,144,1960,1956,1965,1966,1481,319,203,147,1954,1954,1953,1966,1484,307,199,143,1962,1956,1963,1964,1466,294,193,141,1972,1968,1973,1971,1467,294,190,138,0,0,0,0,0,0,0,0,0,0,0,0,0,0,0,0,0,0,0,0,0,0,0,0,0,0,0,0,0,0,0,0,0,0,0,0,0,0,0,0,0,0,0,0,0,0,0,0,0,0,0,0,0,0,0,0,0,0,0,0,0,0,0,0
2506,1988,1983,1971,1978,1480,314,203,143,1970,1959,1964,1971,1477,311,206,144,1960,1968,1953,1961,1485,315,206,147,1959,1944,1963,1967,1480,316,207,145,1954,1956,1955,1966,1486,321,202,146,1961,1954,1961,1963,1478,307,200,144,1967,1957,1963,1972,1487,298,196,141,1965,1969,1965,1965,1490,292,190,138,0,0,0,0,0,0,0,0,0,0,0,0,0,0,0,0,0,0,0,0,0,0,0,0,0,0,0,0,0,0,0,0,0,0,0,0,0,0,0,0,0,0,0,0,0,0,0,0,0,0,0,0,0,0,0,0,0,0,0,0,0,0,0,0
2507,1980,1972,1969,1978,1487,314,201,143,1981,1975,1974,1971,1472,310,204,144,1958,1967,1964,1967,1476,315,206,147,1952,1954,1965,1965,1481,318,208,145,1950,1960,1961,1964,1474,317,204,146,1959,1952,1965,1960,1476,311,200,141,1958,1963,1963,1959,1476,295,195,141,1973,1976,1964,1972,1471,294,189,139,0,0,0,0,0,0,0,0,0,0,0,0,0,0,0,0,0,0,0,0,0,0,0,0,0,0,0,0,0,0,0,0,0,0,0,0,0,0,0,0,0,0,0,0,0,0,0,0,0,0,0,0,0,0,0,0,0,0,0,0,0,0,0,0
2508,1983,1988,1979,1983,1485,311,202,144,1979,1961,1969,1970,1490,311,203,144,1962,1963,1964,1973,1484,315,207,146,1962,1957,1965,1972,1483,318,207,145,1962,1953,1961,1959,1482,321,203,148,1966,1952,1959,1965,1478,308,202,142,1967,1953,1959,1970,1478,296,193,142,1972,1973,1968,1972,1477,295,190,140,0,0,0,0,0,0,0,0,0,0,0,0,0,0,0,0,0,0,0,0,0,0,0,0,0,0,0,0,0,0,0,0,0,0,0,0,0,0,0,0,0,0,0,0,0,0,0,0,0,0,0,0,0,0,0,0,0,0,0,0,0,0,0,0
2509,1986,1984,1969,1978,1478,314,201,142,1967,1965,1966,1974,1478,312,203,144,1964,1959,1961,1978,1476,316,205,146,1956,1960,1956,1961,1480,315,208,146,1957,1957,1963,1966,1474,318,204,146,1960,1958,1954,1967,1474,308,201,143,1958,1967,1956,1964,1484,292,193,142,1975,1967,1962,1976,1457,292,189,139,0,0,0,0,0,0,0,0,0,0,0,0,0,0,0,0,0,0,0,0,0,0,0,0,0,0,0,0,0,0,0,0,0,0,0,0,0,0,0,0,0,0,0,0,0,0,0,0,0,0,0,0,0,0,0,0,0,0,0,0,0,0,0,0
2510,1982,1973,1976,1995,1491,315,203,143,1966,1965,1969,1974,1470,312,203,144,1963,1950,1963,1968,1487,315,207,147,1962,1956,1970,1973,1497,320,207,145,1955,1959,1963,1962,1478,316,204,147,1959,1951,1961,1969,1486,312,201,141,1965,1960,1950,1964,1469,295,193,142,1982,1971,1973,1976,1467,295,190,139,0,0,0,0,0,0,0,0,0,0,0,0,0,0,0,0,0,0,0,0,0,0,0,0,0,0,0,0,0,0,0,0,0,0,0,0,0,0,0,0,0,0,0,0,0,0,0,0,0,0,0,0,0,0,0,0,0,0,0,0,0,0,0,0
2511,1989,1985,1976,1974,1484,314,201,143,1972,1969,1962,1971,1471,312,205,144,1973,1958,1961,1965,1489,313,205,146,1966,1966,1954,1966,1477,320,208,145,1956,1955,1956,1969,1479,316,204,145,1953,1960,1957,1971,1486,312,200,141,1967,1960,1959,1967,1470,296,193,142,1961,1963,1964,1973,1470,294,190,138,0,0,0,0,0,0,0,0,0,0,0,0,0,0,0,0,0,0,0,0,0,0,0,0,0,0,0,0,0,0,0,0,0,0,0,0,0,0,0,0,0,0,0,0,0,0,0,0,0,0,0,0,0,0,0,0,0,0,0,0,0,0,0,0
2512,1981,1989,1981,1970,1481,313,202,143,1971,1968,1974,1966,1490,310,204,144,1965,1961,1964,1973,1481,317,206,146,1956,1957,1969,1979,1483,315,207,143,1962,1957,1950,1969,1479,316,202,147,1970,1957,1951,1965,1474,309,201,143,1967,1968,1960,1970,1478,288,195,142,1966,1966,1973,1981,1469,289,188,138,0,0,0,0,0,0,0,0,0,0,0,0,0,0,0,0,0,0,0,0,0,0,0,0,0,0,0,0,0,0,0,0,0,0,0,0,0,0,0,0,0,0,0,0,0,0,0,0,0,0,0,0,0,0,0,0,0,0,0,0,0,0,0,0
2513,1987,1980,1972,1985,1489,315,203,142,1978,1965,1972,1973,1481,308,202,144,1966,1962,1966,1975,1478,321,204,147,1960,1958,1954,1961,1474,320,206,144,1954,1959,1963,1969,1482,314,204,145,1961,1953,1966,1962,1482,308,201,143,1962,1959,1959,1970,1483,294,195,141,1976,1964,1963,1968,1464,295,190,139,0,0,0,0,0,0,0,0,0,0,0,0,0,0,0,0,0,0,0,0,0,0,0,0,0,0,0,0,0,0,0,0,0,0,0,0,0,0,0,0,0,0,0,0,0,0,0,0,0,0,0,0,0,0,0,0,0,0,0,0,0,0,0,0
2514,1998,1982,1978,1984,1495,310,203,143,1967,1970,1967,1973,1476,313,203,144,1962,1955,1965,1965,1473,314,207,147,1960,1950,1958,1967,1484,317,207,145,1952,1955,1958,1966,1482,314,204,147,1962,1952,1964,1965,1473,314,202,143,1955,1963,1958,1970,1473,298,194,140,1984,1966,1967,1964,1467,287,190,139,0,0,0,0,0,0,0,0,0,0,0,0,0,0,0,0,0,0,0,0,0,0,0,0,0,0,0,0,0,0,0,0,0,0,0,0,0,0,0,0,0,0,0,0,0,0,0,0,0,0,0,0,0,0,0,0,0,0,0,0,0,0,0,0
2515,1979,1981,1978,1983,1482,316,202,143,1962,1963,1970,1970,1472,312,202,143,1965,1964,1965,1972,1481,317,206,147,1951,1954,1962,1964,1483,319,205,145,1954,1959,1966,1976,1479,315,204,146,1960,1949,1962,1971,1474,309,202,141,1960,1960,1957,1963,1482,292,193,142,1980,1974,1972,1974,1470,295,188,139,0,0,0,0,0,0,0,0,0,0,0,0,0,0,0,0,0,0,0,0,0,0,0,0,0,0,0,0,0,0,0,0,0,0,0,0,0,0,0,0,0,0,0,0,0,0,0,0,0,0,0,0,0,0,0,0,0,0,0,0,0,0,0,0
2516,1987,1978,1979,1987,1487,314,203,143,1969,1970,1971,1979,1481,313,202,144,1963,1956,1961,1973,1480,321,206,147,1966,1953,1956,1968,1486,316,208,145,1957,1955,1957,1974,1490,315,203,147,1954,1958,1953,1971,1482,309,201,141,1957,1956,1959,1968,1478,295,194,142,1979,1972,1969,1964,1475,291,190,139,0,0,0,0,0,0,0,0,0,0,0,0,0,0,0,0,0,0,0,0,0,0,0,0,0,0,0,0,0,0,0,0,0,0,0,0,0,0,0,0,0,0,0,0,0,0,0,0,0,0,0,0,0,0,0,0,0,0,0,0,0,0,0,0
2517,1989,1980,1966,1978,1497,315,203,144,1970,1960,1964,1974,1485,318,204,144,1964,1958,1959,1974,1480,317,205,147,1970,1958,1970,1969,1481,315,206,146,1951,1958,1957,1976,1477,317,202,146,1957,1955,1956,1964,1481,310,201,141,1962,1963,1969,1972,1481,296,193,140,1977,1975,1971,1975,1466,297,190,139,0,0,0,0,0,0,0,0,0,0,0,0,0,0,0,0,0,0,0,0,0,0,0,0,0,0,0,0,0,0,0,0,0,0,0,0,0,0,0,0,0,0,0,0,0,0,0,0,0,0,0,0,0,0,0,0,0,0,0,0,0,0,0,0
2518,1981,1972,1978,1980,1479,311,202,143,1967,1965,1966,1970,1483,309,203,143,1957,1958,1968,1971,1483,310,206,147,1961,1960,1968,1966,1485,320,207,146,1953,1962,1959,1973,1476,319,203,147,1961,1957,1966,1962,1484,311,202,145,1962,1963,1958,1976,1469,292,193,141,1967,1967,1966,1965,1485,288,190,139,0,0,0,0,0,0,0,0,0,0,0,0,0,0,0,0,0,0,0,0,0,0,0,0,0,0,0,0,0,0,0,0,0,0,0,0,0,0,0,0,0,0,0,0,0,0,0,0,0,0,0,0,0,0,0,0,0,0,0,0,0,0,0,0
2519,1975,1982,1974,1985,1486,310,201,144,1974,1956,1963,1971,1479,309,204,144,1957,1971,1960,1973,1483,324,206,145,1957,1963,1961,1962,1477,315,206,144,1949,1960,1958,1967,1478,318,202,146,1961,1959,1959,1961,1476,310,200,143,1961,1953,1958,1966,1484,292,193,142,1977,1969,1962,1972,1460,290,190,140,0,0,0,0,0,0,0,0,0,0,0,0,0,0,0,0,0,0,0,0,0,0,0,0,0,0,0,0,0,0,0,0,0,0,0,0,0,0,0,0,0,0,0,0,0,0,0,0,0,0,0,0,0,0,0,0,0,0,0,0,0,0,0,0
2520,1982,1985,1972,1987,1491,315,203,144,1970,1966,1965,1967,1479,310,204,144,1965,1958,1969,1975,1488,323,203,146,1958,1949,1952,1972,1491,317,207,145,1961,1958,1958,1966,1486,316,202,146,1960,1959,1963,1971,1481,310,201,144,1967,1960,1954,1968,1466,294,193,142,1976,1965,1970,1969,1478,294,190,138,0,0,0,0,0,0,0,0,0,0,0,0,0,0,0,0,0,0,0,0,0,0,0,0,0,0,0,0,0,0,0,0,0,0,0,0,0,0,0,0,0,0,0,0,0,0,0,0,0,0,0,0,0,0,0,0,0,0,0,0,0,0,0,0
2521,1983,1981,1973,1985,1478,314,201,143,1969,1968,1966,1971,1475,306,202,143,1962,1960,1964,1966,1476,310,205,146,1959,1963,1966,1964,1486,321,204,143,1951,1947,1961,1972,1480,314,203,145,1963,1960,1957,1960,1475,307,200,141,1970,1964,1960,1966,1473,296,193,140,1969,1964,1967,1960,1478,293,189,138,0,0,0,0,0,0,0,0,0,0,0,0,0,0,0,0,0,0,0,0,0,0,0,0,0,0,0,0,0,0,0,0,0,0,0,0,0,0,0,0,0,0,0,0,0,0,0,0,0,0,0,0,0,0,0,0,0,0,0,0,0,0,0,0
2522,1992,1973,1973,1984,1478,319,203,144,1967,1970,1961,1971,1471,307,203,144,1961,1959,1971,1983,1480,314,206,147,1959,1955,1968,1964,1482,316,207,145,1961,1961,1965,1966,1480,318,203,147,1962,1955,1961,1964,1470,312,200,143,1970,1958,1961,1969,1476,293,194,142,1990,1975,1964,1976,1483,298,189,138,0,0,0,0,0,0,0,0,0,0,0,0,0,0,0,0,0,0,0,0,0,0,0,0,0,0,0,0,0,0,0,0,0,0,0,0,0,0,0,0,0,0,0,0,0,0,0,0,0,0,0,0,0,0,0,0,0,0,0,0,0,0,0,0
2523,1983,1974,1974,1985,1483,311,201,144,1978,1959,1974,1974,1482,313,203,143,1957,1953,1959,1963,1485,313,206,146,1959,1955,1969,1970,1483,316,207,145,1955,1952,1958,1970,1461,317,204,147,1956,1955,1959,1965,1477,309,199,141,1967,1972,1964,1964,1475,291,193,140,1975,1974,1974,1971,1474,290,189,138,0,0,0,0,0,0,0,0,0,0,0,0,0,0,0,0,0,0,0,0,0,0,0,0,0,0,0,0,0,0,0,0,0,0,0,0,0,0,0,0,0,0,0,0,0,0,0,0,0,0,0,0,0,0,0,0,0,0,0,0,0,0,0,0
2524,1979,1975,1967,1977,1493,312,201,144,1978,1963,1967,1979,1483,311,202,143,1973,1959,1962,1969,1479,318,206,145,1958,1956,1961,1966,1472,319,208,146,1957,1952,1959,1971,1473,317,202,146,1953,1963,1962,1964,1474,308,201,142,1968,1967,1960,1961,1481,299,193,142,1975,1974,1970,1969,1462,296,190,139,0,0,0,0,0,0,0,0,0,0,0,0,0,0,0,0,0,0,0,0,0,0,0,0,0,0,0,0,0,0,0,0,0,0,0,0,0,0,0,0,0,0,0,0,0,0,0,0,0,0,0,0,0,0,0,0,0,0,0,0,0,0,0,0
2525,1978,1982,1967,1976,1487,315,201,144,1957,1954,1966,1973,1481,314,201,144,1964,1953,1972,1972,1487,318,204,146,1956,1954,1957,1974,1485,318,206,144,1950,1957,1959,1960,1475,319,204,146,1967,1948,1960,1968,1481,315,200,142,1959,1961,1966,1967,1471,293,194,141,1980,1972,1970,1978,1476,289,190,138,0,0,0,0,0,0,0,0,0,0,0,0,0,0,0,0,0,0,0,0,0,0,0,0,0,0,0,0,0,0,0,0,0,0,0,0,0,0,0,0,0,0,0,0,0,0,0,0,0,0,0,0,0,0,0,0,0,0,0,0,0,0,0,0
2526,1982,1989,1973,1978,1494,318,200,145,1962,1964,1974,1975,1486,309,203,143,1961,1965,1963,1977,1483,314,206,147,1958,1957,1969,1975,1482,313,206,146,1951,1953,1963,1968,1483,317,204,148,1962,1962,1962,1968,1477,311,201,141,1968,1956,1964,1962,1478,292,193,141,1973,1965,1968,1976,1481,294,190,139,0,0,0,0,0,0,0,0,0,0,0,0,0,0,0,0,0,0,0,0,0,0,0,0,0,0,0,0,0,0,0,0,0,0,0,0,0,0,0,0,0,0,0,0,0,0,0,0,0,0,0,0,0,0,0,0,0,0,0,0,0,0,0,0
2527,1984,1977,1982,1983,1481,314,200,144,1966,1960,1963,1972,1488,313,203,144,1959,1953,1962,1975,1477,317,205,145,1954,1956,1969,1964,1484,316,207,145,1955,1962,1957,1962,1473,312,203,147,1958,1951,1965,1965,1471,312,201,142,1971,1967,1945,1975,1480,290,193,141,1974,1968,1977,1978,1472,290,189,139,0,0,0,0,0,0,0,0,0,0,0,0,0,0,0,0,0,0,0,0,0,0,0,0,0,0,0,0,0,0,0,0,0,0,0,0,0,0,0,0,0,0,0,0,0,0,0,0,0,0,0,0,0,0,0,0,0,0,0,0,0,0,0,0
2528,1989,1975,1971,1984,1486,317,202,144,1967,1966,1972,1967,1482,311,205,144,1963,1965,1965,1969,1486,313,205,146,1963,1961,1958,1978,1484,317,208,146,1960,1952,1960,1962,1476,318,203,146,1964,1953,1960,1967,1483,306,200,143,1969,1956,1959,1973,1474,290,194,140,1981,1968,1971,1963,1473,294,189,139,0,0,0,0,0,0,0,0,0,0,0,0,0,0,0,0,0,0,0,0,0,0,0,0,0,0,0,0,0,0,0,0,0,0,0,0,0,0,0,0,0,0,0,0,0,0,0,0,0,0,0,0,0,0,0,0,0,0,0,0,0,0,0,0
2529,1979,1970,1970,1979,1482,321,202,143,1975,1961,1971,1968,1483,307,203,144,1957,1958,1963,1971,1479,316,204,145,1955,1949,1959,1971,1483,313,206,145,1949,1955,1962,1969,1484,317,202,147,1958,1954,1956,1960,1489,308,200,143,1958,1962,1948,1969,1478,290,195,141,1978,1976,1968,1970,1476,293,190,137,0,0,0,0,0,0,0,0,0,0,0,0,0,0,0,0,0,0,0,0,0,0,0,0,0,0,0,0,0,0,0,0,0,0,0,0,0,0,0,0,0,0,0,0,0,0,0,0,0,0,0,0,0,0,0,0,0,0,0,0,0,0,0,0
2530,1984,1981,1972,1974,1489,312,199,143,1972,1956,1975,1981,1484,310,203,145,1957,1957,1962,1970,1481,315,205,146,1964,1957,1963,1972,1481,314,208,146,1956,1959,1964,1970,1472,319,204,147,1961,1946,1955,1966,1477,311,201,143,1962,1956,1962,1962,1470,297,194,142,1986,1970,1968,1969,1463,296,189,137,0,0,0,0,0,0,0,0,0,0,0,0,0,0,0,0,0,0,0,0,0,0,0,0,0,0,0,0,0,0,0,0,0,0,0,0,0,0,0,0,0,0,0,0,0,0,0,0,0,0,0,0,0,0,0,0,0,0,0,0,0,0,0,0
2531,1992,1974,1972,1973,1482,316,200,143,1972,1967,1970,1969,1481,310,202,144,1957,1956,1963,1971,1482,309,206,145,1956,1966,1957,1969,1479,314,207,145,1957,1958,1953,1972,1478,318,204,147,1961,1953,1953,1965,1470,314,202,142,1959,1950,1958,1962,1468,293,193,140,1967,1982,1969,1968,1471,295,189,137,0,0,0,0,0,0,0,0,0,0,0,0,0,0,0,0,0,0,0,0,0,0,0,0,0,0,0,0,0,0,0,0,0,0,0,0,0,0,0,0,0,0,0,0,0,0,0,0,0,0,0,0,0,0,0,0,0,0,0,0,0,0,0,0
2532,1986,1984,1969,1985,1490,315,202,144,1978,1964,1969,1978,1482,312,204,143,1959,1954,1959,1977,1480,316,207,146,1960,1959,1969,1973,1486,315,207,145,1965,1964,1960,1970,1485,316,203,146,1967,1956,1967,1964,1475,312,200,141,1972,1961,1955,1968,1479,289,192,142,1973,1968,1959,1980,1472,291,189,138,0,0,0,0,0,0,0,0,0,0,0,0,0,0,0,0,0,0,0,0,0,0,0,0,0,0,0,0,0,0,0,0,0,0,0,0,0,0,0,0,0,0,0,0,0,0,0,0,0,0,0,0,0,0,0,0,0,0,0,0,0,0,0,0
2533,1977,1988,1973,1981,1478,316,201,144,1971,1960,1967,1981,1481,311,203,142,1958,1968,1959,1971,1476,314,204,147,1954,1954,1961,1971,1487,321,207,145,1959,1955,1956,1965,1476,316,203,146,1956,1953,1960,1962,1475,307,201,143,1969,1959,1960,1972,1475,288,194,139,1980,1963,1973,1972,1467,293,189,139,0,0,0,0,0,0,0,0,0,0,0,0,0,0,0,0,0,0,0,0,0,0,0,0,0,0,0,0,0,0,0,0,0,0,0,0,0,0,0,0,0,0,0,0,0,0,0,0,0,0,0,0,0,0,0,0,0,0,0,0,0,0,0,0
2534,1983,1977,1968,1979,1487,314,200,142,1973,1967,1969,1974,1491,313,203,144,1968,1957,1967,1969,1480,315,207,146,1960,1949,1963,1968,1496,311,208,144,1955,1958,1957,1968,1493,320,205,146,1964,1948,1961,1966,1480,309,203,145,1965,1966,1965,1968,1476,292,194,142,1967,1977,1962,1971,1487,295,191,138,0,0,0,0,0,0,0,0,0,0,0,0,0,0,0,0,0,0,0,0,0,0,0,0,0,0,0,0,0,0,0,0,0,0,0,0,0,0,0,0,0,0,0,0,0,0,0,0,0,0,0,0,0,0,0,0,0,0,0,0,0,0,0,0
2535,1980,1974,1978,1981,1484,312,202,143,1971,1969,1966,1975,1474,308,203,143,1960,1956,1965,1969,1487,314,205,147,1959,1956,1962,1961,1492,316,206,146,1948,1956,1952,1961,1481,313,202,147,1960,1958,1965,1962,1476,312,201,141,1967,1963,1964,1963,1483,291,194,141,1963,1964,1958,1968,1480,293,189,138,0,0,0,0,0,0,0,0,0,0,0,0,0,0,0,0,0,0,0,0,0,0,0,0,0,0,0,0,0,0,0,0,0,0,0,0,0,0,0,0,0,0,0,0,0,0,0,0,0,0,0,0,0,0,0,0,0,0,0,0,0,0,0,0
2536,1981,1971,1976,1980,1478,313,201,144,1971,1962,1970,1972,1480,313,204,144,1963,1956,1964,1972,1488,315,205,146,1961,1957,1969,1975,1496,320,209,146,1960,1956,1963,1967,1486,320,203,147,1960,1953,1958,1974,1484,310,202,141,1964,1963,1963,1964,1479,291,195,141,1969,1969,1969,1971,1479,295,190,139,0,0,0,0,0,0,0,0,0,0,0,0,0,0,0,0,0,0,0,0,0,0,0,0,0,0,0,0,0,0,0,0,0,0,0,0,0,0,0,0,0,0,0,0,0,0,0,0,0,0,0,0,0,0,0,0,0,0,0,0,0,0,0,0
2537,1980,1973,1970,1983,1486,316,202,144,1969,1958,1970,1980,1477,313,203,145,1965,1956,1965,1972,1484,316,207,146,1959,1960,1966,1970,1482,311,208,145,1958,1962,1955,1971,1484,323,202,147,1966,1956,1959,1965,1478,312,200,142,1963,1967,1963,1969,1480,288,194,141,1979,1972,1959,1964,1485,293,190,138,0,0,0,0,0,0,0,0,0,0,0,0,0,0,0,0,0,0,0,0,0,0,0,0,0,0,0,0,0,0,0,0,0,0,0,0,0,0,0,0,0,0,0,0,0,0,0,0,0,0,0,0,0,0,0,0,0,0,0,0,0,0,0,0
2538,1985,1978,1976,1984,1487,314,203,143,1978,1962,1968,1977,1480,311,203,144,1961,1965,1963,1976,1490,313,205,147,1960,1957,1966,1969,1481,319,208,145,1963,1960,1964,1968,1489,321,201,146,1954,1958,1970,1966,1474,310,201,142,1955,1969,1957,1966,1473,291,194,141,1967,1972,1961,1966,1480,294,188,138,0,0,0,0,0,0,0,0,0,0,0,0,0,0,0,0,0,0,0,0,0,0,0,0,0,0,0,0,0,0,0,0,0,0,0,0,0,0,0,0,0,0,0,0,0,0,0,0,0,0,0,0,0,0,0,0,0,0,0,0,0,0,0,0
2539,1984,1986,1979,1979,1487,317,201,142,1972,1960,1972,1970,1491,308,204,143,1959,1962,1962,1969,1484,324,204,145,1957,1961,1955,1968,1489,317,206,145,1955,1952,1955,1967,1480,316,202,146,1968,1961,1963,1971,1478,307,201,143,1965,1964,1962,1966,1471,291,194,141,1976,1965,1969,1973,1475,294,189,139,0,0,0,0,0,0,0,0,0,0,0,0,0,0,0,0,0,0,0,0,0,0,0,0,0,0,0,0,0,0,0,0,0,0,0,0,0,0,0,0,0,0,0,0,0,0,0,0,0,0,0,0,0,0,0,0,0,0,0,0,0,0,0,0
2540,1987,1975,1981,1971,1480,320,203,144,1971,1966,1970,1964,1485,314,204,144,1966,1956,1968,1971,1481,316,203,147,1953,1963,1971,1968,1480,316,208,145,1962,1955,1956,1973,1487,318,204,147,1951,1959,1957,1967,1481,302,200,141,1985,1979,1961,1968,1469,293,195,142,1977,1969,1962,1966,1470,293,189,139,0,0,0,0,0,0,0,0,0,0,0,0,0,0,0,0,0,0,0,0,0,0,0,0,0,0,0,0,0,0,0,0,0,0,0,0,0,0,0,0,0,0,0,0,0,0,0,0,0,0,0,0,0,0,0,0,0,0,0,0,0,0,0,0
2541,1979,1992,1975,1972,1482,313,201,144,1966,1953,1972,1970,1483,311,201,144,1961,1962,1978,1972,1484,311,205,146,1954,1957,1954,1972,1475,316,207,144,1962,1956,1967,1968,1478,315,204,147,1959,1950,1961,1972,1476,306,200,141,1956,1961,1955,1967,1487,290,193,140,1976,1974,1954,1972,1470,286,190,138,0,0,0,0,0,0,0,0,0,0,0,0,0,0,0,0,0,0,0,0,0,0,0,0,0,0,0,0,0,0,0,0,0,0,0,0,0,0,0,0,0,0,0,0,0,0,0,0,0,0,0,0,0,0,0,0,0,0,0,0,0,0,0,0
2542,1979,1985,1969,1981,1485,317,204,144,1966,1956,1972,1964,1485,312,204,145,1971,1956,1959,1971,1470,318,206,146,1963,1957,1965,1966,1476,317,209,145,1962,1963,1964,1960,1490,315,204,147,1956,1952,1958,1964,1476,307,200,144,1958,1967,1954,1962,1469,298,192,141,1981,1969,1964,1979,1479,294,189,138,0,0,0,0,0,0,0,0,0,0,0,0,0,0,0,0,0,0,0,0,0,0,0,0,0,0,0,0,0,0,0,0,0,0,0,0,0,0,0,0,0,0,0,0,0,0,0,0,0,0,0,0,0,0,0,0,0,0,0,0,0,0,0,0
2543,1982,1979,1974,1967,1485,315,201,142,1972,1964,1971,1972,1480,310,202,144,1958,1967,1961,1965,1482,312,206,145,1951,1954,1963,1971,1478,317,206,144,1954,1963,1957,1972,1485,320,203,146,1962,1961,1961,1968,1477,311,200,141,1960,1953,1962,1966,1483,291,193,142,1989,1970,1970,1971,1475,294,188,139,0,0,0,0,0,0,0,0,0,0,0,0,0,0,0,0,0,0,0,0,0,0,0,0,0,0,0,0,0,0,0,0,0,0,0,0,0,0,0,0,0,0,0,0,0,0,0,0,0,0,0,0,0,0,0,0,0,0,0,0,0,0,0,0
2544,1984,1984,1979,1979,1486,322,204,143,1974,1966,1973,1980,1482,306,203,144,1963,1967,1976,1983,1493,317,206,146,1964,1956,1960,1965,1487,317,208,145,1956,1967,1962,1972,1482,315,203,147,1964,1957,1960,1952,1479,306,201,143,1969,1959,1954,1962,1468,292,194,141,1977,1962,1965,1968,1473,290,188,137,0,0,0,0,0,0,0,0,0,0,0,0,0,0,0,0,0,0,0,0,0,0,0,0,0,0,0,0,0,0,0,0,0,0,0,0,0,0,0,0,0,0,0,0,0,0,0,0,0,0,0,0,0,0,0,0,0,0,0,0,0,0,0,0
2545,1977,1975,1982,1990,1481,315,202,144,1970,1964,1971,1964,1485,310,203,144,1957,1949,1967,1973,1480,313,206,147,1950,1953,1963,1965,1477,314,208,145,1960,1965,1953,1970,1476,321,204,145,1958,1955,1958,1969,1488,310,201,142,1960,1962,1954,1976,1468,293,193,141,1972,1970,1964,1972,1482,290,189,139,0,0,0,0,0,0,0,0,0,0,0,0,0,0,0,0,0,0,0,0,0,0,0,0,0,0,0,0,0,0,0,0,0,0,0,0,0,0,0,0,0,0,0,0,0,0,0,0,0,0,0,0,0,0,0,0,0,0,0,0,0,0,0,0
2546,1987,1975,1974,1976,1490,317,202,144,1976,1969,1970,1976,1477,316,203,144,1961,1961,1968,1980,1486,309,207,147,1960,1958,1966,1968,1494,315,206,146,1955,1954,1957,1973,1480,318,204,145,1954,1956,1964,1972,1498,312,201,141,1968,1967,1958,1971,1484,294,195,141,1981,1963,1958,1983,1476,292,189,138,0,0,0,0,0,0,0,0,0,0,0,0,0,0,0,0,0,0,0,0,0,0,0,0,0,0,0,0,0,0,0,0,0,0,0,0,0,0,0,0,0,0,0,0,0,0,0,0,0,0,0,0,0,0,0,0,0,0,0,0,0,0,0,0
2547,1988,1987,1980,1984,1492,318,200,142,1968,1965,1967,1976,1471,308,202,143,1963,1964,1967,1979,1475,314,206,147,1958,1956,1960,1965,1486,317,209,145,1959,1955,1957,1968,1486,318,205,147,1962,1958,1961,1969,1476,308,201,141,1965,1957,1965,1965,1470,300,192,140,1980,1969,1960,1972,1465,296,190,137,0,0,0,0,0,0,0,0,0,0,0,0,0,0,0,0,0,0,0,0,0,0,0,0,0,0,0,0,0,0,0,0,0,0,0,0,0,0,0,0,0,0,0,0,0,0,0,0,0,0,0,0,0,0,0,0,0,0,0,0,0,0,0,0
2548,1997,1976,1971,1974,1487,315,199,144,1972,1967,1969,1973,1486,311,204,145,1968,1962,1971,1976,1484,311,205,146,1961,1964,1966,1964,1486,317,209,146,1963,1953,1959,1963,1490,312,203,147,1956,1959,1957,1969,1481,313,201,142,1962,1953,1962,1960,1473,298,194,142,1980,1970,1977,1975,1474,289,191,139,0,0,0,0,0,0,0,0,0,0,0,0,0,0,0,0,0,0,0,0,0,0,0,0,0,0,0,0,0,0,0,0,0,0,0,0,0,0,0,0,0,0,0,0,0,0,0,0,0,0,0,0,0,0,0,0,0,0,0,0,0,0,0,0
2549,1987,1972,1973,1986,1484,314,200,142,1969,1964,1970,1967,1486,313,204,144,1965,1957,1968,1972,1484,314,206,145,1961,1956,1961,1959,1484,313,208,146,1960,1958,1961,1966,1481,320,204,146,1961,1952,1959,1967,1472,304,202,141,1969,1957,1965,1969,1475,289,192,141,1974,1969,1966,1974,1471,290,190,138,0,0,0,0,0,0,0,0,0,0,0,0,0,0,0,0,0,0,0,0,0,0,0,0,0,0,0,0,0,0,0,0,0,0,0,0,0,0,0,0,0,0,0,0,0,0,0,0,0,0,0,0,0,0,0,0,0,0,0,0,0,0,0,0
2550,1984,1981,1966,1982,1480,319,202,144,1969,1962,1959,1971,1478,312,204,144,1967,1965,1966,1973,1482,314,208,147,1961,1960,1966,1969,1486,318,206,145,1962,1959,1953,1970,1479,314,205,146,1958,1962,1962,1969,1491,310,202,142,1964,1967,1966,1962,1480,292,194,142,1972,1970,1963,1966,1477,291,189,139,0,0,0,0,0,0,0,0,0,0,0,0,0,0,0,0,0,0,0,0,0,0,0,0,0,0,0,0,0,0,0,0,0,0,0,0,0,0,0,0,0,0,0,0,0,0,0,0,0,0,0,0,0,0,0,0,0,0,0,0,0,0,0,0
2551,1984,1982,1973,1982,1489,315,203,143,1965,1972,1963,1969,1481,309,204,143,1959,1958,1965,1965,1472,312,203,147,1957,1954,1968,1971,1483,313,205,145,1957,1961,1957,1972,1479,315,204,146,1966,1963,1957,1960,1483,307,201,141,1962,1955,1945,1967,1465,291,194,140,1976,1963,1966,1967,1481,291,189,138,0,0,0,0,0,0,0,0,0,0,0,0,0,0,0,0,0,0,0,0,0,0,0,0,0,0,0,0,0,0,0,0,0,0,0,0,0,0,0,0,0,0,0,0,0,0,0,0,0,0,0,0,0,0,0,0,0,0,0,0,0,0,0,0
2552,1989,1975,1976,1982,1501,314,202,143,1952,1968,1969,1976,1488,313,202,145,1966,1956,1966,1978,1482,314,205,147,1952,1962,1968,1965,1480,315,208,145,1958,1960,1960,1981,1484,320,203,146,1954,1953,1969,1970,1476,310,201,144,1967,1966,1960,1968,1477,297,193,142,1979,1971,1969,1976,1469,294,190,139,0,0,0,0,0,0,0,0,0,0,0,0,0,0,0,0,0,0,0,0,0,0,0,0,0,0,0,0,0,0,0,0,0,0,0,0,0,0,0,0,0,0,0,0,0,0,0,0,0,0,0,0,0,0,0,0,0,0,0,0,0,0,0,0
2553,1972,1980,1972,1978,1477,322,201,143,1971,1966,1961,1969,1476,312,202,144,1961,1963,1957,1975,1485,316,206,146,1965,1960,1964,1969,1481,318,208,145,1962,1959,1954,1972,1473,320,203,147,1958,1960,1956,1963,1476,310,199,142,1959,1966,1958,1960,1469,294,192,140,1969,1963,1962,1968,1474,295,190,140,0,0,0,0,0,0,0,0,0,0,0,0,0,0,0,0,0,0,0,0,0,0,0,0,0,0,0,0,0,0,0,0,0,0,0,0,0,0,0,0,0,0,0,0,0,0,0,0,0,0,0,0,0,0,0,0,0,0,0,0,0,0,0,0
2554,1983,1978,1979,1978,1476,315,198,144,1969,1969,1969,1965,1484,311,204,143,1967,1954,1974,1970,1482,314,207,145,1956,1960,1969,1966,1483,321,207,145,1958,1956,1958,1966,1476,318,205,146,1958,1959,1961,1970,1484,312,200,142,1968,1957,1954,1961,1479,297,193,140,1978,1969,1975,1975,1474,295,188,139,0,0,0,0,0,0,0,0,0,0,0,0,0,0,0,0,0,0,0,0,0,0,0,0,0,0,0,0,0,0,0,0,0,0,0,0,0,0,0,0,0,0,0,0,0,0,0,0,0,0,0,0,0,0,0,0,0,0,0,0,0,0,0,0
2555,1977,1976,1978,1992,1490,314,201,143,1966,1967,1964,1971,1482,313,203,144,1962,1952,1961,1978,1472,318,208,146,1958,1962,1965,1962,1478,314,209,144,1956,1955,1957,1971,1478,316,204,146,1957,1952,1960,1967,1482,312,200,143,1962,1957,1964,1974,1478,290,193,141,1978,1965,1970,1967,1493,291,189,138,0,0,0,0,0,0,0,0,0,0,0,0,0,0,0,0,0,0,0,0,0,0,0,0,0,0,0,0,0,0,0,0,0,0,0,0,0,0,0,0,0,0,0,0,0,0,0,0,0,0,0,0,0,0,0,0,0,0,0,0,0,0,0,0
2556,1975,1983,1975,1983,1485,313,200,143,1965,1969,1968,1965,1484,313,201,144,1960,1965,1957,1969,1482,318,205,147,1962,1958,1966,1964,1478,314,205,146,1956,1965,1960,1972,1478,324,203,147,1956,1954,1957,1967,1473,312,199,143,1968,1954,1962,1966,1466,290,193,139,1972,1979,1969,1977,1477,291,189,138,0,0,0,0,0,0,0,0,0,0,0,0,0,0,0,0,0,0,0,0,0,0,0,0,0,0,0,0,0,0,0,0,0,0,0,0,0,0,0,0,0,0,0,0,0,0,0,0,0,0,0,0,0,0,0,0,0,0,0,0,0,0,0,0
2557,1981,1977,1977,1989,1480,316,201,143,1963,1964,1970,1975,1483,310,204,144,1956,1959,1971,1974,1478,319,205,146,1949,1954,1955,1974,1476,320,209,144,1955,1955,1957,1970,1478,319,203,146,1954,1952,1966,1968,1476,309,199,141,1969,1970,1957,1961,1472,288,193,141,1976,1973,1965,1977,1480,292,188,138,0,0,0,0,0,0,0,0,0,0,0,0,0,0,0,0,0,0,0,0,0,0,0,0,0,0,0,0,0,0,0,0,0,0,0,0,0,0,0,0,0,0,0,0,0,0,0,0,0,0,0,0,0,0,0,0,0,0,0,0,0,0,0,0
2558,1981,1967,1979,1982,1482,318,202,145,1968,1964,1973,1970,1473,306,204,144,1963,1957,1970,1974,1478,308,205,146,1962,1953,1967,1976,1492,315,209,144,1962,1958,1957,1969,1485,314,204,146,1957,1958,1964,1966,1484,311,201,143,1964,1962,1968,1973,1480,291,194,141,1978,1971,1972,1974,1471,289,189,139,0,0,0,0,0,0,0,0,0,0,0,0,0,0,0,0,0,0,0,0,0,0,0,0,0,0,0,0,0,0,0,0,0,0,0,0,0,0,0,0,0,0,0,0,0,0,0,0,0,0,0,0,0,0,0,0,0,0,0,0,0,0,0,0
2559,1985,1971,1972,1979,1484,312,202,143,1964,1959,1966,1971,1475,306,204,144,1957,1957,1965,1976,1478,319,206,146,1958,1947,1960,1973,1479,318,206,145,1955,1956,1962,1968,1480,320,203,146,1972,1958,1962,1965,1473,306,200,142,1965,1958,1958,1966,1471,297,193,142,1985,1968,1967,1973,1476,291,188,139,0,0,0,0,0,0,0,0,0,0,0,0,0,0,0,0,0,0,0,0,0,0,0,0,0,0,0,0,0,0,0,0,0,0,0,0,0,0,0,0,0,0,0,0,0,0,0,0,0,0,0,0,0,0,0,0,0,0,0,0,0,0,0,0
2560,1988,1978,1981,1986,1487,319,200,142,1972,1958,1969,1973,1478,312,203,144,1965,1968,1976,1977,1491,318,206,146,1957,1959,1971,1967,1484,320,208,146,1962,1961,1961,1960,1482,322,205,146,1960,1954,1951,1965,1495,313,201,144,1962,1967,1965,1967,1474,292,193,141,1964,1973,1970,1966,1481,296,187,138,0,0,0,0,0,0,0,0,0,0,0,0,0,0,0,0,0,0,0,0,0,0,0,0,0,0,0,0,0,0,0,0,0,0,0,0,0,0,0,0,0,0,0,0,0,0,0,0,0,0,0,0,0,0,0,0,0,0,0,0,0,0,0,0
2561,1974,1976,1975,1972,1485,318,200,143,1969,1963,1961,1965,1482,313,203,144,1963,1966,1967,1974,1482,313,204,145,1959,1953,1966,1959,1479,316,207,145,1950,1953,1960,1970,1484,313,204,146,1959,1953,1954,1964,1478,314,201,142,1968,1969,1966,1959,1478,289,193,142,1975,1963,1971,1962,1480,289,189,140,0,0,0,0,0,0,0,0,0,0,0,0,0,0,0,0,0,0,0,0,0,0,0,0,0,0,0,0,0,0,0,0,0,0,0,0,0,0,0,0,0,0,0,0,0,0,0,0,0,0,0,0,0,0,0,0,0,0,0,0,0,0,0,0
2562,1999,1989,1984,1990,1496,315,202,145,1968,1963,1966,1972,1479,312,204,144,1965,1953,1962,1967,1483,312,207,146,1954,1953,1963,1963,1483,322,207,145,1963,1961,1962,1965,1490,313,204,147,1959,1950,1957,1968,1481,309,201,143,1962,1972,1959,1971,1475,290,195,140,1968,1972,1966,1966,1461,294,189,139,0,0,0,0,0,0,0,0,0,0,0,0,0,0,0,0,0,0,0,0,0,0,0,0,0,0,0,0,0,0,0,0,0,0,0,0,0,0,0,0,0,0,0,0,0,0,0,0,0,0,0,0,0,0,0,0,0,0,0,0,0,0,0,0
2563,1986,1973,1971,1987,1483,315,202,143,1976,1961,1970,1973,1474,314,203,144,1954,1961,1959,1977,1479,317,206,147,1954,1956,1955,1972,1484,321,207,145,1958,1950,1956,1973,1484,313,203,145,1966,1951,1961,1965,1474,313,200,142,1968,1959,1952,1962,1474,293,195,140,1979,1972,1969,1969,1467,293,191,139,0,0,0,0,0,0,0,0,0,0,0,0,0,0,0,0,0,0,0,0,0,0,0,0,0,0,0,0,0,0,0,0,0,0,0,0,0,0,0,0,0,0,0,0,0,0,0,0,0,0,0,0,0,0,0,0,0,0,0,0,0,0,0,0
2564,1989,1979,1979,1975,1490,316,200,143,1966,1967,1974,1972,1468,307,203,145,1959,1954,1965,1974,1485,319,205,146,1965,1959,1962,1967,1475,316,209,145,1956,1958,1963,1978,1479,318,204,145,1957,1946,1957,1969,1479,308,201,144,1966,1965,1964,1965,1466,291,193,140,1973,1972,1973,1972,1483,292,192,138,0,0,0,0,0,0,0,0,0,0,0,0,0,0,0,0,0,0,0,0,0,0,0,0,0,0,0,0,0,0,0,0,0,0,0,0,0,0,0,0,0,0,0,0,0,0,0,0,0,0,0,0,0,0,0,0,0,0,0,0,0,0,0,0
2565,1974,1990,1976,1972,1486,316,202,144,1969,1963,1973,1974,1477,308,202,144,1965,1963,1969,1973,1477,318,206,147,1954,1947,1965,1968,1480,319,207,145,1958,1953,1961,1969,1481,313,203,146,1957,1959,1962,1965,1482,309,201,144,1971,1961,1959,1970,1482,293,193,140,1982,1970,1968,1977,1469,289,189,138,0,0,0,0,0,0,0,0,0,0,0,0,0,0,0,0,0,0,0,0,0,0,0,0,0,0,0,0,0,0,0,0,0,0,0,0,0,0,0,0,0,0,0,0,0,0,0,0,0,0,0,0,0,0,0,0,0,0,0,0,0,0,0,0
2566,1987,1972,1977,1986,1490,312,201,144,1972,1967,1972,1973,1479,312,203,144,1962,1965,1967,1975,1483,321,204,147,1957,1968,1957,1963,1479,319,207,144,1953,1956,1961,1973,1483,319,203,145,1957,1962,1957,1966,1489,307,200,143,1968,1967,1962,1964,1458,291,194,140,1964,1966,1962,1965,1469,296,189,137,0,0,0,0,0,0,0,0,0,0,0,0,0,0,0,0,0,0,0,0,0,0,0,0,0,0,0,0,0,0,0,0,0,0,0,0,0,0,0,0,0,0,0,0,0,0,0,0,0,0,0,0,0,0,0,0,0,0,0,0,0,0,0,0
2567,1983,1978,1972,1988,1484,319,200,142,1973,1966,1970,1972,1479,307,203,144,1958,1961,1956,1972,1474,308,206,145,1964,1957,1963,1968,1483,318,207,144,1956,1958,1961,1970,1480,317,204,146,1967,1949,1963,1963,1476,311,199,143,1962,1955,1968,1967,1475,289,194,140,1977,1961,1970,1969,1474,291,190,139,0,0,0,0,0,0,0,0,0,0,0,0,0,0,0,0,0,0,0,0,0,0,0,0,0,0,0,0,0,0,0,0,0,0,0,0,0,0,0,0,0,0,0,0,0,0,0,0,0,0,0,0,0,0,0,0,0,0,0,0,0,0,0,0
2568,1977,1976,1966,1989,1489,319,200,143,1970,1957,1963,1973,1486,306,205,144,1960,1957,1961,1970,1476,313,208,148,1958,1957,1960,1973,1492,315,206,145,1962,1961,1957,1963,1481,317,204,147,1956,1958,1961,1974,1481,312,202,142,1968,1958,1953,1968,1484,291,194,142,1975,1973,1966,1973,1477,294,190,138,0,0,0,0,0,0,0,0,0,0,0,0,0,0,0,0,0,0,0,0,0,0,0,0,0,0,0,0,0,0,0,0,0,0,0,0,0,0,0,0,0,0,0,0,0,0,0,0,0,0,0,0,0,0,0,0,0,0,0,0,0,0,0,0
2569,1987,1974,1968,1985,1483,316,203,143,1977,1956,1968,1970,1483,313,203,144,1965,1959,1958,1969,1476,315,205,145,1950,1950,1963,1971,1485,318,207,145,1954,1956,1957,1971,1480,315,203,146,1953,1949,1957,1962,1474,314,201,142,1956,1955,1958,1968,1480,294,194,141,1982,1963,1970,1969,1467,293,189,139,0,0,0,0,0,0,0,0,0,0,0,0,0,0,0,0,0,0,0,0,0,0,0,0,0,0,0,0,0,0,0,0,0,0,0,0,0,0,0,0,0,0,0,0,0,0,0,0,0,0,0,0,0,0,0,0,0,0,0,0,0,0,0,0
2570,1986,1985,1977,1975,1493,317,203,144,1974,1964,1971,1976,1476,311,203,144,1967,1959,1971,1977,1472,314,206,146,1967,1941,1964,1967,1484,323,207,146,1960,1966,1968,1967,1477,313,205,148,1957,1959,1959,1971,1485,308,201,141,1964,1960,1965,1976,1478,295,193,142,1975,1970,1962,1977,1469,295,189,136,0,0,0,0,0,0,0,0,0,0,0,0,0,0,0,0,0,0,0,0,0,0,0,0,0,0,0,0,0,0,0,0,0,0,0,0,0,0,0,0,0,0,0,0,0,0,0,0,0,0,0,0,0,0,0,0,0,0,0,0,0,0,0,0
2571,1981,1980,1980,1981,1487,315,200,143,1968,1961,1969,1967,1477,313,204,144,1957,1959,1965,1978,1488,313,206,148,1956,1960,1965,1970,1483,315,208,145,1951,1961,1960,1960,1480,312,204,146,1961,1959,1957,1972,1481,310,200,142,1970,1962,1949,1969,1474,297,192,141,1976,1978,1965,1968,1476,294,190,139,0,0,0,0,0,0,0,0,0,0,0,0,0,0,0,0,0,0,0,0,0,0,0,0,0,0,0,0,0,0,0,0,0,0,0,0,0,0,0,0,0,0,0,0,0,0,0,0,0,0,0,0,0,0,0,0,0,0,0,0,0,0,0,0
2572,1983,1981,1972,1972,1494,313,202,144,1969,1965,1966,1973,1483,315,202,143,1965,1961,1960,1972,1488,317,205,145,1961,1962,1965,1969,1470,315,206,146,1961,1960,1962,1968,1486,317,203,146,1950,1957,1961,1970,1489,310,204,143,1969,1962,1959,1967,1485,296,193,141,1975,1973,1973,1971,1481,294,190,139,0,0,0,0,0,0,0,0,0,0,0,0,0,0,0,0,0,0,0,0,0,0,0,0,0,0,0,0,0,0,0,0,0,0,0,0,0,0,0,0,0,0,0,0,0,0,0,0,0,0,0,0,0,0,0,0,0,0,0,0,0,0,0,0
2573,1984,1987,1986,1976,1488,316,201,143,1974,1966,1964,1968,1468,306,203,143,1958,1958,1956,1969,1484,310,205,146,1949,1960,1967,1965,1485,314,207,146,1965,1954,1956,1967,1483,318,203,146,1957,1956,1956,1961,1480,312,202,145,1960,1955,1958,1964,1479,292,192,141,1977,1964,1967,1968,1483,292,189,138,0,0,0,0,0,0,0,0,0,0,0,0,0,0,0,0,0,0,0,0,0,0,0,0,0,0,0,0,0,0,0,0,0,0,0,0,0,0,0,0,0,0,0,0,0,0,0,0,0,0,0,0,0,0,0,0,0,0,0,0,0,0,0,0
2574,1992,1974,1974,1991,1493,317,201,142,1970,1968,1963,1974,1479,316,204,143,1969,1960,1965,1968,1488,317,206,148,1958,1962,1962,1964,1484,320,207,145,1955,1956,1958,1967,1483,319,204,145,1969,1957,1961,1967,1477,306,202,141,1967,1965,1960,1973,1473,294,194,141,1963,1971,1970,1979,1477,291,192,139,0,0,0,0,0,0,0,0,0,0,0,0,0,0,0,0,0,0,0,0,0,0,0,0,0,0,0,0,0,0,0,0,0,0,0,0,0,0,0,0,0,0,0,0,0,0,0,0,0,0,0,0,0,0,0,0,0,0,0,0,0,0,0,0
2575,1975,1980,1976,1987,1481,311,202,143,1974,1965,1969,1968,1478,302,203,143,1963,1955,1965,1974,1479,308,206,145,1960,1952,1966,1971,1476,318,207,144,1956,1951,1961,1965,1485,317,203,145,1953,1960,1957,1968,1474,313,202,143,1963,1963,1959,1966,1476,298,194,141,1972,1964,1963,1964,1471,292,190,138,0,0,0,0,0,0,0,0,0,0,0,0,0,0,0,0,0,0,0,0,0,0,0,0,0,0,0,0,0,0,0,0,0,0,0,0,0,0,0,0,0,0,0,0,0,0,0,0,0,0,0,0,0,0,0,0,0,0,0,0,0,0,0,0
2576,1985,1968,1982,1983,1495,319,203,144,1966,1963,1972,1961,1479,311,202,144,1962,1965,1958,1968,1473,317,206,146,1968,1962,1963,1976,1484,316,206,145,1959,1959,1964,1972,1483,319,204,147,1958,1963,1960,1973,1488,311,201,141,1971,1968,1956,1973,1484,293,192,141,1975,1976,1967,1968,1480,293,190,139,0,0,0,0,0,0,0,0,0,0,0,0,0,0,0,0,0,0,0,0,0,0,0,0,0,0,0,0,0,0,0,0,0,0,0,0,0,0,0,0,0,0,0,0,0,0,0,0,0,0,0,0,0,0,0,0,0,0,0,0,0,0,0,0
2577,1991,1993,1977,1986,1488,317,200,143,1964,1957,1961,1972,1480,311,202,144,1959,1960,1962,1977,1482,319,204,147,1964,1954,1957,1975,1474,317,207,145,1958,1958,1959,1972,1487,318,203,146,1965,1959,1960,1965,1475,309,200,141,1967,1956,1964,1968,1473,297,193,141,1971,1968,1962,1968,1464,291,190,138,0,0,0,0,0,0,0,0,0,0,0,0,0,0,0,0,0,0,0,0,0,0,0,0,0,0,0,0,0,0,0,0,0,0,0,0,0,0,0,0,0,0,0,0,0,0,0,0,0,0,0,0,0,0,0,0,0,0,0,0,0,0,0,0
2578,1973,1975,1974,1985,1481,318,201,144,1974,1957,1961,1979,1479,314,203,143,1970,1963,1971,1966,1481,314,206,146,1960,1968,1971,1968,1485,317,207,145,1954,1954,1967,1975,1473,314,204,146,1964,1956,1968,1965,1481,310,199,141,1975,1968,1964,1977,1468,294,194,141,1983,1965,1971,1967,1468,290,189,138,0,0,0,0,0,0,0,0,0,0,0,0,0,0,0,0,0,0,0,0,0,0,0,0,0,0,0,0,0,0,0,0,0,0,0,0,0,0,0,0,0,0,0,0,0,0,0,0,0,0,0,0,0,0,0,0,0,0,0,0,0,0,0,0
2579,1984,1975,1979,1985,1477,315,202,142,1969,1973,1972,1969,1480,310,202,143,1960,1963,1967,1968,1483,320,207,147,1960,1956,1966,1975,1482,322,205,144,1953,1953,1963,1966,1487,313,204,146,1962,1955,1959,1968,1474,311,202,144,1969,1957,1958,1971,1479,294,193,141,1966,1965,1960,1962,1483,294,189,138,0,0,0,0,0,0,0,0,0,0,0,0,0,0,0,0,0,0,0,0,0,0,0,0,0,0,0,0,0,0,0,0,0,0,0,0,0,0,0,0,0,0,0,0,0,0,0,0,0,0,0,0,0,0,0,0,0,0,0,0,0,0,0,0
2580,1985,1982,1976,1985,1481,315,202,145,1967,1957,1971,1972,1479,310,203,144,1962,1958,1959,1971,1476,319,205,146,1955,1959,1955,1974,1493,314,209,144,1958,1958,1960,1965,1477,319,204,146,1952,1958,1955,1967,1485,306,203,143,1955,1971,1964,1968,1481,290,193,141,1987,1969,1970,1969,1466,291,189,138,0,0,0,0,0,0,0,0,0,0,0,0,0,0,0,0,0,0,0,0,0,0,0,0,0,0,0,0,0,0,0,0,0,0,0,0,0,0,0,0,0,0,0,0,0,0,0,0,0,0,0,0,0,0,0,0,0,0,0,0,0,0,0,0
2581,1978,1984,1978,1981,1484,317,201,144,1968,1965,1967,1973,1475,307,204,145,1967,1965,1969,1969,1475,313,205,146,1959,1954,1952,1972,1480,316,208,145,1961,1957,1964,1971,1482,316,204,145,1953,1954,1958,1969,1473,310,204,141,1959,1963,1957,1963,1476,297,194,140,1971,1971,1971,1975,1474,293,189,139,0,0,0,0,0,0,0,0,0,0,0,0,0,0,0,0,0,0,0,0,0,0,0,0,0,0,0,0,0,0,0,0,0,0,0,0,0,0,0,0,0,0,0,0,0,0,0,0,0,0,0,0,0,0,0,0,0,0,0,0,0,0,0,0
2582,1988,1982,1988,1973,1494,313,202,143,1964,1969,1964,1972,1468,310,204,144,1961,1956,1966,1976,1481,313,208,146,1958,1959,1964,1975,1489,318,207,145,1958,1956,1963,1979,1479,316,203,146,1956,1956,1962,1964,1476,312,198,142,1962,1957,1960,1970,1472,297,193,141,1974,1968,1967,1973,1480,293,189,139,0,0,0,0,0,0,0,0,0,0,0,0,0,0,0,0,0,0,0,0,0,0,0,0,0,0,0,0,0,0,0,0,0,0,0,0,0,0,0,0,0,0,0,0,0,0,0,0,0,0,0,0,0,0,0,0,0,0,0,0,0,0,0,0
2583,1987,1973,1977,1993,1478,319,202,144,1963,1961,1963,1969,1486,310,202,144,1955,1957,1962,1968,1485,317,206,145,1959,1957,1958,1967,1478,320,208,145,1958,1957,1956,1974,1483,318,204,146,1959,1958,1958,1971,1473,311,201,141,1961,1964,1954,1973,1472,289,194,141,1965,1971,1969,1976,1462,293,189,138,0,0,0,0,0,0,0,0,0,0,0,0,0,0,0,0,0,0,0,0,0,0,0,0,0,0,0,0,0,0,0,0,0,0,0,0,0,0,0,0,0,0,0,0,0,0,0,0,0,0,0,0,0,0,0,0,0,0,0,0,0,0,0,0
2584,1976,1983,1976,1980,1486,315,203,144,1977,1967,1960,1977,1488,306,205,144,1955,1969,1971,1967,1479,317,207,146,1956,1955,1954,1976,1482,320,206,146,1957,1961,1963,1963,1484,321,204,147,1957,1955,1957,1968,1484,309,201,142,1956,1965,1960,1967,1470,291,193,142,1970,1969,1971,1968,1471,293,190,138,0,0,0,0,0,0,0,0,0,0,0,0,0,0,0,0,0,0,0,0,0,0,0,0,0,0,0,0,0,0,0,0,0,0,0,0,0,0,0,0,0,0,0,0,0,0,0,0,0,0,0,0,0,0,0,0,0,0,0,0,0,0,0,0
2585,1986,1978,1978,1988,1478,315,202,143,1970,1966,1965,1969,1473,309,203,144,1968,1955,1963,1974,1479,316,206,146,1949,1952,1963,1967,1488,317,206,146,1962,1954,1961,1962,1478,315,202,146,1962,1954,1967,1964,1483,312,200,142,1968,1959,1968,1961,1476,295,191,140,1978,1972,1963,1970,1472,288,191,139,0,0,0,0,0,0,0,0,0,0,0,0,0,0,0,0,0,0,0,0,0,0,0,0,0,0,0,0,0,0,0,0,0,0,0,0,0,0,0,0,0,0,0,0,0,0,0,0,0,0,0,0,0,0,0,0,0,0,0,0,0,0,0,0
2586,1981,1982,1973,1985,1478,315,202,144,1962,1967,1957,1975,1483,311,204,145,1964,1960,1962,1972,1486,315,205,146,1956,1957,1960,1961,1485,314,206,145,1968,1954,1963,1972,1486,315,203,146,1964,1954,1958,1960,1481,311,200,141,1974,1959,1963,1963,1466,289,193,141,1971,1973,1968,1979,1476,293,191,138,0,0,0,0,0,0,0,0,0,0,0,0,0,0,0,0,0,0,0,0,0,0,0,0,0,0,0,0,0,0,0,0,0,0,0,0,0,0,0,0,0,0,0,0,0,0,0,0,0,0,0,0,0,0,0,0,0,0,0,0,0,0,0,0
2587,1978,1990,1973,1969,1478,318,203,144,1974,1967,1963,1973,1481,311,204,143,1961,1961,1960,1971,1475,311,207,145,1954,1957,1957,1968,1482,318,207,145,1953,1955,1957,1961,1474,317,204,146,1957,1953,1958,1954,1472,312,198,143,1964,1958,1961,1970,1478,291,194,141,1979,1973,1969,1969,1457,293,189,137,0,0,0,0,0,0,0,0,0,0,0,0,0,0,0,0,0,0,0,0,0,0,0,0,0,0,0,0,0,0,0,0,0,0,0,0,0,0,0,0,0,0,0,0,0,0,0,0,0,0,0,0,0,0,0,0,0,0,0,0,0,0,0,0
2588,1973,1975,1974,1984,1488,314,202,143,1962,1964,1970,1980,1484,308,203,143,1968,1964,1967,1973,1480,319,205,145,1955,1952,1967,1970,1486,314,208,145,1963,1958,1962,1973,1481,321,205,147,1955,1965,1958,1970,1475,313,202,143,1971,1963,1964,1972,1477,295,193,140,1976,1962,1970,1972,1485,290,189,138,0,0,0,0,0,0,0,0,0,0,0,0,0,0,0,0,0,0,0,0,0,0,0,0,0,0,0,0,0,0,0,0,0,0,0,0,0,0,0,0,0,0,0,0,0,0,0,0,0,0,0,0,0,0,0,0,0,0,0,0,0,0,0,0
2589,1978,1981,1973,1978,1476,308,201,143,1972,1962,1967,1977,1483,311,203,143,1959,1965,1961,1965,1484,322,207,146,1965,1958,1961,1967,1488,319,207,145,1945,1956,1960,1965,1478,322,203,147,1959,1955,1966,1968,1469,312,201,143,1967,1959,1963,1960,1476,292,193,141,1979,1961,1971,1973,1462,287,189,138,0,0,0,0,0,0,0,0,0,0,0,0,0,0,0,0,0,0,0,0,0,0,0,0,0,0,0,0,0,0,0,0,0,0,0,0,0,0,0,0,0,0,0,0,0,0,0,0,0,0,0,0,0,0,0,0,0,0,0,0,0,0,0,0
2590,1992,1973,1985,1974,1492,313,202,144,1973,1956,1967,1970,1473,317,203,144,1964,1967,1962,1969,1485,318,207,147,1957,1957,1961,1972,1495,323,207,145,1956,1961,1957,1961,1479,314,204,147,1967,1960,1961,1966,1469,312,201,142,1967,1954,1966,1971,1472,294,194,141,1977,1958,1970,1968,1463,287,189,138,0,0,0,0,0,0,0,0,0,0,0,0,0,0,0,0,0,0,0,0,0,0,0,0,0,0,0,0,0,0,0,0,0,0,0,0,0,0,0,0,0,0,0,0,0,0,0,0,0,0,0,0,0,0,0,0,0,0,0,0,0,0,0,0
2591,1986,1986,1972,1986,1484,315,200,144,1968,1967,1964,1968,1480,301,203,144,1972,1959,1962,1968,1479,315,205,146,1958,1951,1961,1966,1483,315,206,147,1961,1962,1958,1963,1483,320,203,146,1956,1954,1959,1967,1475,306,201,143,1966,1954,1954,1964,1476,293,193,141,1980,1977,1966,1982,1465,288,189,137,0,0,0,0,0,0,0,0,0,0,0,0,0,0,0,0,0,0,0,0,0,0,0,0,0,0,0,0,0,0,0,0,0,0,0,0,0,0,0,0,0,0,0,0,0,0,0,0,0,0,0,0,0,0,0,0,0,0,0,0,0,0,0,0
2592,1979,1979,1968,1982,1485,318,202,143,1973,1972,1961,1971,1482,313,203,143,1960,1963,1963,1979,1480,317,205,147,1956,1961,1958,1961,1487,324,207,145,1961,1955,1964,1972,1481,313,204,146,1954,1959,1960,1966,1476,311,201,143,1962,1962,1962,1970,1480,297,194,142,1975,1973,1965,1970,1476,291,190,138,0,0,0,0,0,0,0,0,0,0,0,0,0,0,0,0,0,0,0,0,0,0,0,0,0,0,0,0,0,0,0,0,0,0,0,0,0,0,0,0,0,0,0,0,0,0,0,0,0,0,0,0,0,0,0,0,0,0,0,0,0,0,0,0
2593,1993,1977,1967,1980,1478,311,200,144,1970,1964,1971,1969,1480,311,203,144,1963,1952,1964,1973,1477,310,205,146,1950,1955,1961,1971,1490,314,207,144,1959,1955,1956,1974,1476,316,203,146,1965,1948,1955,1964,1483,305,200,141,1963,1956,1970,1970,1484,292,194,140,1978,1966,1965,1969,1468,293,189,140,0,0,0,0,0,0,0,0,0,0,0,0,0,0,0,0,0,0,0,0,0,0,0,0,0,0,0,0,0,0,0,0,0,0,0,0,0,0,0,0,0,0,0,0,0,0,0,0,0,0,0,0,0,0,0,0,0,0,0,0,0,0,0,0
2594,1987,1975,1972,1980,1491,316,201,143,1976,1963,1969,1976,1477,313,203,144,1964,1965,1957,1960,1486,316,206,146,1960,1955,1959,1970,1483,314,207,145,1969,1957,1968,1968,1480,321,203,147,1962,1955,1956,1961,1487,309,203,141,1977,1965,1964,1966,1482,295,193,142,1975,1979,1967,1970,1474,296,188,139,0,0,0,0,0,0,0,0,0,0,0,0,0,0,0,0,0,0,0,0,0,0,0,0,0,0,0,0,0,0,0,0,0,0,0,0,0,0,0,0,0,0,0,0,0,0,0,0,0,0,0,0,0,0,0,0,0,0,0,0,0,0,0,0
2595,1989,1986,1969,1979,1485,313,202,143,1975,1957,1972,1971,1471,309,203,143,1961,1961,1957,1971,1482,314,204,145,1961,1952,1961,1963,1483,313,207,144,1955,1952,1957,1963,1477,318,203,146,1957,1961,1952,1969,1488,311,201,141,1970,1967,1957,1958,1480,291,192,141,1970,1963,1975,1970,1479,291,190,138,0,0,0,0,0,0,0,0,0,0,0,0,0,0,0,0,0,0,0,0,0,0,0,0,0,0,0,0,0,0,0,0,0,0,0,0,0,0,0,0,0,0,0,0,0,0,0,0,0,0,0,0,0,0,0,0,0,0,0,0,0,0,0,0
2596,1987,1975,1970,1987,1480,318,202,144,1966,1954,1966,1971,1480,315,201,144,1966,1966,1962,1971,1483,314,207,145,1959,1951,1960,1969,1487,312,207,147,1960,1960,1959,1972,1474,317,205,147,1962,1963,1959,1966,1479,313,199,141,1963,1966,1963,1966,1466,294,193,141,1969,1977,1969,1968,1461,293,188,137,0,0,0,0,0,0,0,0,0,0,0,0,0,0,0,0,0,0,0,0,0,0,0,0,0,0,0,0,0,0,0,0,0,0,0,0,0,0,0,0,0,0,0,0,0,0,0,0,0,0,0,0,0,0,0,0,0,0,0,0,0,0,0,0
2597,1987,1973,1973,1959,1490,315,201,144,1978,1962,1967,1970,1480,310,202,143,1960,1964,1960,1974,1478,322,205,146,1953,1957,1963,1975,1483,315,206,145,1956,1955,1960,1966,1479,314,203,146,1968,1953,1956,1969,1483,309,201,142,1966,1967,1959,1964,1476,291,194,141,1973,1973,1965,1974,1472,292,188,138,0,0,0,0,0,0,0,0,0,0,0,0,0,0,0,0,0,0,0,0,0,0,0,0,0,0,0,0,0,0,0,0,0,0,0,0,0,0,0,0,0,0,0,0,0,0,0,0,0,0,0,0,0,0,0,0,0,0,0,0,0,0,0,0
2598,1992,1969,1979,2002,1496,319,203,144,1973,1966,1968,1973,1480,315,204,144,1971,1960,1965,1971,1477,316,205,147,1962,1956,1963,1974,1484,315,207,144,1956,1956,1955,1969,1485,314,203,147,1959,1952,1963,1964,1477,305,201,142,1968,1962,1963,1970,1478,290,192,141,1977,1969,1964,1968,1472,294,191,136,0,0,0,0,0,0,0,0,0,0,0,0,0,0,0,0,0,0,0,0,0,0,0,0,0,0,0,0,0,0,0,0,0,0,0,0,0,0,0,0,0,0,0,0,0,0,0,0,0,0,0,0,0,0,0,0,0,0,0,0,0,0,0,0
2599,1989,1974,1974,1982,1491,319,201,143,1966,1962,1969,1971,1484,311,201,142,1966,1959,1963,1971,1483,312,206,145,1956,1958,1963,1963,1488,318,207,146,1956,1963,1971,1967,1479,314,204,146,1966,1952,1958,1969,1488,311,200,141,1959,1959,1960,1962,1473,298,193,141,1970,1963,1961,1969,1473,289,188,138,0,0,0,0,0,0,0,0,0,0,0,0,0,0,0,0,0,0,0,0,0,0,0,0,0,0,0,0,0,0,0,0,0,0,0,0,0,0,0,0,0,0,0,0,0,0,0,0,0,0,0,0,0,0,0,0,0,0,0,0,0,0,0,0
2600,1982,1982,1977,1984,1487,315,202,144,1973,1963,1978,1976,1474,313,202,145,1959,1962,1958,1962,1475,309,206,146,1958,1960,1966,1973,1479,319,207,146,1962,1958,1950,1969,1476,317,203,146,1960,1947,1955,1967,1485,307,201,144,1968,1966,1971,1967,1476,298,193,140,1985,1964,1968,1976,1473,293,188,139,0,0,0,0,0,0,0,0,0,0,0,0,0,0,0,0,0,0,0,0,0,0,0,0,0,0,0,0,0,0,0,0,0,0,0,0,0,0,0,0,0,0,0,0,0,0,0,0,0,0,0,0,0,0,0,0,0,0,0,0,0,0,0,0
2601,1983,1969,1981,1989,1477,321,201,143,1963,1964,1972,1979,1478,310,203,144,1966,1961,1956,1975,1484,314,206,147,1952,1959,1967,1978,1481,320,206,145,1956,1946,1961,1972,1482,315,202,146,1967,1959,1953,1969,1477,311,201,143,1965,1956,1960,1965,1480,290,193,139,1975,1965,1973,1972,1472,292,189,139,0,0,0,0,0,0,0,0,0,0,0,0,0,0,0,0,0,0,0,0,0,0,0,0,0,0,0,0,0,0,0,0,0,0,0,0,0,0,0,0,0,0,0,0,0,0,0,0,0,0,0,0,0,0,0,0,0,0,0,0,0,0,0,0
2602,1974,1979,1979,1972,1495,320,204,143,1970,1973,1965,1973,1479,309,204,144,1960,1967,1968,1975,1483,315,204,145,1956,1949,1958,1968,1486,316,207,145,1960,1964,1964,1973,1482,316,204,148,1953,1957,1960,1966,1488,311,202,141,1959,1960,1966,1967,1473,297,194,140,1977,1968,1970,1971,1464,293,188,139,0,0,0,0,0,0,0,0,0,0,0,0,0,0,0,0,0,0,0,0,0,0,0,0,0,0,0,0,0,0,0,0,0,0,0,0,0,0,0,0,0,0,0,0,0,0,0,0,0,0,0,0,0,0,0,0,0,0,0,0,0,0,0,0
2603,1990,1980,1973,1973,1490,311,202,143,1966,1963,1964,1969,1475,311,203,144,1960,1964,1962,1973,1474,316,205,145,1965,1948,1959,1977,1477,314,208,145,1963,1953,1951,1962,1487,319,202,146,1955,1950,1961,1966,1477,310,201,142,1964,1958,1963,1975,1472,291,194,140,1978,1966,1963,1974,1454,289,189,138,0,0,0,0,0,0,0,0,0,0,0,0,0,0,0,0,0,0,0,0,0,0,0,0,0,0,0,0,0,0,0,0,0,0,0,0,0,0,0,0,0,0,0,0,0,0,0,0,0,0,0,0,0,0,0,0,0,0,0,0,0,0,0,0
2604,1980,1981,1972,1990,1483,320,203,145,1978,1965,1973,1972,1481,309,203,144,1960,1961,1957,1974,1483,314,206,146,1960,1955,1962,1970,1486,319,206,145,1958,1958,1953,1968,1474,320,203,146,1968,1960,1965,1963,1478,312,201,142,1963,1969,1953,1965,1477,302,194,141,1977,1979,1972,1967,1478,292,189,139,0,0,0,0,0,0,0,0,0,0,0,0,0,0,0,0,0,0,0,0,0,0,0,0,0,0,0,0,0,0,0,0,0,0,0,0,0,0,0,0,0,0,0,0,0,0,0,0,0,0,0,0,0,0,0,0,0,0,0,0,0,0,0,0
2605,1979,1976,1977,1976,1485,316,203,144,1968,1964,1972,1976,1482,313,203,144,1963,1963,1959,1971,1476,315,205,147,1961,1945,1964,1970,1481,314,207,145,1958,1953,1958,1967,1476,321,203,147,1951,1958,1959,1967,1474,310,201,142,1966,1960,1964,1967,1476,293,193,141,1965,1975,1967,1973,1463,288,190,137,0,0,0,0,0,0,0,0,0,0,0,0,0,0,0,0,0,0,0,0,0,0,0,0,0,0,0,0,0,0,0,0,0,0,0,0,0,0,0,0,0,0,0,0,0,0,0,0,0,0,0,0,0,0,0,0,0,0,0,0,0,0,0,0
2606,1997,1979,1978,1986,1494,313,203,144,1975,1962,1966,1978,1480,311,202,144,1960,1953,1960,1972,1489,318,206,147,1968,1964,1966,1974,1489,319,204,144,1951,1960,1959,1964,1486,314,204,147,1958,1953,1956,1970,1485,310,200,142,1970,1964,1950,1969,1479,300,193,141,1969,1977,1967,1972,1473,295,189,138,0,0,0,0,0,0,0,0,0,0,0,0,0,0,0,0,0,0,0,0,0,0,0,0,0,0,0,0,0,0,0,0,0,0,0,0,0,0,0,0,0,0,0,0,0,0,0,0,0,0,0,0,0,0,0,0,0,0,0,0,0,0,0,0
2607,1988,1975,1975,1979,1493,318,202,143,1980,1963,1963,1970,1476,313,204,144,1963,1961,1963,1963,1475,318,207,146,1953,1955,1966,1976,1485,316,207,148,1960,1954,1959,1963,1481,312,203,147,1958,1952,1962,1966,1476,306,200,143,1972,1960,1967,1967,1474,288,193,142,1979,1971,1964,1967,1470,291,189,139,0,0,0,0,0,0,0,0,0,0,0,0,0,0,0,0,0,0,0,0,0,0,0,0,0,0,0,0,0,0,0,0,0,0,0,0,0,0,0,0,0,0,0,0,0,0,0,0,0,0,0,0,0,0,0,0,0,0,0,0,0,0,0,0
2608,1989,1986,1971,1987,1486,314,201,145,1977,1959,1970,1976,1479,311,205,143,1953,1965,1959,1974,1483,313,205,147,1963,1960,1970,1970,1482,321,207,147,1960,1963,1964,1966,1479,310,205,148,1964,1959,1959,1965,1474,307,200,141,1968,1959,1968,1966,1484,293,193,141,1987,1969,1972,1976,1479,288,188,139,0,0,0,0,0,0,0,0,0,0,0,0,0,0,0,0,0,0,0,0,0,0,0,0,0,0,0,0,0,0,0,0,0,0,0,0,0,0,0,0,0,0,0,0,0,0,0,0,0,0,0,0,0,0,0,0,0,0,0,0,0,0,0,0
2609,1975,1984,1981,1987,1487,319,202,142,1975,1961,1959,1973,1479,310,203,144,1959,1957,1962,1969,1482,314,206,146,1963,1959,1966,1969,1484,314,207,144,1965,1954,1956,1977,1486,318,203,147,1959,1954,1958,1960,1477,310,202,143,1962,1956,1961,1971,1471,297,193,141,1977,1972,1968,1974,1477,294,189,139,0,0,0,0,0,0,0,0,0,0,0,0,0,0,0,0,0,0,0,0,0,0,0,0,0,0,0,0,0,0,0,0,0,0,0,0,0,0,0,0,0,0,0,0,0,0,0,0,0,0,0,0,0,0,0,0,0,0,0,0,0,0,0,0
2610,1984,1974,1983,1977,1493,315,203,143,1965,1965,1970,1967,1477,314,205,144,1962,1956,1966,1976,1477,317,205,147,1966,1962,1970,1970,1492,317,207,145,1957,1963,1966,1972,1479,322,204,147,1961,1954,1958,1969,1470,311,202,142,1972,1963,1965,1970,1471,303,194,142,1979,1975,1974,1975,1474,293,190,139,0,0,0,0,0,0,0,0,0,0,0,0,0,0,0,0,0,0,0,0,0,0,0,0,0,0,0,0,0,0,0,0,0,0,0,0,0,0,0,0,0,0,0,0,0,0,0,0,0,0,0,0,0,0,0,0,0,0,0,0,0,0,0,0
2611,1992,1977,1982,1981,1486,323,200,143,1971,1961,1966,1967,1479,313,203,144,1961,1960,1962,1970,1477,315,206,147,1964,1959,1959,1962,1483,322,205,145,1956,1960,1952,1977,1476,320,202,146,1966,1958,1964,1965,1471,307,199,142,1969,1962,1963,1964,1479,290,193,142,1968,1973,1961,1969,1467,292,189,139,0,0,0,0,0,0,0,0,0,0,0,0,0,0,0,0,0,0,0,0,0,0,0,0,0,0,0,0,0,0,0,0,0,0,0,0,0,0,0,0,0,0,0,0,0,0,0,0,0,0,0,0,0,0,0,0,0,0,0,0,0,0,0,0
2612,1984,1987,1970,1968,1481,313,201,143,1975,1973,1964,1977,1482,307,204,146,1956,1960,1962,1976,1492,315,206,148,1959,1961,1967,1973,1483,319,206,147,1957,1953,1960,1971,1479,321,204,146,1950,1956,1965,1971,1476,312,202,141,1963,1959,1962,1974,1472,293,193,140,1979,1965,1959,1974,1462,296,189,138,0,0,0,0,0,0,0,0,0,0,0,0,0,0,0,0,0,0,0,0,0,0,0,0,0,0,0,0,0,0,0,0,0,0,0,0,0,0,0,0,0,0,0,0,0,0,0,0,0,0,0,0,0,0,0,0,0,0,0,0,0,0,0,0
2613,1985,1969,1975,1986,1483,315,202,144,1974,1964,1969,1977,1482,312,201,143,1955,1956,1969,1972,1490,318,204,146,1961,1959,1962,1967,1482,318,207,146,1960,1956,1964,1971,1484,314,202,146,1956,1957,1960,1964,1482,307,200,141,1955,1963,1964,1956,1469,288,193,140,1975,1968,1965,1976,1466,290,188,139,0,0,0,0,0,0,0,0,0,0,0,0,0,0,0,0,0,0,0,0,0,0,0,0,0,0,0,0,0,0,0,0,0,0,0,0,0,0,0,0,0,0,0,0,0,0,0,0,0,0,0,0,0,0,0,0,0,0,0,0,0,0,0,0
2614,1969,1980,1983,1987,1482,311,202,144,1972,1971,1970,1964,1485,313,204,144,1969,1964,1966,1971,1487,315,205,147,1956,1960,1963,1968,1494,320,206,145,1957,1956,1957,1967,1485,313,205,146,1965,1960,1953,1966,1481,311,203,141,1968,1966,1967,1968,1481,296,194,141,1985,1974,1964,1969,1473,293,189,139,0,0,0,0,0,0,0,0,0,0,0,0,0,0,0,0,0,0,0,0,0,0,0,0,0,0,0,0,0,0,0,0,0,0,0,0,0,0,0,0,0,0,0,0,0,0,0,0,0,0,0,0,0,0,0,0,0,0,0,0,0,0,0,0
2615,1983,1972,1973,1978,1482,308,202,143,1971,1956,1962,1983,1476,310,202,144,1965,1959,1964,1971,1482,319,205,146,1957,1951,1959,1964,1487,321,207,144,1964,1954,1962,1965,1479,315,204,147,1957,1950,1961,1967,1482,309,200,143,1971,1967,1956,1966,1472,293,193,141,1967,1962,1968,1968,1480,288,190,137,0,0,0,0,0,0,0,0,0,0,0,0,0,0,0,0,0,0,0,0,0,0,0,0,0,0,0,0,0,0,0,0,0,0,0,0,0,0,0,0,0,0,0,0,0,0,0,0,0,0,0,0,0,0,0,0,0,0,0,0,0,0,0,0
2616,1989,1976,1979,1988,1487,315,200,143,1968,1967,1972,1975,1477,311,203,144,1967,1961,1968,1973,1478,308,206,147,1962,1965,1962,1973,1481,320,208,146,1960,1951,1961,1964,1476,318,204,147,1956,1956,1958,1966,1476,312,201,143,1964,1958,1971,1967,1471,297,194,142,1972,1976,1969,1970,1487,295,192,139,0,0,0,0,0,0,0,0,0,0,0,0,0,0,0,0,0,0,0,0,0,0,0,0,0,0,0,0,0,0,0,0,0,0,0,0,0,0,0,0,0,0,0,0,0,0,0,0,0,0,0,0,0,0,0,0,0,0,0,0,0,0,0,0
2617,1988,1978,1970,1985,1483,319,202,143,1970,1962,1966,1977,1475,313,205,143,1956,1968,1962,1972,1486,319,205,146,1955,1957,1958,1965,1486,314,207,145,1961,1965,1963,1969,1484,315,203,146,1954,1958,1957,1966,1483,312,202,142,1954,1955,1957,1963,1476,293,194,141,1975,1970,1970,1974,1474,294,190,136,0,0,0,0,0,0,0,0,0,0,0,0,0,0,0,0,0,0,0,0,0,0,0,0,0,0,0,0,0,0,0,0,0,0,0,0,0,0,0,0,0,0,0,0,0,0,0,0,0,0,0,0,0,0,0,0,0,0,0,0,0,0,0,0
2618,1983,1981,1965,1979,1486,314,201,144,1963,1960,1969,1971,1473,314,203,144,1966,1954,1965,1977,1485,321,205,147,1962,1965,1963,1969,1488,316,207,144,1960,1954,1965,1970,1477,320,206,147,1961,1959,1953,1977,1483,310,200,142,1969,1956,1963,1967,1466,292,195,141,1980,1964,1973,1979,1466,297,189,139,0,0,0,0,0,0,0,0,0,0,0,0,0,0,0,0,0,0,0,0,0,0,0,0,0,0,0,0,0,0,0,0,0,0,0,0,0,0,0,0,0,0,0,0,0,0,0,0,0,0,0,0,0,0,0,0,0,0,0,0,0,0,0,0
2619,1979,1977,1972,1981,1485,310,203,144,1965,1969,1964,1982,1477,310,204,144,1958,1953,1959,1966,1483,312,206,146,1964,1957,1966,1970,1481,312,207,147,1963,1955,1961,1970,1476,317,202,147,1965,1962,1960,1961,1477,309,199,142,1959,1960,1960,1959,1466,297,195,140,1971,1970,1964,1972,1484,293,190,138,0,0,0,0,0,0,0,0,0,0,0,0,0,0,0,0,0,0,0,0,0,0,0,0,0,0,0,0,0,0,0,0,0,0,0,0,0,0,0,0,0,0,0,0,0,0,0,0,0,0,0,0,0,0,0,0,0,0,0,0,0,0,0,0
2620,1983,1983,1975,1978,1479,312,202,144,1971,1963,1965,1971,1478,307,204,144,1962,1958,1960,1974,1492,315,206,148,1954,1969,1967,1972,1481,319,207,145,1960,1959,1957,1966,1465,318,204,147,1960,1951,1961,1968,1484,310,198,141,1969,1966,1964,1966,1466,293,195,141,1973,1973,1967,1963,1468,295,189,140,0,0,0,0,0,0,0,0,0,0,0,0,0,0,0,0,0,0,0,0,0,0,0,0,0,0,0,0,0,0,0,0,0,0,0,0,0,0,0,0,0,0,0,0,0,0,0,0,0,0,0,0,0,0,0,0,0,0,0,0,0,0,0,0
2621,1991,1977,1980,1984,1478,318,202,144,1965,1959,1975,1969,1472,307,203,143,1964,1961,1959,1972,1488,317,204,147,1957,1954,1963,1966,1481,319,207,145,1958,1964,1959,1964,1478,317,204,147,1965,1954,1970,1965,1479,308,201,141,1977,1960,1967,1962,1471,297,193,141,1982,1967,1969,1980,1469,291,189,139,0,0,0,0,0,0,0,0,0,0,0,0,0,0,0,0,0,0,0,0,0,0,0,0,0,0,0,0,0,0,0,0,0,0,0,0,0,0,0,0,0,0,0,0,0,0,0,0,0,0,0,0,0,0,0,0,0,0,0,0,0,0,0,0
2622,1982,1976,1968,1989,1487,315,201,143,1969,1966,1967,1978,1482,318,204,142,1954,1959,1960,1969,1485,311,205,147,1963,1964,1961,1959,1477,313,208,146,1960,1954,1961,1968,1485,316,203,147,1956,1951,1971,1972,1479,301,200,142,1968,1956,1962,1969,1466,294,194,142,1981,1964,1975,1974,1477,294,191,138,0,0,0,0,0,0,0,0,0,0,0,0,0,0,0,0,0,0,0,0,0,0,0,0,0,0,0,0,0,0,0,0,0,0,0,0,0,0,0,0,0,0,0,0,0,0,0,0,0,0,0,0,0,0,0,0,0,0,0,0,0,0,0,0
2623,1984,1977,1967,1977,1491,308,200,143,1967,1970,1970,1962,1471,311,203,145,1966,1963,1959,1965,1484,314,207,146,1963,1950,1963,1963,1487,313,205,146,1960,1957,1965,1960,1476,307,204,146,1963,1960,1954,1964,1472,310,199,141,1964,1960,1953,1969,1478,291,195,141,1973,1964,1968,1968,1473,289,189,138,0,0,0,0,0,0,0,0,0,0,0,0,0,0,0,0,0,0,0,0,0,0,0,0,0,0,0,0,0,0,0,0,0,0,0,0,0,0,0,0,0,0,0,0,0,0,0,0,0,0,0,0,0,0,0,0,0,0,0,0,0,0,0,0
2624,1990,1983,1979,1979,1483,317,200,144,1967,1962,1968,1977,1489,312,204,145,1957,1964,1963,1976,1482,312,205,147,1966,1951,1962,1972,1482,324,205,144,1951,1957,1957,1969,1477,315,204,147,1959,1953,1961,1971,1485,309,199,140,1962,1958,1964,1963,1475,287,193,141,1975,1968,1973,1971,1480,289,190,139,0,0,0,0,0,0,0,0,0,0,0,0,0,0,0,0,0,0,0,0,0,0,0,0,0,0,0,0,0,0,0,0,0,0,0,0,0,0,0,0,0,0,0,0,0,0,0,0,0,0,0,0,0,0,0,0,0,0,0,0,0,0,0,0
2625,1979,1975,1987,1983,1473,312,200,143,1971,1968,1965,1973,1485,314,201,143,1963,1955,1960,1969,1477,313,207,146,1950,1961,1961,1972,1482,313,208,145,1965,1961,1955,1967,1476,316,203,147,1956,1952,1958,1969,1481,308,201,141,1973,1961,1955,1974,1466,293,194,141,1978,1965,1966,1970,1490,294,189,138,0,0,0,0,0,0,0,0,0,0,0,0,0,0,0,0,0,0,0,0,0,0,0,0,0,0,0,0,0,0,0,0,0,0,0,0,0,0,0,0,0,0,0,0,0,0,0,0,0,0,0,0,0,0,0,0,0,0,0,0,0,0,0,0
2626,1984,1979,1974,1970,1484,319,201,143,1970,1968,1961,1977,1485,313,203,144,1961,1963,1966,1972,1476,313,206,147,1962,1962,1958,1970,1491,316,206,145,1956,1954,1963,1965,1481,323,204,147,1959,1961,1965,1965,1484,311,201,143,1968,1963,1961,1964,1491,293,194,139,1977,1966,1968,1978,1489,292,191,138,0,0,0,0,0,0,0,0,0,0,0,0,0,0,0,0,0,0,0,0,0,0,0,0,0,0,0,0,0,0,0,0,0,0,0,0,0,0,0,0,0,0,0,0,0,0,0,0,0,0,0,0,0,0,0,0,0,0,0,0,0,0,0,0
2627,1988,1973,1968,1982,1483,315,201,143,1967,1961,1968,1977,1471,311,204,143,1965,1957,1965,1968,1488,315,205,147,1962,1953,1957,1967,1481,318,207,145,1955,1963,1958,1968,1475,318,206,147,1959,1951,1962,1964,1475,310,202,142,1962,1958,1953,1963,1479,292,194,140,1981,1970,1970,1973,1475,288,187,138,0,0,0,0,0,0,0,0,0,0,0,0,0,0,0,0,0,0,0,0,0,0,0,0,0,0,0,0,0,0,0,0,0,0,0,0,0,0,0,0,0,0,0,0,0,0,0,0,0,0,0,0,0,0,0,0,0,0,0,0,0,0,0,0
2628,1987,1982,1981,1986,1488,315,201,143,1975,1962,1969,1974,1479,307,204,144,1965,1968,1960,1970,1483,316,204,146,1956,1959,1963,1957,1487,314,206,144,1966,1960,1959,1963,1482,316,202,147,1966,1952,1956,1964,1482,310,200,141,1972,1950,1964,1964,1474,287,194,141,1977,1966,1958,1970,1472,296,188,139,0,0,0,0,0,0,0,0,0,0,0,0,0,0,0,0,0,0,0,0,0,0,0,0,0,0,0,0,0,0,0,0,0,0,0,0,0,0,0,0,0,0,0,0,0,0,0,0,0,0,0,0,0,0,0,0,0,0,0,0,0,0,0,0
2629,1994,1972,1978,1978,1494,318,200,144,1964,1964,1971,1971,1475,314,201,144,1969,1959,1964,1970,1478,318,207,146,1961,1958,1963,1963,1479,317,208,144,1959,1957,1954,1966,1486,319,204,147,1965,1953,1967,1966,1477,311,201,141,1962,1966,1963,1969,1472,298,194,142,1974,1965,1970,1981,1464,293,187,139,0,0,0,0,0,0,0,0,0,0,0,0,0,0,0,0,0,0,0,0,0,0,0,0,0,0,0,0,0,0,0,0,0,0,0,0,0,0,0,0,0,0,0,0,0,0,0,0,0,0,0,0,0,0,0,0,0,0,0,0,0,0,0,0
2630,1985,1978,1970,1984,1489,317,202,143,1972,1963,1969,1978,1481,309,203,143,1970,1965,1975,1972,1473,316,207,147,1957,1957,1964,1965,1486,314,209,144,1955,1962,1961,1967,1475,316,203,146,1967,1951,1968,1969,1483,314,201,143,1959,1964,1961,1969,1482,292,196,141,1980,1968,1968,1967,1466,295,187,139,0,0,0,0,0,0,0,0,0,0,0,0,0,0,0,0,0,0,0,0,0,0,0,0,0,0,0,0,0,0,0,0,0,0,0,0,0,0,0,0,0,0,0,0,0,0,0,0,0,0,0,0,0,0,0,0,0,0,0,0,0,0,0,0
2631,1987,1969,1965,1979,1489,317,202,143,1975,1962,1965,1973,1486,308,202,144,1967,1960,1962,1971,1477,311,207,146,1954,1952,1962,1969,1479,317,207,145,1962,1959,1957,1973,1475,317,205,146,1959,1945,1962,1967,1478,311,201,141,1968,1952,1958,1954,1480,289,192,142,1976,1974,1965,1977,1476,297,189,140,0,0,0,0,0,0,0,0,0,0,0,0,0,0,0,0,0,0,0,0,0,0,0,0,0,0,0,0,0,0,0,0,0,0,0,0,0,0,0,0,0,0,0,0,0,0,0,0,0,0,0,0,0,0,0,0,0,0,0,0,0,0,0,0
2632,1987,1976,1977,1987,1489,312,201,144,1966,1964,1971,1973,1476,308,203,144,1968,1964,1965,1979,1478,311,206,147,1957,1957,1959,1967,1476,314,207,145,1967,1957,1957,1968,1482,315,204,147,1958,1956,1963,1965,1482,309,202,141,1963,1971,1955,1962,1476,290,193,141,1967,1978,1969,1972,1484,290,191,139,0,0,0,0,0,0,0,0,0,0,0,0,0,0,0,0,0,0,0,0,0,0,0,0,0,0,0,0,0,0,0,0,0,0,0,0,0,0,0,0,0,0,0,0,0,0,0,0,0,0,0,0,0,0,0,0,0,0,0,0,0,0,0,0
2633,1985,1978,1970,1980,1475,312,201,144,1964,1953,1967,1970,1479,310,203,143,1966,1962,1962,1976,1482,316,206,146,1961,1955,1963,1969,1486,315,209,144,1961,1964,1965,1966,1472,312,202,145,1959,1956,1962,1973,1489,308,200,141,1954,1966,1962,1962,1482,288,193,140,1973,1963,1961,1964,1477,290,189,138,0,0,0,0,0,0,0,0,0,0,0,0,0,0,0,0,0,0,0,0,0,0,0,0,0,0,0,0,0,0,0,0,0,0,0,0,0,0,0,0,0,0,0,0,0,0,0,0,0,0,0,0,0,0,0,0,0,0,0,0,0,0,0,0
2634,1985,1981,1976,1990,1485,313,201,143,1974,1968,1964,1971,1482,310,204,143,1964,1957,1961,1979,1483,318,206,145,1960,1961,1963,1972,1482,315,208,145,1962,1956,1971,1972,1482,317,203,147,1963,1962,1963,1974,1473,313,202,141,1977,1964,1959,1970,1470,289,193,142,1968,1969,1958,1971,1468,293,189,139,0,0,0,0,0,0,0,0,0,0,0,0,0,0,0,0,0,0,0,0,0,0,0,0,0,0,0,0,0,0,0,0,0,0,0,0,0,0,0,0,0,0,0,0,0,0,0,0,0,0,0,0,0,0,0,0,0,0,0,0,0,0,0,0
2635,1979,1974,1972,1982,1485,319,201,144,1962,1968,1962,1973,1479,310,203,144,1957,1960,1964,1971,1480,313,203,145,1948,1958,1962,1968,1492,314,208,146,1954,1956,1958,1967,1477,316,205,147,1953,1959,1959,1964,1482,310,201,143,1968,1953,1964,1965,1485,292,194,141,1970,1977,1971,1972,1484,291,191,138,0,0,0,0,0,0,0,0,0,0,0,0,0,0,0,0,0,0,0,0,0,0,0,0,0,0,0,0,0,0,0,0,0,0,0,0,0,0,0,0,0,0,0,0,0,0,0,0,0,0,0,0,0,0,0,0,0,0,0,0,0,0,0,0
2636,1988,1975,1977,1974,1499,309,203,143,1973,1968,1965,1976,1472,314,204,143,1954,1957,1961,1975,1483,314,208,146,1956,1955,1965,1969,1484,321,207,146,1956,1958,1968,1973,1483,319,202,147,1952,1953,1960,1968,1483,312,201,142,1962,1962,1956,1968,1465,291,195,141,1983,1971,1977,1974,1462,294,191,138,0,0,0,0,0,0,0,0,0,0,0,0,0,0,0,0,0,0,0,0,0,0,0,0,0,0,0,0,0,0,0,0,0,0,0,0,0,0,0,0,0,0,0,0,0,0,0,0,0,0,0,0,0,0,0,0,0,0,0,0,0,0,0,0
2637,1975,1976,1979,1978,1483,313,202,144,1959,1957,1967,1973,1479,308,202,144,1959,1963,1965,1967,1477,316,206,145,1956,1954,1962,1969,1486,314,207,146,1957,1951,1957,1966,1477,317,202,146,1961,1947,1959,1964,1475,313,199,143,1970,1964,1959,1961,1488,293,195,140,1967,1965,1972,1968,1473,293,189,139,0,0,0,0,0,0,0,0,0,0,0,0,0,0,0,0,0,0,0,0,0,0,0,0,0,0,0,0,0,0,0,0,0,0,0,0,0,0,0,0,0,0,0,0,0,0,0,0,0,0,0,0,0,0,0,0,0,0,0,0,0,0,0,0
2638,1979,1980,1974,1981,1482,312,201,143,1964,1973,1970,1977,1478,314,204,145,1963,1955,1971,1981,1479,314,207,148,1960,1957,1964,1963,1484,324,209,145,1952,1959,1964,1973,1477,320,202,147,1945,1960,1956,1964,1474,309,199,142,1969,1966,1957,1964,1467,292,193,141,1974,1967,1972,1983,1484,294,189,139,0,0,0,0,0,0,0,0,0,0,0,0,0,0,0,0,0,0,0,0,0,0,0,0,0,0,0,0,0,0,0,0,0,0,0,0,0,0,0,0,0,0,0,0,0,0,0,0,0,0,0,0,0,0,0,0,0,0,0,0,0,0,0,0
2639,1991,1976,1964,1972,1494,312,202,143,1972,1967,1968,1976,1484,314,201,144,1972,1963,1968,1981,1483,316,207,148,1966,1950,1964,1969,1484,318,207,144,1959,1954,1963,1965,1482,319,203,146,1951,1955,1962,1960,1486,309,201,142,1962,1958,1958,1957,1466,290,194,142,1973,1970,1969,1968,1480,289,189,139,0,0,0,0,0,0,0,0,0,0,0,0,0,0,0,0,0,0,0,0,0,0,0,0,0,0,0,0,0,0,0,0,0,0,0,0,0,0,0,0,0,0,0,0,0,0,0,0,0,0,0,0,0,0,0,0,0,0,0,0,0,0,0,0
2640,1989,1976,1980,1980,1494,318,203,144,1968,1961,1969,1968,1483,312,203,144,1966,1961,1967,1977,1477,315,208,146,1966,1950,1962,1983,1479,312,208,145,1958,1955,1963,1972,1481,318,206,147,1952,1965,1960,1964,1487,314,202,141,1973,1961,1956,1973,1483,299,193,140,1970,1967,1967,1972,1467,290,190,139,0,0,0,0,0,0,0,0,0,0,0,0,0,0,0,0,0,0,0,0,0,0,0,0,0,0,0,0,0,0,0,0,0,0,0,0,0,0,0,0,0,0,0,0,0,0,0,0,0,0,0,0,0,0,0,0,0,0,0,0,0,0,0,0
2641,1981,1965,1965,1982,1480,315,202,143,1964,1972,1968,1986,1484,311,202,144,1963,1956,1960,1970,1465,318,206,145,1956,1949,1956,1967,1483,312,208,144,1949,1966,1956,1962,1472,320,202,145,1962,1954,1967,1961,1468,305,200,142,1969,1957,1964,1958,1468,295,191,141,1982,1967,1968,1967,1487,291,189,140,0,0,0,0,0,0,0,0,0,0,0,0,0,0,0,0,0,0,0,0,0,0,0,0,0,0,0,0,0,0,0,0,0,0,0,0,0,0,0,0,0,0,0,0,0,0,0,0,0,0,0,0,0,0,0,0,0,0,0,0,0,0,0,0
2642,1986,1981,1979,1977,1479,317,202,144,1967,1968,1968,1969,1478,309,204,145,1958,1957,1970,1977,1474,313,206,146,1965,1949,1964,1967,1482,319,210,144,1960,1966,1963,1973,1481,315,205,146,1956,1949,1963,1974,1474,308,200,144,1972,1961,1965,1969,1465,291,195,141,1978,1967,1980,1966,1473,292,189,138,0,0,0,0,0,0,0,0,0,0,0,0,0,0,0,0,0,0,0,0,0,0,0,0,0,0,0,0,0,0,0,0,0,0,0,0,0,0,0,0,0,0,0,0,0,0,0,0,0,0,0,0,0,0,0,0,0,0,0,0,0,0,0,0
2643,1985,1981,1974,1980,1490,313,201,145,1971,1961,1968,1974,1479,311,202,144,1957,1955,1966,1979,1487,313,206,146,1956,1955,1964,1962,1491,317,208,144,1965,1958,1960,1969,1476,316,203,147,1962,1963,1952,1964,1481,312,201,142,1964,1955,1956,1970,1475,298,194,140,1981,1968,1966,1980,1467,295,192,139,0,0,0,0,0,0,0,0,0,0,0,0,0,0,0,0,0,0,0,0,0,0,0,0,0,0,0,0,0,0,0,0,0,0,0,0,0,0,0,0,0,0,0,0,0,0,0,0,0,0,0,0,0,0,0,0,0,0,0,0,0,0,0,0
2644,1975,1984,1970,1981,1482,315,202,142,1974,1965,1970,1973,1484,319,206,144,1966,1964,1969,1975,1485,314,209,145,1953,1954,1965,1970,1489,316,208,146,1957,1960,1958,1961,1481,315,204,146,1962,1954,1970,1971,1472,301,199,144,1963,1965,1966,1973,1472,295,193,142,1970,1973,1966,1972,1464,299,189,139,0,0,0,0,0,0,0,0,0,0,0,0,0,0,0,0,0,0,0,0,0,0,0,0,0,0,0,0,0,0,0,0,0,0,0,0,0,0,0,0,0,0,0,0,0,0,0,0,0,0,0,0,0,0,0,0,0,0,0,0,0,0,0,0
2645,1977,1982,1968,1985,1483,311,200,142,1969,1963,1968,1969,1480,314,203,143,1959,1955,1963,1974,1482,317,206,147,1956,1952,1956,1966,1481,317,207,146,1954,1958,1960,1965,1484,317,203,146,1964,1958,1963,1960,1484,312,202,143,1964,1958,1970,1958,1477,291,195,142,1969,1961,1965,1972,1475,294,190,139,0,0,0,0,0,0,0,0,0,0,0,0,0,0,0,0,0,0,0,0,0,0,0,0,0,0,0,0,0,0,0,0,0,0,0,0,0,0,0,0,0,0,0,0,0,0,0,0,0,0,0,0,0,0,0,0,0,0,0,0,0,0,0,0
2646,1990,1985,1977,1985,1486,316,201,144,1969,1964,1968,1974,1477,307,204,145,1963,1967,1960,1963,1471,319,208,146,1967,1963,1966,1967,1491,312,207,147,1963,1955,1958,1971,1485,315,204,145,1964,1953,1961,1965,1479,313,202,142,1965,1957,1960,1960,1483,293,194,140,1981,1974,1968,1971,1475,292,192,140,0,0,0,0,0,0,0,0,0,0,0,0,0,0,0,0,0,0,0,0,0,0,0,0,0,0,0,0,0,0,0,0,0,0,0,0,0,0,0,0,0,0,0,0,0,0,0,0,0,0,0,0,0,0,0,0,0,0,0,0,0,0,0,0
2647,1988,1977,1967,1974,1492,311,203,144,1970,1958,1965,1977,1472,313,203,143,1963,1965,1961,1979,1482,312,206,145,1954,1956,1961,1969,1479,317,207,144,1949,1954,1959,1978,1480,315,204,146,1955,1954,1959,1962,1477,311,201,142,1962,1966,1959,1958,1474,286,195,140,1968,1963,1969,1971,1468,293,190,138,0,0,0,0,0,0,0,0,0,0,0,0,0,0,0,0,0,0,0,0,0,0,0,0,0,0,0,0,0,0,0,0,0,0,0,0,0,0,0,0,0,0,0,0,0,0,0,0,0,0,0,0,0,0,0,0,0,0,0,0,0,0,0,0
2648,1978,1972,1976,1979,1479,316,203,144,1972,1965,1969,1969,1478,316,203,144,1964,1957,1961,1977,1488,315,205,146,1952,1959,1962,1960,1491,319,207,145,1954,1954,1965,1965,1473,313,203,147,1957,1953,1954,1964,1475,317,199,141,1964,1953,1965,1970,1477,295,194,143,1983,1973,1962,1972,1481,296,189,139,0,0,0,0,0,0,0,0,0,0,0,0,0,0,0,0,0,0,0,0,0,0,0,0,0,0,0,0,0,0,0,0,0,0,0,0,0,0,0,0,0,0,0,0,0,0,0,0,0,0,0,0,0,0,0,0,0,0,0,0,0,0,0,0
2649,1989,1973,1978,1975,1473,320,200,143,1972,1971,1961,1977,1481,307,203,142,1967,1954,1962,1974,1476,312,207,147,1960,1955,1960,1972,1472,319,205,146,1960,1954,1951,1967,1479,313,204,146,1958,1955,1962,1966,1473,313,200,141,1967,1961,1963,1962,1476,293,195,140,1971,1971,1969,1964,1481,289,188,137,0,0,0,0,0,0,0,0,0,0,0,0,0,0,0,0,0,0,0,0,0,0,0,0,0,0,0,0,0,0,0,0,0,0,0,0,0,0,0,0,0,0,0,0,0,0,0,0,0,0,0,0,0,0,0,0,0,0,0,0,0,0,0,0
2650,1988,1989,1977,1985,1483,314,203,143,1971,1965,1969,1977,1472,314,203,144,1967,1963,1969,1965,1487,317,206,145,1956,1958,1968,1966,1480,318,208,146,1953,1962,1959,1972,1480,319,204,147,1953,1955,1954,1969,1479,312,202,144,1964,1963,1967,1966,1479,294,193,141,1968,1982,1967,1981,1472,294,188,138,0,0,0,0,0,0,0,0,0,0,0,0,0,0,0,0,0,0,0,0,0,0,0,0,0,0,0,0,0,0,0,0,0,0,0,0,0,0,0,0,0,0,0,0,0,0,0,0,0,0,0,0,0,0,0,0,0,0,0,0,0,0,0,0
2651,1986,1971,1970,1986,1486,321,202,143,1975,1962,1970,1967,1479,314,204,145,1966,1968,1964,1972,1476,313,206,146,1961,1950,1973,1967,1490,320,207,144,1959,1959,1957,1965,1476,318,204,147,1958,1951,1960,1959,1469,315,202,141,1965,1955,1958,1967,1473,291,193,142,1982,1972,1970,1966,1470,294,190,138,0,0,0,0,0,0,0,0,0,0,0,0,0,0,0,0,0,0,0,0,0,0,0,0,0,0,0,0,0,0,0,0,0,0,0,0,0,0,0,0,0,0,0,0,0,0,0,0,0,0,0,0,0,0,0,0,0,0,0,0,0,0,0,0
2652,1982,1977,1973,1987,1485,319,201,144,1969,1962,1969,1973,1480,314,202,145,1962,1966,1962,1972,1489,315,206,148,1964,1966,1960,1964,1488,319,210,145,1965,1960,1961,1976,1479,312,204,147,1961,1951,1964,1963,1476,312,200,142,1968,1962,1957,1971,1473,295,192,141,1979,1962,1971,1969,1457,300,191,139,0,0,0,0,0,0,0,0,0,0,0,0,0,0,0,0,0,0,0,0,0,0,0,0,0,0,0,0,0,0,0,0,0,0,0,0,0,0,0,0,0,0,0,0,0,0,0,0,0,0,0,0,0,0,0,0,0,0,0,0,0,0,0,0
2653,1988,1978,1979,1977,1479,317,203,145,1965,1969,1963,1967,1482,314,201,144,1966,1956,1964,1976,1476,320,205,146,1954,1955,1959,1966,1482,315,207,146,1961,1954,1964,1971,1476,316,203,147,1955,1962,1955,1961,1484,312,199,142,1952,1971,1955,1968,1474,289,193,141,1975,1964,1967,1973,1476,294,189,139,0,0,0,0,0,0,0,0,0,0,0,0,0,0,0,0,0,0,0,0,0,0,0,0,0,0,0,0,0,0,0,0,0,0,0,0,0,0,0,0,0,0,0,0,0,0,0,0,0,0,0,0,0,0,0,0,0,0,0,0,0,0,0,0
2654,1981,1992,1980,1980,1484,319,202,145,1976,1970,1972,1971,1483,315,203,144,1961,1960,1968,1974,1478,319,205,145,1960,1955,1956,1970,1484,313,208,143,1959,1957,1959,1974,1481,312,203,147,1964,1957,1969,1968,1483,310,199,141,1967,1970,1961,1964,1476,292,194,142,1981,1971,1968,1973,1488,296,189,138,0,0,0,0,0,0,0,0,0,0,0,0,0,0,0,0,0,0,0,0,0,0,0,0,0,0,0,0,0,0,0,0,0,0,0,0,0,0,0,0,0,0,0,0,0,0,0,0,0,0,0,0,0,0,0,0,0,0,0,0,0,0,0,0
2655,1987,1983,1981,1975,1492,317,202,143,1963,1965,1969,1971,1482,309,204,143,1970,1961,1972,1977,1482,322,206,146,1953,1955,1958,1969,1485,313,207,143,1954,1956,1963,1968,1482,318,205,145,1959,1959,1957,1969,1476,309,201,142,1962,1950,1961,1965,1484,299,193,142,1974,1969,1961,1974,1466,292,190,138,0,0,0,0,0,0,0,0,0,0,0,0,0,0,0,0,0,0,0,0,0,0,0,0,0,0,0,0,0,0,0,0,0,0,0,0,0,0,0,0,0,0,0,0,0,0,0,0,0,0,0,0,0,0,0,0,0,0,0,0,0,0,0,0
2656,1991,1980,1972,1986,1482,311,202,144,1967,1967,1968,1974,1484,306,203,145,1961,1962,1971,1966,1484,318,204,146,1967,1960,1965,1970,1481,318,207,145,1957,1954,1966,1965,1477,313,203,148,1954,1957,1956,1966,1464,313,202,141,1964,1972,1959,1969,1479,292,195,141,1973,1969,1970,1971,1480,293,190,138,0,0,0,0,0,0,0,0,0,0,0,0,0,0,0,0,0,0,0,0,0,0,0,0,0,0,0,0,0,0,0,0,0,0,0,0,0,0,0,0,0,0,0,0,0,0,0,0,0,0,0,0,0,0,0,0,0,0,0,0,0,0,0,0
2657,1978,1972,1971,1968,1486,314,199,143,1972,1958,1967,1966,1473,310,204,143,1966,1964,1966,1969,1475,320,205,146,1957,1961,1959,1962,1486,317,207,145,1964,1956,1961,1966,1481,311,203,147,1957,1956,1959,1969,1470,312,200,142,1948,1965,1959,1969,1468,291,191,141,1983,1966,1965,1972,1488,291,191,139,0,0,0,0,0,0,0,0,0,0,0,0,0,0,0,0,0,0,0,0,0,0,0,0,0,0,0,0,0,0,0,0,0,0,0,0,0,0,0,0,0,0,0,0,0,0,0,0,0,0,0,0,0,0,0,0,0,0,0,0,0,0,0,0
2658,1977,1977,1979,1989,1485,315,202,144,1967,1965,1964,1976,1474,310,203,143,1964,1962,1965,1976,1480,310,206,145,1964,1951,1952,1970,1490,317,208,146,1956,1954,1962,1964,1486,319,203,147,1968,1956,1956,1971,1482,312,201,142,1964,1961,1957,1960,1473,292,195,141,1973,1974,1967,1968,1480,289,190,139,0,0,0,0,0,0,0,0,0,0,0,0,0,0,0,0,0,0,0,0,0,0,0,0,0,0,0,0,0,0,0,0,0,0,0,0,0,0,0,0,0,0,0,0,0,0,0,0,0,0,0,0,0,0,0,0,0,0,0,0,0,0,0,0
2659,1976,1977,1969,1984,1473,323,201,143,1960,1960,1970,1969,1482,310,201,144,1960,1958,1957,1969,1488,316,205,145,1960,1960,1966,1971,1488,316,206,145,1964,1957,1954,1968,1483,320,202,147,1951,1953,1957,1966,1481,309,198,141,1969,1966,1958,1968,1469,292,193,140,1972,1967,1966,1968,1488,293,189,139,0,0,0,0,0,0,0,0,0,0,0,0,0,0,0,0,0,0,0,0,0,0,0,0,0,0,0,0,0,0,0,0,0,0,0,0,0,0,0,0,0,0,0,0,0,0,0,0,0,0,0,0,0,0,0,0,0,0,0,0,0,0,0,0
2660,1993,1970,1972,1985,1482,316,201,146,1964,1964,1965,1973,1477,314,205,145,1963,1963,1965,1964,1477,313,206,147,1957,1953,1967,1965,1480,314,207,147,1952,1957,1963,1968,1477,318,204,147,1959,1958,1960,1968,1485,311,199,141,1962,1955,1965,1965,1476,293,193,141,1981,1975,1964,1976,1482,295,190,137,0,0,0,0,0,0,0,0,0,0,0,0,0,0,0,0,0,0,0,0,0,0,0,0,0,0,0,0,0,0,0,0,0,0,0,0,0,0,0,0,0,0,0,0,0,0,0,0,0,0,0,0,0,0,0,0,0,0,0,0,0,0,0,0
2661,1984,1991,1977,1983,1485,314,202,143,1964,1967,1970,1967,1475,309,202,144,1956,1958,1961,1972,1491,313,205,146,1957,1968,1955,1963,1485,317,206,145,1964,1961,1961,1966,1474,314,204,146,1958,1961,1960,1964,1477,308,199,141,1967,1963,1957,1969,1477,296,194,141,1963,1965,1959,1971,1481,286,190,139,0,0,0,0,0,0,0,0,0,0,0,0,0,0,0,0,0,0,0,0,0,0,0,0,0,0,0,0,0,0,0,0,0,0,0,0,0,0,0,0,0,0,0,0,0,0,0,0,0,0,0,0,0,0,0,0,0,0,0,0,0,0,0,0
2662,1991,1978,1971,1982,1492,312,200,144,1966,1961,1966,1976,1476,313,204,144,1961,1954,1964,1971,1484,318,207,146,1955,1954,1963,1972,1486,313,207,143,1956,1956,1958,1961,1482,315,204,147,1963,1962,1953,1963,1480,307,200,143,1961,1955,1961,1963,1473,293,191,142,1979,1975,1960,1968,1486,286,190,138,0,0,0,0,0,0,0,0,0,0,0,0,0,0,0,0,0,0,0,0,0,0,0,0,0,0,0,0,0,0,0,0,0,0,0,0,0,0,0,0,0,0,0,0,0,0,0,0,0,0,0,0,0,0,0,0,0,0,0,0,0,0,0,0
2663,1979,1981,1974,1987,1485,319,201,143,1973,1969,1975,1978,1476,314,204,144,1969,1961,1958,1972,1478,316,204,146,1955,1948,1962,1972,1477,325,208,144,1954,1961,1959,1965,1477,314,203,147,1967,1961,1962,1963,1483,310,199,141,1967,1957,1964,1963,1479,292,196,143,1977,1963,1967,1982,1472,294,189,138,0,0,0,0,0,0,0,0,0,0,0,0,0,0,0,0,0,0,0,0,0,0,0,0,0,0,0,0,0,0,0,0,0,0,0,0,0,0,0,0,0,0,0,0,0,0,0,0,0,0,0,0,0,0,0,0,0,0,0,0,0,0,0,0
2664,1985,1985,1979,1990,1492,315,202,144,1978,1960,1967,1972,1474,310,204,144,1965,1963,1976,1971,1480,315,206,146,1957,1956,1969,1971,1478,313,207,146,1963,1958,1958,1967,1475,319,202,147,1963,1961,1959,1973,1483,307,201,142,1966,1960,1959,1970,1477,293,193,142,1983,1972,1963,1971,1455,294,189,140,0,0,0,0,0,0,0,0,0,0,0,0,0,0,0,0,0,0,0,0,0,0,0,0,0,0,0,0,0,0,0,0,0,0,0,0,0,0,0,0,0,0,0,0,0,0,0,0,0,0,0,0,0,0,0,0,0,0,0,0,0,0,0,0
2665,1983,1983,1974,1980,1477,314,202,143,1966,1970,1971,1978,1480,308,203,143,1964,1964,1965,1977,1477,317,206,146,1954,1954,1970,1971,1477,314,209,144,1963,1954,1959,1968,1488,316,202,145,1953,1950,1959,1965,1485,307,203,140,1961,1959,1959,1970,1471,291,193,140,1975,1960,1968,1976,1484,289,190,139,0,0,0,0,0,0,0,0,0,0,0,0,0,0,0,0,0,0,0,0,0,0,0,0,0,0,0,0,0,0,0,0,0,0,0,0,0,0,0,0,0,0,0,0,0,0,0,0,0,0,0,0,0,0,0,0,0,0,0,0,0,0,0,0
2666,1989,1985,1975,1992,1491,316,202,145,1977,1964,1967,1980,1473,311,204,144,1976,1958,1963,1976,1487,319,206,146,1953,1955,1968,1964,1491,315,208,145,1960,1962,1955,1964,1487,321,203,147,1951,1955,1957,1965,1484,311,201,142,1970,1956,1964,1968,1464,290,193,141,1970,1969,1970,1969,1472,292,190,138,0,0,0,0,0,0,0,0,0,0,0,0,0,0,0,0,0,0,0,0,0,0,0,0,0,0,0,0,0,0,0,0,0,0,0,0,0,0,0,0,0,0,0,0,0,0,0,0,0,0,0,0,0,0,0,0,0,0,0,0,0,0,0,0
2667,1990,1975,1977,1986,1479,319,199,143,1976,1962,1967,1971,1472,310,203,144,1956,1958,1963,1970,1482,314,206,146,1952,1952,1965,1969,1486,321,205,145,1957,1958,1961,1974,1473,316,203,146,1958,1958,1959,1967,1484,316,200,142,1965,1959,1962,1967,1473,289,194,141,1968,1967,1966,1968,1473,289,190,138,0,0,0,0,0,0,0,0,0,0,0,0,0,0,0,0,0,0,0,0,0,0,0,0,0,0,0,0,0,0,0,0,0,0,0,0,0,0,0,0,0,0,0,0,0,0,0,0,0,0,0,0,0,0,0,0,0,0,0,0,0,0,0,0
2668,1985,1989,1977,1975,1488,315,202,144,1964,1974,1965,1964,1478,312,203,145,1960,1965,1968,1973,1484,318,205,145,1964,1961,1969,1964,1480,318,207,144,1952,1957,1956,1972,1486,313,205,146,1960,1954,1965,1968,1474,309,201,143,1969,1962,1960,1968,1483,297,195,142,1972,1959,1963,1967,1473,294,189,139,0,0,0,0,0,0,0,0,0,0,0,0,0,0,0,0,0,0,0,0,0,0,0,0,0,0,0,0,0,0,0,0,0,0,0,0,0,0,0,0,0,0,0,0,0,0,0,0,0,0,0,0,0,0,0,0,0,0,0,0,0,0,0,0
2669,1983,1987,1972,1986,1481,315,202,143,1967,1962,1963,1976,1485,314,203,144,1968,1964,1968,1970,1477,317,206,145,1962,1948,1961,1961,1484,318,208,143,1957,1966,1959,1961,1476,316,202,147,1962,1949,1952,1965,1477,311,202,142,1960,1965,1966,1961,1480,291,195,142,1967,1965,1964,1965,1484,287,188,138,0,0,0,0,0,0,0,0,0,0,0,0,0,0,0,0,0,0,0,0,0,0,0,0,0,0,0,0,0,0,0,0,0,0,0,0,0,0,0,0,0,0,0,0,0,0,0,0,0,0,0,0,0,0,0,0,0,0,0,0,0,0,0,0
2670,1990,1974,1974,1982,1485,319,203,143,1975,1953,1971,1972,1485,315,204,144,1962,1959,1958,1969,1477,317,206,147,1949,1958,1967,1970,1487,316,207,146,1957,1958,1955,1974,1481,319,204,147,1961,1967,1962,1966,1489,308,201,142,1967,1956,1963,1970,1466,291,194,141,1974,1975,1968,1966,1474,292,191,138,0,0,0,0,0,0,0,0,0,0,0,0,0,0,0,0,0,0,0,0,0,0,0,0,0,0,0,0,0,0,0,0,0,0,0,0,0,0,0,0,0,0,0,0,0,0,0,0,0,0,0,0,0,0,0,0,0,0,0,0,0,0,0,0
2671,1982,1982,1975,1987,1486,319,202,143,1970,1962,1964,1976,1477,307,204,144,1963,1961,1964,1969,1473,317,206,146,1955,1958,1960,1971,1488,315,207,145,1965,1955,1954,1969,1480,311,204,146,1964,1955,1958,1962,1471,313,202,144,1962,1957,1952,1967,1475,297,191,141,1972,1976,1968,1971,1470,290,189,139,0,0,0,0,0,0,0,0,0,0,0,0,0,0,0,0,0,0,0,0,0,0,0,0,0,0,0,0,0,0,0,0,0,0,0,0,0,0,0,0,0,0,0,0,0,0,0,0,0,0,0,0,0,0,0,0,0,0,0,0,0,0,0,0
2672,1990,1990,1981,1988,1487,318,202,144,1969,1961,1971,1972,1485,311,204,144,1960,1957,1968,1979,1490,317,207,148,1959,1961,1961,1971,1481,313,208,145,1962,1957,1957,1968,1475,317,204,146,1959,1952,1962,1966,1476,312,199,144,1957,1960,1961,1961,1474,290,193,142,1973,1967,1963,1969,1479,293,189,138,0,0,0,0,0,0,0,0,0,0,0,0,0,0,0,0,0,0,0,0,0,0,0,0,0,0,0,0,0,0,0,0,0,0,0,0,0,0,0,0,0,0,0,0,0,0,0,0,0,0,0,0,0,0,0,0,0,0,0,0,0,0,0,0
2673,1983,1976,1980,1976,1485,319,202,143,1965,1978,1974,1964,1477,311,203,142,1957,1956,1965,1970,1479,312,205,147,1952,1955,1968,1965,1486,317,208,145,1961,1960,1968,1976,1483,313,204,146,1961,1950,1969,1971,1479,305,201,141,1962,1959,1950,1964,1465,296,193,140,1976,1965,1965,1968,1477,292,190,137,0,0,0,0,0,0,0,0,0,0,0,0,0,0,0,0,0,0,0,0,0,0,0,0,0,0,0,0,0,0,0,0,0,0,0,0,0,0,0,0,0,0,0,0,0,0,0,0,0,0,0,0,0,0,0,0,0,0,0,0,0,0,0,0
2674,1988,1974,1969,1988,1490,317,201,144,1970,1959,1969,1972,1475,310,204,144,1969,1965,1966,1980,1477,313,205,146,1959,1959,1973,1967,1494,315,208,147,1953,1954,1964,1966,1481,321,203,146,1960,1956,1960,1972,1476,311,200,143,1959,1966,1955,1980,1488,292,196,142,1979,1969,1980,1967,1472,294,191,138,0,0,0,0,0,0,0,0,0,0,0,0,0,0,0,0,0,0,0,0,0,0,0,0,0,0,0,0,0,0,0,0,0,0,0,0,0,0,0,0,0,0,0,0,0,0,0,0,0,0,0,0,0,0,0,0,0,0,0,0,0,0,0,0
2675,1980,1977,1972,1983,1490,316,201,143,1962,1963,1973,1971,1478,312,201,144,1966,1959,1967,1974,1477,314,207,146,1953,1956,1958,1960,1489,319,206,147,1959,1956,1959,1973,1479,323,203,144,1959,1951,1956,1965,1468,311,200,141,1964,1951,1959,1964,1471,299,193,140,1979,1964,1976,1965,1488,297,189,139,0,0,0,0,0,0,0,0,0,0,0,0,0,0,0,0,0,0,0,0,0,0,0,0,0,0,0,0,0,0,0,0,0,0,0,0,0,0,0,0,0,0,0,0,0,0,0,0,0,0,0,0,0,0,0,0,0,0,0,0,0,0,0,0
2676,1981,1974,1960,1974,1488,314,202,144,1977,1955,1967,1977,1474,310,202,143,1971,1956,1958,1974,1477,316,205,146,1966,1956,1958,1970,1482,317,208,146,1963,1961,1965,1958,1489,315,203,147,1960,1949,1958,1968,1476,311,201,141,1962,1956,1965,1968,1464,293,194,141,1965,1980,1966,1966,1491,294,189,137,0,0,0,0,0,0,0,0,0,0,0,0,0,0,0,0,0,0,0,0,0,0,0,0,0,0,0,0,0,0,0,0,0,0,0,0,0,0,0,0,0,0,0,0,0,0,0,0,0,0,0,0,0,0,0,0,0,0,0,0,0,0,0,0
2677,1989,1981,1978,1973,1490,315,201,144,1976,1958,1965,1977,1482,302,204,142,1965,1956,1966,1977,1464,314,206,146,1962,1966,1958,1972,1482,322,206,145,1955,1958,1957,1967,1476,314,203,146,1952,1954,1967,1970,1481,311,201,142,1964,1963,1959,1954,1470,296,194,141,1974,1970,1970,1971,1485,290,190,139,0,0,0,0,0,0,0,0,0,0,0,0,0,0,0,0,0,0,0,0,0,0,0,0,0,0,0,0,0,0,0,0,0,0,0,0,0,0,0,0,0,0,0,0,0,0,0,0,0,0,0,0,0,0,0,0,0,0,0,0,0,0,0,0
2678,1982,1978,1976,1987,1485,320,202,145,1968,1963,1971,1977,1479,308,204,144,1970,1956,1963,1978,1485,313,205,147,1960,1949,1964,1962,1476,319,207,145,1960,1961,1952,1972,1485,320,204,146,1951,1965,1960,1964,1474,314,199,144,1962,1960,1963,1969,1474,292,192,142,1972,1973,1964,1969,1461,295,191,139,0,0,0,0,0,0,0,0,0,0,0,0,0,0,0,0,0,0,0,0,0,0,0,0,0,0,0,0,0,0,0,0,0,0,0,0,0,0,0,0,0,0,0,0,0,0,0,0,0,0,0,0,0,0,0,0,0,0,0,0,0,0,0,0
2679,1983,1979,1975,1985,1483,314,201,144,1983,1960,1954,1968,1483,314,203,144,1964,1958,1962,1977,1478,312,207,146,1955,1966,1969,1964,1485,316,208,146,1963,1960,1959,1968,1483,314,203,147,1960,1967,1957,1972,1476,308,199,141,1975,1960,1957,1967,1471,302,193,141,1980,1981,1973,1981,1479,292,189,137,0,0,0,0,0,0,0,0,0,0,0,0,0,0,0,0,0,0,0,0,0,0,0,0,0,0,0,0,0,0,0,0,0,0,0,0,0,0,0,0,0,0,0,0,0,0,0,0,0,0,0,0,0,0,0,0,0,0,0,0,0,0,0,0
2680,1985,1978,1982,1979,1487,312,202,144,1966,1966,1966,1965,1484,306,201,144,1962,1955,1966,1975,1481,314,205,147,1962,1955,1966,1976,1485,313,207,147,1959,1956,1963,1970,1482,312,204,146,1956,1952,1971,1962,1481,310,201,143,1966,1959,1972,1967,1473,293,195,142,1979,1967,1962,1963,1476,287,190,139,0,0,0,0,0,0,0,0,0,0,0,0,0,0,0,0,0,0,0,0,0,0,0,0,0,0,0,0,0,0,0,0,0,0,0,0,0,0,0,0,0,0,0,0,0,0,0,0,0,0,0,0,0,0,0,0,0,0,0,0,0,0,0,0
2681,1977,1970,1965,1985,1480,311,203,142,1963,1954,1967,1978,1476,310,204,144,1964,1957,1968,1974,1482,316,205,148,1963,1959,1967,1973,1486,319,208,144,1957,1963,1951,1963,1477,320,204,146,1962,1954,1955,1961,1485,311,200,142,1959,1958,1956,1972,1471,294,192,141,1977,1974,1966,1965,1472,292,189,139,0,0,0,0,0,0,0,0,0,0,0,0,0,0,0,0,0,0,0,0,0,0,0,0,0,0,0,0,0,0,0,0,0,0,0,0,0,0,0,0,0,0,0,0,0,0,0,0,0,0,0,0,0,0,0,0,0,0,0,0,0,0,0,0
2682,1992,1979,1971,1977,1482,310,201,143,1964,1967,1963,1966,1480,309,204,145,1960,1957,1972,1972,1482,317,206,146,1964,1964,1962,1972,1487,321,207,145,1962,1957,1961,1976,1477,318,202,146,1956,1948,1968,1967,1482,307,200,142,1959,1967,1963,1970,1479,296,192,142,1975,1968,1966,1975,1467,299,189,138,0,0,0,0,0,0,0,0,0,0,0,0,0,0,0,0,0,0,0,0,0,0,0,0,0,0,0,0,0,0,0,0,0,0,0,0,0,0,0,0,0,0,0,0,0,0,0,0,0,0,0,0,0,0,0,0,0,0,0,0,0,0,0,0
2683,1992,1978,1976,1974,1490,313,203,142,1974,1967,1972,1973,1475,316,202,143,1962,1956,1964,1981,1488,316,204,147,1957,1955,1966,1965,1482,316,206,146,1962,1954,1955,1969,1477,317,202,147,1952,1964,1961,1963,1472,310,200,140,1964,1965,1961,1967,1468,299,195,140,1974,1961,1973,1979,1478,294,190,139,0,0,0,0,0,0,0,0,0,0,0,0,0,0,0,0,0,0,0,0,0,0,0,0,0,0,0,0,0,0,0,0,0,0,0,0,0,0,0,0,0,0,0,0,0,0,0,0,0,0,0,0,0,0,0,0,0,0,0,0,0,0,0,0
2684,1973,1972,1970,1977,1492,322,202,144,1977,1955,1967,1971,1475,314,204,144,1967,1958,1962,1976,1482,312,205,147,1963,1958,1969,1964,1478,317,208,147,1958,1956,1962,1971,1478,321,202,147,1955,1957,1955,1962,1484,308,202,143,1970,1958,1961,1973,1477,298,195,143,1975,1969,1964,1974,1488,294,189,138,0,0,0,0,0,0,0,0,0,0,0,0,0,0,0,0,0,0,0,0,0,0,0,0,0,0,0,0,0,0,0,0,0,0,0,0,0,0,0,0,0,0,0,0,0,0,0,0,0,0,0,0,0,0,0,0,0,0,0,0,0,0,0,0
2685,1989,1985,1972,1976,1490,319,201,144,1964,1968,1968,1981,1483,312,202,144,1962,1959,1969,1969,1476,315,207,147,1958,1954,1956,1969,1484,316,208,145,1957,1965,1950,1961,1481,319,203,147,1965,1960,1964,1965,1485,309,202,141,1965,1958,1957,1956,1477,299,193,142,1977,1967,1970,1969,1472,292,189,139,0,0,0,0,0,0,0,0,0,0,0,0,0,0,0,0,0,0,0,0,0,0,0,0,0,0,0,0,0,0,0,0,0,0,0,0,0,0,0,0,0,0,0,0,0,0,0,0,0,0,0,0,0,0,0,0,0,0,0,0,0,0,0,0
2686,1985,1979,1968,1981,1493,319,202,144,1971,1968,1962,1984,1476,316,204,144,1961,1953,1963,1977,1481,313,206,147,1970,1956,1955,1969,1486,315,208,145,1956,1962,1964,1971,1491,322,204,146,1966,1959,1960,1969,1472,310,203,143,1966,1954,1964,1967,1473,288,194,142,1979,1968,1967,1973,1473,296,190,139,0,0,0,0,0,0,0,0,0,0,0,0,0,0,0,0,0,0,0,0,0,0,0,0,0,0,0,0,0,0,0,0,0,0,0,0,0,0,0,0,0,0,0,0,0,0,0,0,0,0,0,0,0,0,0,0,0,0,0,0,0,0,0,0
2687,1988,1974,1977,1990,1485,318,202,143,1966,1963,1970,1974,1482,311,203,144,1958,1956,1959,1972,1477,316,207,148,1957,1955,1960,1963,1486,320,207,144,1956,1960,1968,1969,1487,314,202,147,1964,1958,1962,1967,1487,315,200,143,1968,1964,1958,1966,1472,290,194,141,1979,1953,1970,1970,1466,290,189,138,0,0,0,0,0,0,0,0,0,0,0,0,0,0,0,0,0,0,0,0,0,0,0,0,0,0,0,0,0,0,0,0,0,0,0,0,0,0,0,0,0,0,0,0,0,0,0,0,0,0,0,0,0,0,0,0,0,0,0,0,0,0,0,0
2688,1985,1974,1973,1985,1483,317,201,143,1972,1960,1963,1969,1483,314,204,145,1963,1970,1970,1973,1486,320,204,147,1953,1950,1966,1977,1492,316,208,147,1963,1956,1962,1970,1475,318,205,147,1954,1959,1955,1963,1472,313,201,141,1973,1955,1960,1966,1464,290,193,142,1969,1972,1971,1970,1486,291,190,139,0,0,0,0,0,0,0,0,0,0,0,0,0,0,0,0,0,0,0,0,0,0,0,0,0,0,0,0,0,0,0,0,0,0,0,0,0,0,0,0,0,0,0,0,0,0,0,0,0,0,0,0,0,0,0,0,0,0,0,0,0,0,0,0
2689,1977,1983,1974,1981,1484,316,202,144,1964,1967,1970,1972,1473,309,202,144,1965,1955,1963,1981,1480,326,207,147,1961,1958,1959,1977,1489,319,207,145,1962,1954,1964,1966,1482,320,202,146,1958,1960,1952,1960,1478,308,200,143,1962,1961,1965,1963,1482,294,194,141,1989,1968,1964,1973,1467,289,189,138,0,0,0,0,0,0,0,0,0,0,0,0,0,0,0,0,0,0,0,0,0,0,0,0,0,0,0,0,0,0,0,0,0,0,0,0,0,0,0,0,0,0,0,0,0,0,0,0,0,0,0,0,0,0,0,0,0,0,0,0,0,0,0,0
2690,1988,1985,1972,1980,1486,313,203,144,1972,1969,1974,1970,1479,311,203,145,1956,1954,1978,1974,1485,318,206,147,1969,1960,1967,1970,1482,313,207,145,1966,1956,1960,1964,1485,316,203,147,1963,1955,1951,1960,1475,312,201,143,1960,1961,1963,1965,1469,292,193,141,1977,1971,1971,1976,1486,291,191,139,0,0,0,0,0,0,0,0,0,0,0,0,0,0,0,0,0,0,0,0,0,0,0,0,0,0,0,0,0,0,0,0,0,0,0,0,0,0,0,0,0,0,0,0,0,0,0,0,0,0,0,0,0,0,0,0,0,0,0,0,0,0,0,0
2691,1985,1981,1977,1984,1485,315,200,144,1963,1964,1965,1965,1478,313,203,146,1962,1955,1966,1973,1484,314,206,147,1950,1961,1964,1962,1480,318,208,145,1958,1954,1957,1965,1483,318,204,147,1958,1960,1957,1967,1480,311,201,141,1962,1960,1961,1968,1472,290,192,142,1976,1969,1969,1966,1463,295,189,138,0,0,0,0,0,0,0,0,0,0,0,0,0,0,0,0,0,0,0,0,0,0,0,0,0,0,0,0,0,0,0,0,0,0,0,0,0,0,0,0,0,0,0,0,0,0,0,0,0,0,0,0,0,0,0,0,0,0,0,0,0,0,0,0
2692,1990,1969,1976,1978,1478,315,202,144,1965,1967,1973,1972,1473,315,203,145,1966,1972,1961,1978,1479,314,205,146,1957,1946,1970,1965,1489,318,207,145,1956,1957,1957,1970,1484,311,204,147,1961,1951,1960,1961,1474,309,200,143,1964,1953,1962,1961,1484,298,193,141,1978,1967,1974,1972,1479,293,189,138,0,0,0,0,0,0,0,0,0,0,0,0,0,0,0,0,0,0,0,0,0,0,0,0,0,0,0,0,0,0,0,0,0,0,0,0,0,0,0,0,0,0,0,0,0,0,0,0,0,0,0,0,0,0,0,0,0,0,0,0,0,0,0,0
2693,1980,1968,1971,1980,1486,316,201,143,1964,1962,1964,1975,1472,314,204,143,1958,1955,1956,1974,1481,318,205,146,1958,1948,1961,1965,1481,319,207,144,1961,1964,1961,1970,1480,315,201,147,1961,1959,1959,1972,1476,313,202,142,1965,1957,1963,1960,1476,291,193,140,1964,1967,1979,1980,1480,289,189,139,0,0,0,0,0,0,0,0,0,0,0,0,0,0,0,0,0,0,0,0,0,0,0,0,0,0,0,0,0,0,0,0,0,0,0,0,0,0,0,0,0,0,0,0,0,0,0,0,0,0,0,0,0,0,0,0,0,0,0,0,0,0,0,0
2694,1984,1978,1977,1990,1486,311,202,143,1967,1966,1971,1967,1478,312,202,144,1967,1957,1960,1966,1486,313,206,147,1956,1969,1953,1971,1484,313,208,145,1957,1953,1957,1973,1483,314,203,147,1966,1949,1964,1972,1482,311,199,143,1964,1963,1961,1972,1466,293,193,141,1967,1973,1978,1978,1480,299,191,138,0,0,0,0,0,0,0,0,0,0,0,0,0,0,0,0,0,0,0,0,0,0,0,0,0,0,0,0,0,0,0,0,0,0,0,0,0,0,0,0,0,0,0,0,0,0,0,0,0,0,0,0,0,0,0,0,0,0,0,0,0,0,0,0
2695,1990,1985,1964,1995,1487,316,202,143,1958,1966,1973,1979,1481,312,202,142,1959,1963,1963,1970,1468,320,205,145,1956,1956,1964,1974,1482,322,208,145,1945,1955,1963,1969,1483,317,203,147,1958,1960,1960,1967,1490,307,198,143,1964,1962,1959,1973,1476,294,194,141,1976,1964,1968,1968,1484,291,188,137,0,0,0,0,0,0,0,0,0,0,0,0,0,0,0,0,0,0,0,0,0,0,0,0,0,0,0,0,0,0,0,0,0,0,0,0,0,0,0,0,0,0,0,0,0,0,0,0,0,0,0,0,0,0,0,0,0,0,0,0,0,0,0,0
2696,1985,1988,1980,1997,1484,314,201,143,1975,1961,1978,1972,1481,311,202,142,1964,1965,1962,1966,1482,321,205,147,1958,1962,1961,1966,1486,311,206,144,1960,1956,1963,1970,1473,313,204,147,1966,1955,1963,1966,1474,312,202,144,1969,1964,1958,1977,1475,296,193,142,1979,1972,1964,1971,1474,286,189,139,0,0,0,0,0,0,0,0,0,0,0,0,0,0,0,0,0,0,0,0,0,0,0,0,0,0,0,0,0,0,0,0,0,0,0,0,0,0,0,0,0,0,0,0,0,0,0,0,0,0,0,0,0,0,0,0,0,0,0,0,0,0,0,0
2697,1996,1972,1983,1980,1498,319,202,144,1982,1958,1970,1976,1478,311,203,143,1961,1952,1963,1971,1477,312,204,146,1963,1952,1963,1969,1479,317,208,145,1956,1954,1958,1960,1474,319,203,147,1959,1954,1956,1963,1472,311,200,142,1968,1958,1963,1969,1489,299,193,140,1974,1973,1964,1977,1476,292,188,137,0,0,0,0,0,0,0,0,0,0,0,0,0,0,0,0,0,0,0,0,0,0,0,0,0,0,0,0,0,0,0,0,0,0,0,0,0,0,0,0,0,0,0,0,0,0,0,0,0,0,0,0,0,0,0,0,0,0,0,0,0,0,0,0
2698,1979,1975,1980,1988,1493,313,200,145,1972,1968,1963,1975,1485,307,204,144,1968,1958,1961,1974,1481,315,207,147,1957,1966,1966,1978,1477,315,207,145,1958,1959,1964,1967,1485,315,202,147,1955,1950,1961,1973,1481,310,204,141,1962,1974,1962,1963,1483,294,193,142,1983,1968,1967,1972,1474,295,189,138,0,0,0,0,0,0,0,0,0,0,0,0,0,0,0,0,0,0,0,0,0,0,0,0,0,0,0,0,0,0,0,0,0,0,0,0,0,0,0,0,0,0,0,0,0,0,0,0,0,0,0,0,0,0,0,0,0,0,0,0,0,0,0,0
2699,1980,1981,1969,1978,1479,316,202,143,1970,1966,1969,1970,1485,313,204,144,1960,1963,1963,1973,1488,319,207,145,1961,1952,1962,1968,1486,317,207,145,1957,1956,1952,1966,1475,321,204,147,1948,1954,1960,1962,1488,315,200,143,1964,1956,1961,1966,1470,292,194,141,1984,1964,1970,1968,1482,291,189,138,0,0,0,0,0,0,0,0,0,0,0,0,0,0,0,0,0,0,0,0,0,0,0,0,0,0,0,0,0,0,0,0,0,0,0,0,0,0,0,0,0,0,0,0,0,0,0,0,0,0,0,0,0,0,0,0,0,0,0,0,0,0,0,0
2700,1982,1972,1979,1975,1496,321,202,144,1972,1970,1965,1979,1482,308,203,144,1964,1962,1971,1978,1472,315,205,147,1962,1961,1965,1968,1475,318,207,144,1961,1964,1959,1965,1482,319,202,146,1964,1955,1959,1961,1482,309,199,142,1967,1956,1959,1965,1471,295,193,142,1970,1976,1965,1983,1461,292,189,138,0,0,0,0,0,0,0,0,0,0,0,0,0,0,0,0,0,0,0,0,0,0,0,0,0,0,0,0,0,0,0,0,0,0,0,0,0,0,0,0,0,0,0,0,0,0,0,0,0,0,0,0,0,0,0,0,0,0,0,0,0,0,0,0
2701,1989,1975,1977,1974,1496,312,201,143,1967,1963,1968,1976,1477,314,202,144,1956,1957,1963,1974,1472,316,207,145,1949,1962,1959,1965,1484,322,206,144,1951,1960,1961,1970,1476,315,205,146,1967,1955,1957,1975,1480,310,201,142,1970,1956,1959,1960,1465,298,193,141,1965,1970,1972,1964,1471,292,189,138,0,0,0,0,0,0,0,0,0,0,0,0,0,0,0,0,0,0,0,0,0,0,0,0,0,0,0,0,0,0,0,0,0,0,0,0,0,0,0,0,0,0,0,0,0,0,0,0,0,0,0,0,0,0,0,0,0,0,0,0,0,0,0,0
2702,1987,1975,1976,1989,1487,314,201,144,1976,1964,1962,1973,1484,314,203,144,1963,1962,1963,1974,1478,315,205,148,1961,1952,1968,1974,1488,323,207,145,1953,1951,1959,1974,1475,315,202,147,1962,1947,1958,1965,1481,310,200,143,1970,1960,1972,1970,1492,293,194,142,1964,1967,1960,1973,1472,294,189,138,0,0,0,0,0,0,0,0,0,0,0,0,0,0,0,0,0,0,0,0,0,0,0,0,0,0,0,0,0,0,0,0,0,0,0,0,0,0,0,0,0,0,0,0,0,0,0,0,0,0,0,0,0,0,0,0,0,0,0,0,0,0,0,0
2703,1986,1977,1971,1978,1490,319,202,144,1977,1964,1969,1969,1481,307,204,143,1957,1964,1963,1978,1480,314,205,146,1960,1964,1958,1967,1481,319,208,145,1960,1955,1960,1963,1479,317,203,147,1957,1955,1961,1963,1478,312,203,143,1967,1963,1956,1969,1473,292,194,141,1976,1967,1965,1976,1471,289,189,139,0,0,0,0,0,0,0,0,0,0,0,0,0,0,0,0,0,0,0,0,0,0,0,0,0,0,0,0,0,0,0,0,0,0,0,0,0,0,0,0,0,0,0,0,0,0,0,0,0,0,0,0,0,0,0,0,0,0,0,0,0,0,0,0
2704,1970,1973,1973,1979,1491,314,205,144,1972,1967,1964,1972,1474,308,203,143,1964,1952,1966,1976,1478,316,207,146,1963,1956,1960,1973,1486,320,207,147,1956,1953,1959,1963,1482,315,202,147,1957,1965,1958,1966,1490,313,201,141,1962,1962,1960,1972,1478,296,195,141,1981,1973,1967,1974,1464,289,189,139,0,0,0,0,0,0,0,0,0,0,0,0,0,0,0,0,0,0,0,0,0,0,0,0,0,0,0,0,0,0,0,0,0,0,0,0,0,0,0,0,0,0,0,0,0,0,0,0,0,0,0,0,0,0,0,0,0,0,0,0,0,0,0,0
2705,1985,1986,1972,1970,1482,313,202,142,1971,1971,1962,1979,1481,309,203,145,1961,1956,1964,1981,1478,311,206,146,1955,1956,1963,1966,1490,313,207,144,1950,1958,1951,1962,1484,316,203,148,1958,1962,1953,1966,1485,305,200,143,1974,1955,1959,1959,1480,291,194,140,1974,1970,1967,1975,1469,294,192,139,0,0,0,0,0,0,0,0,0,0,0,0,0,0,0,0,0,0,0,0,0,0,0,0,0,0,0,0,0,0,0,0,0,0,0,0,0,0,0,0,0,0,0,0,0,0,0,0,0,0,0,0,0,0,0,0,0,0,0,0,0,0,0,0
2706,1986,1983,1979,1978,1485,316,201,144,1970,1966,1966,1969,1484,311,205,144,1962,1970,1964,1977,1479,316,203,145,1953,1953,1967,1972,1482,315,208,145,1957,1956,1961,1968,1480,322,204,146,1956,1962,1961,1967,1490,308,200,144,1960,1964,1966,1965,1472,292,195,143,1973,1967,1966,1965,1487,298,187,137,0,0,0,0,0,0,0,0,0,0,0,0,0,0,0,0,0,0,0,0,0,0,0,0,0,0,0,0,0,0,0,0,0,0,0,0,0,0,0,0,0,0,0,0,0,0,0,0,0,0,0,0,0,0,0,0,0,0,0,0,0,0,0,0
2707,1979,1976,1969,1978,1491,314,202,144,1974,1963,1971,1971,1486,317,203,143,1966,1961,1960,1983,1481,313,205,147,1955,1960,1966,1965,1483,317,207,146,1956,1954,1960,1970,1481,317,204,146,1962,1961,1962,1970,1480,309,199,142,1963,1965,1957,1968,1478,292,193,141,1977,1975,1971,1967,1480,293,189,138,0,0,0,0,0,0,0,0,0,0,0,0,0,0,0,0,0,0,0,0,0,0,0,0,0,0,0,0,0,0,0,0,0,0,0,0,0,0,0,0,0,0,0,0,0,0,0,0,0,0,0,0,0,0,0,0,0,0,0,0,0,0,0,0
2708,1978,1976,1969,1982,1489,314,202,144,1968,1965,1969,1966,1483,308,203,144,1960,1956,1959,1975,1485,312,205,146,1953,1952,1971,1963,1481,316,208,146,1960,1961,1961,1964,1489,322,204,146,1962,1963,1953,1960,1482,310,201,144,1963,1956,1972,1962,1467,290,196,142,1983,1967,1973,1979,1475,293,190,139,0,0,0,0,0,0,0,0,0,0,0,0,0,0,0,0,0,0,0,0,0,0,0,0,0,0,0,0,0,0,0,0,0,0,0,0,0,0,0,0,0,0,0,0,0,0,0,0,0,0,0,0,0,0,0,0,0,0,0,0,0,0,0,0
2709,1982,1975,1973,1999,1484,310,202,142,1971,1964,1973,1973,1480,310,203,144,1960,1965,1964,1969,1482,319,207,146,1956,1958,1964,1965,1488,313,206,144,1956,1959,1961,1963,1477,315,203,147,1960,1948,1962,1968,1478,309,200,142,1967,1956,1964,1967,1470,291,192,141,1978,1964,1964,1982,1470,287,189,139,0,0,0,0,0,0,0,0,0,0,0,0,0,0,0,0,0,0,0,0,0,0,0,0,0,0,0,0,0,0,0,0,0,0,0,0,0,0,0,0,0,0,0,0,0,0,0,0,0,0,0,0,0,0,0,0,0,0,0,0,0,0,0,0
2710,1982,1984,1975,1999,1480,314,206,143,1961,1964,1965,1978,1481,311,205,145,1968,1955,1966,1975,1475,316,204,147,1966,1965,1965,1962,1484,313,208,144,1963,1961,1963,1970,1483,315,204,147,1959,1954,1966,1964,1473,311,201,141,1967,1969,1967,1965,1469,294,193,141,1973,1974,1963,1974,1475,289,190,137,0,0,0,0,0,0,0,0,0,0,0,0,0,0,0,0,0,0,0,0,0,0,0,0,0,0,0,0,0,0,0,0,0,0,0,0,0,0,0,0,0,0,0,0,0,0,0,0,0,0,0,0,0,0,0,0,0,0,0,0,0,0,0,0
2711,1983,1972,1977,1983,1485,312,201,143,1963,1966,1964,1983,1477,308,203,144,1964,1958,1960,1981,1484,315,206,146,1953,1960,1961,1968,1494,316,209,145,1956,1960,1966,1968,1483,319,204,146,1962,1956,1957,1966,1477,312,200,142,1964,1955,1961,1968,1478,293,193,142,1975,1960,1974,1966,1481,291,189,139,0,0,0,0,0,0,0,0,0,0,0,0,0,0,0,0,0,0,0,0,0,0,0,0,0,0,0,0,0,0,0,0,0,0,0,0,0,0,0,0,0,0,0,0,0,0,0,0,0,0,0,0,0,0,0,0,0,0,0,0,0,0,0,0
2712,1983,1977,1978,1982,1485,317,201,144,1972,1969,1969,1970,1479,309,201,144,1962,1958,1975,1980,1497,317,206,147,1957,1958,1961,1970,1490,316,208,145,1957,1970,1963,1977,1477,319,203,147,1967,1952,1955,1954,1479,311,201,142,1974,1964,1964,1971,1479,297,194,142,1986,1970,1956,1967,1487,293,189,139,0,0,0,0,0,0,0,0,0,0,0,0,0,0,0,0,0,0,0,0,0,0,0,0,0,0,0,0,0,0,0,0,0,0,0,0,0,0,0,0,0,0,0,0,0,0,0,0,0,0,0,0,0,0,0,0,0,0,0,0,0,0,0,0
2713,1985,1976,1968,1979,1484,314,202,144,1979,1965,1963,1970,1483,310,203,144,1968,1957,1964,1977,1477,313,208,146,1957,1953,1961,1964,1488,319,209,145,1952,1945,1957,1974,1483,318,204,145,1953,1954,1956,1965,1476,312,200,141,1951,1954,1963,1973,1483,292,193,142,1973,1973,1957,1962,1477,294,190,139,0,0,0,0,0,0,0,0,0,0,0,0,0,0,0,0,0,0,0,0,0,0,0,0,0,0,0,0,0,0,0,0,0,0,0,0,0,0,0,0,0,0,0,0,0,0,0,0,0,0,0,0,0,0,0,0,0,0,0,0,0,0,0,0
2714,1979,1982,1972,1985,1482,318,203,143,1976,1961,1962,1969,1478,312,205,144,1964,1969,1969,1979,1479,321,208,148,1961,1960,1968,1963,1482,315,208,146,1964,1961,1965,1968,1483,320,204,147,1958,1955,1960,1962,1481,310,201,142,1959,1959,1964,1970,1479,291,193,141,1974,1973,1968,1976,1470,298,189,137,0,0,0,0,0,0,0,0,0,0,0,0,0,0,0,0,0,0,0,0,0,0,0,0,0,0,0,0,0,0,0,0,0,0,0,0,0,0,0,0,0,0,0,0,0,0,0,0,0,0,0,0,0,0,0,0,0,0,0,0,0,0,0,0
2715,1981,1985,1978,1981,1493,320,199,143,1975,1959,1968,1969,1469,315,204,145,1961,1965,1964,1967,1483,316,207,147,1956,1961,1956,1971,1479,316,207,144,1955,1954,1954,1969,1473,318,204,147,1956,1963,1960,1963,1492,312,200,142,1969,1960,1965,1965,1480,292,193,140,1986,1970,1967,1974,1484,293,188,138,0,0,0,0,0,0,0,0,0,0,0,0,0,0,0,0,0,0,0,0,0,0,0,0,0,0,0,0,0,0,0,0,0,0,0,0,0,0,0,0,0,0,0,0,0,0,0,0,0,0,0,0,0,0,0,0,0,0,0,0,0,0,0,0
2716,1991,1977,1984,1971,1483,319,201,143,1966,1962,1961,1973,1480,313,203,146,1965,1959,1963,1972,1480,321,206,145,1966,1961,1963,1969,1489,317,208,146,1960,1967,1956,1978,1482,316,204,147,1960,1954,1961,1966,1487,304,201,140,1963,1962,1963,1964,1479,289,193,141,1987,1965,1975,1966,1486,294,190,138,0,0,0,0,0,0,0,0,0,0,0,0,0,0,0,0,0,0,0,0,0,0,0,0,0,0,0,0,0,0,0,0,0,0,0,0,0,0,0,0,0,0,0,0,0,0,0,0,0,0,0,0,0,0,0,0,0,0,0,0,0,0,0,0
2717,1981,1985,1971,1973,1486,314,202,144,1970,1964,1967,1977,1482,307,202,143,1960,1960,1968,1973,1478,312,205,146,1953,1955,1955,1974,1479,313,205,145,1961,1960,1962,1964,1473,320,202,147,1954,1953,1959,1970,1481,312,200,143,1961,1962,1959,1961,1477,294,193,141,1972,1978,1966,1982,1473,291,188,139,0,0,0,0,0,0,0,0,0,0,0,0,0,0,0,0,0,0,0,0,0,0,0,0,0,0,0,0,0,0,0,0,0,0,0,0,0,0,0,0,0,0,0,0,0,0,0,0,0,0,0,0,0,0,0,0,0,0,0,0,0,0,0,0
2718,1980,1970,1983,1988,1488,320,202,143,1970,1966,1970,1979,1485,310,202,143,1960,1956,1960,1975,1478,311,208,147,1961,1965,1960,1973,1481,315,207,145,1952,1957,1968,1970,1480,318,204,147,1966,1960,1952,1973,1477,311,203,143,1955,1960,1954,1973,1476,294,194,142,1981,1973,1967,1974,1475,294,191,139,0,0,0,0,0,0,0,0,0,0,0,0,0,0,0,0,0,0,0,0,0,0,0,0,0,0,0,0,0,0,0,0,0,0,0,0,0,0,0,0,0,0,0,0,0,0,0,0,0,0,0,0,0,0,0,0,0,0,0,0,0,0,0,0
2719,1990,1981,1972,1983,1489,323,203,143,1967,1964,1972,1974,1476,308,202,144,1961,1969,1970,1970,1485,320,208,146,1963,1962,1953,1964,1484,317,210,144,1961,1955,1964,1967,1482,313,204,146,1966,1953,1960,1958,1477,311,199,142,1964,1968,1965,1963,1471,295,193,141,1982,1971,1964,1970,1487,292,188,139,0,0,0,0,0,0,0,0,0,0,0,0,0,0,0,0,0,0,0,0,0,0,0,0,0,0,0,0,0,0,0,0,0,0,0,0,0,0,0,0,0,0,0,0,0,0,0,0,0,0,0,0,0,0,0,0,0,0,0,0,0,0,0,0
2720,1979,1977,1981,1976,1489,313,203,143,1969,1968,1970,1963,1483,313,203,143,1967,1961,1955,1974,1483,323,205,147,1961,1955,1956,1959,1489,318,207,145,1957,1962,1959,1969,1477,321,204,147,1960,1960,1958,1966,1478,310,200,143,1969,1967,1957,1960,1471,292,194,142,1973,1972,1968,1984,1485,291,191,139,0,0,0,0,0,0,0,0,0,0,0,0,0,0,0,0,0,0,0,0,0,0,0,0,0,0,0,0,0,0,0,0,0,0,0,0,0,0,0,0,0,0,0,0,0,0,0,0,0,0,0,0,0,0,0,0,0,0,0,0,0,0,0,0
2721,1987,1990,1975,1973,1482,319,199,143,1959,1970,1970,1976,1480,311,201,144,1961,1955,1966,1969,1480,315,206,147,1969,1952,1964,1962,1479,317,206,145,1957,1964,1964,1967,1485,310,205,147,1966,1955,1960,1968,1485,311,200,141,1963,1962,1961,1966,1473,291,194,141,1969,1964,1957,1974,1485,293,189,139,0,0,0,0,0,0,0,0,0,0,0,0,0,0,0,0,0,0,0,0,0,0,0,0,0,0,0,0,0,0,0,0,0,0,0,0,0,0,0,0,0,0,0,0,0,0,0,0,0,0,0,0,0,0,0,0,0,0,0,0,0,0,0,0
2722,1987,1979,1975,1983,1483,321,201,143,1972,1959,1968,1976,1477,313,204,144,1959,1962,1961,1965,1473,313,207,147,1965,1956,1966,1967,1485,313,208,147,1953,1959,1967,1975,1482,317,203,147,1967,1963,1971,1969,1484,315,200,142,1974,1961,1972,1964,1466,294,194,140,1976,1962,1969,1972,1467,293,189,139,0,0,0,0,0,0,0,0,0,0,0,0,0,0,0,0,0,0,0,0,0,0,0,0,0,0,0,0,0,0,0,0,0,0,0,0,0,0,0,0,0,0,0,0,0,0,0,0,0,0,0,0,0,0,0,0,0,0,0,0,0,0,0,0
2723,1977,1972,1975,1978,1482,316,203,144,1967,1971,1962,1965,1479,312,203,144,1964,1960,1964,1974,1491,315,206,146,1961,1948,1965,1967,1485,317,207,144,1957,1961,1959,1973,1479,320,203,146,1957,1952,1959,1968,1482,311,200,143,1961,1964,1966,1972,1471,295,193,142,1982,1964,1966,1965,1460,293,189,139,0,0,0,0,0,0,0,0,0,0,0,0,0,0,0,0,0,0,0,0,0,0,0,0,0,0,0,0,0,0,0,0,0,0,0,0,0,0,0,0,0,0,0,0,0,0,0,0,0,0,0,0,0,0,0,0,0,0,0,0,0,0,0,0
2724,1983,1973,1980,1988,1476,311,202,143,1970,1966,1968,1973,1492,319,204,144,1960,1963,1961,1970,1476,308,207,147,1964,1951,1960,1965,1486,319,208,145,1968,1961,1960,1973,1483,316,204,147,1951,1957,1961,1966,1477,307,199,142,1961,1967,1960,1960,1474,293,193,141,1986,1967,1963,1976,1477,287,189,140,0,0,0,0,0,0,0,0,0,0,0,0,0,0,0,0,0,0,0,0,0,0,0,0,0,0,0,0,0,0,0,0,0,0,0,0,0,0,0,0,0,0,0,0,0,0,0,0,0,0,0,0,0,0,0,0,0,0,0,0,0,0,0,0
2725,1986,1982,1977,1989,1485,315,200,144,1968,1961,1968,1980,1473,309,202,142,1962,1962,1970,1970,1483,318,207,146,1962,1957,1954,1971,1489,317,207,145,1953,1956,1962,1969,1487,318,203,146,1951,1956,1960,1970,1482,309,200,141,1955,1974,1963,1959,1474,296,194,141,1976,1971,1969,1974,1475,294,188,139,0,0,0,0,0,0,0,0,0,0,0,0,0,0,0,0,0,0,0,0,0,0,0,0,0,0,0,0,0,0,0,0,0,0,0,0,0,0,0,0,0,0,0,0,0,0,0,0,0,0,0,0,0,0,0,0,0,0,0,0,0,0,0,0
2726,1985,1976,1977,1987,1483,319,200,143,1970,1965,1968,1972,1476,308,202,144,1957,1965,1962,1972,1488,315,207,147,1957,1958,1954,1970,1485,312,207,145,1960,1967,1962,1971,1480,312,204,147,1955,1958,1966,1966,1487,310,202,143,1965,1960,1965,1969,1469,293,193,141,1973,1974,1970,1972,1474,291,189,138,0,0,0,0,0,0,0,0,0,0,0,0,0,0,0,0,0,0,0,0,0,0,0,0,0,0,0,0,0,0,0,0,0,0,0,0,0,0,0,0,0,0,0,0,0,0,0,0,0,0,0,0,0,0,0,0,0,0,0,0,0,0,0,0
2727,1984,1975,1972,1979,1496,312,202,144,1973,1966,1970,1973,1483,313,204,144,1966,1957,1961,1971,1463,316,204,146,1956,1957,1962,1967,1481,316,207,144,1954,1956,1960,1957,1478,316,205,148,1949,1958,1963,1970,1474,311,199,142,1967,1964,1959,1965,1477,293,193,142,1968,1971,1967,1971,1477,292,189,138,0,0,0,0,0,0,0,0,0,0,0,0,0,0,0,0,0,0,0,0,0,0,0,0,0,0,0,0,0,0,0,0,0,0,0,0,0,0,0,0,0,0,0,0,0,0,0,0,0,0,0,0,0,0,0,0,0,0,0,0,0,0,0,0
2728,1977,1977,1977,1984,1477,312,200,144,1973,1962,1964,1965,1480,309,203,144,1972,1966,1965,1971,1486,308,206,147,1954,1954,1964,1959,1482,313,208,145,1961,1955,1968,1961,1476,312,202,147,1959,1965,1963,1963,1477,312,202,141,1973,1958,1959,1959,1473,296,193,141,1965,1965,1979,1981,1469,296,190,138,0,0,0,0,0,0,0,0,0,0,0,0,0,0,0,0,0,0,0,0,0,0,0,0,0,0,0,0,0,0,0,0,0,0,0,0,0,0,0,0,0,0,0,0,0,0,0,0,0,0,0,0,0,0,0,0,0,0,0,0,0,0,0,0
2729,1983,1976,1967,1973,1486,317,200,144,1972,1960,1971,1971,1483,313,203,143,1951,1955,1970,1974,1484,315,204,146,1955,1952,1969,1967,1480,314,205,146,1961,1956,1963,1972,1476,313,204,147,1958,1954,1956,1965,1480,311,201,141,1957,1957,1961,1968,1473,291,194,141,1983,1968,1967,1964,1479,291,189,138,0,0,0,0,0,0,0,0,0,0,0,0,0,0,0,0,0,0,0,0,0,0,0,0,0,0,0,0,0,0,0,0,0,0,0,0,0,0,0,0,0,0,0,0,0,0,0,0,0,0,0,0,0,0,0,0,0,0,0,0,0,0,0,0
2730,1984,1986,1976,1988,1474,319,201,144,1970,1967,1965,1976,1491,311,202,144,1967,1960,1967,1974,1483,315,206,149,1959,1954,1961,1966,1475,312,207,145,1954,1955,1964,1966,1479,317,203,147,1965,1961,1954,1970,1470,313,200,144,1968,1961,1954,1963,1482,291,194,141,1977,1972,1970,1977,1474,296,189,139,0,0,0,0,0,0,0,0,0,0,0,0,0,0,0,0,0,0,0,0,0,0,0,0,0,0,0,0,0,0,0,0,0,0,0,0,0,0,0,0,0,0,0,0,0,0,0,0,0,0,0,0,0,0,0,0,0,0,0,0,0,0,0,0
2731,1983,1986,1980,1984,1472,315,202,144,1966,1961,1973,1975,1475,310,202,143,1967,1961,1959,1974,1481,312,205,147,1951,1953,1962,1971,1489,316,207,145,1951,1956,1955,1962,1480,321,204,146,1952,1950,1959,1965,1479,303,199,142,1965,1956,1961,1963,1485,292,193,142,1976,1968,1966,1970,1478,296,190,138,0,0,0,0,0,0,0,0,0,0,0,0,0,0,0,0,0,0,0,0,0,0,0,0,0,0,0,0,0,0,0,0,0,0,0,0,0,0,0,0,0,0,0,0,0,0,0,0,0,0,0,0,0,0,0,0,0,0,0,0,0,0,0,0
2732,1986,1977,1978,1977,1478,317,202,144,1969,1964,1962,1979,1484,310,203,144,1961,1969,1961,1974,1483,316,206,146,1955,1958,1970,1969,1486,317,206,145,1956,1955,1959,1972,1476,311,203,147,1956,1950,1963,1969,1487,307,201,143,1968,1959,1958,1970,1476,291,194,141,1973,1961,1971,1971,1479,294,188,138,0,0,0,0,0,0,0,0,0,0,0,0,0,0,0,0,0,0,0,0,0,0,0,0,0,0,0,0,0,0,0,0,0,0,0,0,0,0,0,0,0,0,0,0,0,0,0,0,0,0,0,0,0,0,0,0,0,0,0,0,0,0,0,0
2733,1990,1973,1972,1978,1487,310,202,143,1973,1963,1971,1970,1471,309,204,144,1961,1962,1968,1970,1479,311,205,146,1956,1960,1960,1966,1479,322,208,144,1960,1957,1957,1968,1483,312,202,144,1966,1962,1966,1968,1481,306,200,142,1967,1949,1964,1966,1480,296,194,142,1971,1971,1973,1969,1469,290,189,139,0,0,0,0,0,0,0,0,0,0,0,0,0,0,0,0,0,0,0,0,0,0,0,0,0,0,0,0,0,0,0,0,0,0,0,0,0,0,0,0,0,0,0,0,0,0,0,0,0,0,0,0,0,0,0,0,0,0,0,0,0,0,0,0
2734,1987,1975,1970,1977,1489,310,202,144,1967,1960,1965,1968,1480,311,204,145,1965,1956,1971,1974,1471,318,207,148,1957,1957,1962,1967,1487,316,207,145,1964,1951,1964,1969,1477,315,204,146,1954,1955,1962,1972,1475,314,200,143,1966,1957,1971,1966,1476,295,194,142,1983,1972,1970,1975,1466,288,191,139,0,0,0,0,0,0,0,0,0,0,0,0,0,0,0,0,0,0,0,0,0,0,0,0,0,0,0,0,0,0,0,0,0,0,0,0,0,0,0,0,0,0,0,0,0,0,0,0,0,0,0,0,0,0,0,0,0,0,0,0,0,0,0,0
2735,1992,1983,1973,1987,1480,312,202,142,1969,1967,1965,1974,1479,310,205,144,1964,1958,1961,1972,1480,316,206,146,1955,1960,1965,1969,1482,318,205,146,1957,1955,1960,1969,1483,314,203,146,1958,1963,1950,1963,1475,311,200,142,1967,1957,1966,1956,1476,290,194,142,1970,1969,1959,1969,1483,295,189,139,0,0,0,0,0,0,0,0,0,0,0,0,0,0,0,0,0,0,0,0,0,0,0,0,0,0,0,0,0,0,0,0,0,0,0,0,0,0,0,0,0,0,0,0,0,0,0,0,0,0,0,0,0,0,0,0,0,0,0,0,0,0,0,0
2736,1977,1974,1975,1993,1489,314,202,142,1967,1963,1966,1975,1482,305,203,143,1969,1958,1969,1967,1483,315,206,147,1966,1952,1972,1972,1482,314,206,145,1951,1965,1963,1977,1475,319,203,146,1968,1953,1959,1966,1479,312,200,142,1962,1961,1953,1968,1474,293,193,141,1973,1965,1967,1974,1481,295,189,138,0,0,0,0,0,0,0,0,0,0,0,0,0,0,0,0,0,0,0,0,0,0,0,0,0,0,0,0,0,0,0,0,0,0,0,0,0,0,0,0,0,0,0,0,0,0,0,0,0,0,0,0,0,0,0,0,0,0,0,0,0,0,0,0
2737,1979,1974,1973,1975,1478,316,202,144,1973,1956,1967,1973,1482,313,204,144,1968,1958,1970,1974,1488,312,205,147,1957,1966,1960,1969,1485,315,207,145,1956,1954,1958,1968,1483,323,203,146,1956,1957,1961,1961,1469,312,200,141,1961,1958,1953,1968,1473,299,194,142,1974,1969,1966,1974,1475,294,189,139,0,0,0,0,0,0,0,0,0,0,0,0,0,0,0,0,0,0,0,0,0,0,0,0,0,0,0,0,0,0,0,0,0,0,0,0,0,0,0,0,0,0,0,0,0,0,0,0,0,0,0,0,0,0,0,0,0,0,0,0,0,0,0,0
2738,1983,1984,1976,1969,1483,314,201,145,1981,1957,1965,1976,1477,315,203,144,1965,1967,1970,1977,1482,323,205,148,1960,1955,1968,1968,1491,321,210,143,1965,1958,1957,1967,1480,317,204,145,1958,1959,1964,1970,1488,311,203,144,1957,1966,1958,1957,1453,292,193,142,1973,1966,1970,1978,1475,291,189,139,0,0,0,0,0,0,0,0,0,0,0,0,0,0,0,0,0,0,0,0,0,0,0,0,0,0,0,0,0,0,0,0,0,0,0,0,0,0,0,0,0,0,0,0,0,0,0,0,0,0,0,0,0,0,0,0,0,0,0,0,0,0,0,0
2739,1983,1986,1976,1973,1494,319,202,144,1972,1967,1968,1975,1475,311,202,143,1960,1971,1961,1969,1486,319,206,148,1953,1956,1962,1970,1479,317,206,146,1956,1955,1962,1967,1474,313,204,147,1958,1957,1952,1963,1472,306,200,141,1965,1960,1959,1976,1467,290,193,142,1995,1970,1964,1972,1480,292,189,139,0,0,0,0,0,0,0,0,0,0,0,0,0,0,0,0,0,0,0,0,0,0,0,0,0,0,0,0,0,0,0,0,0,0,0,0,0,0,0,0,0,0,0,0,0,0,0,0,0,0,0,0,0,0,0,0,0,0,0,0,0,0,0,0
2740,1982,1977,1979,1981,1485,317,204,144,1971,1974,1968,1973,1485,310,203,145,1958,1970,1964,1975,1478,311,207,147,1954,1954,1963,1973,1485,313,209,145,1965,1961,1962,1972,1479,319,204,146,1953,1947,1956,1965,1476,313,200,143,1964,1968,1959,1968,1481,297,195,141,1978,1978,1965,1969,1472,289,188,139,0,0,0,0,0,0,0,0,0,0,0,0,0,0,0,0,0,0,0,0,0,0,0,0,0,0,0,0,0,0,0,0,0,0,0,0,0,0,0,0,0,0,0,0,0,0,0,0,0,0,0,0,0,0,0,0,0,0,0,0,0,0,0,0
2741,1982,1984,1979,1982,1489,320,202,143,1974,1963,1970,1967,1483,307,203,143,1959,1953,1962,1969,1482,318,209,147,1958,1956,1957,1972,1475,318,205,144,1957,1955,1957,1964,1477,314,204,145,1964,1946,1954,1965,1467,312,202,141,1968,1957,1960,1964,1467,299,193,142,1979,1968,1968,1967,1463,294,189,139,0,0,0,0,0,0,0,0,0,0,0,0,0,0,0,0,0,0,0,0,0,0,0,0,0,0,0,0,0,0,0,0,0,0,0,0,0,0,0,0,0,0,0,0,0,0,0,0,0,0,0,0,0,0,0,0,0,0,0,0,0,0,0,0
2742,1983,1988,1966,1987,1479,314,202,144,1971,1967,1973,1973,1489,307,203,144,1959,1953,1959,1975,1479,315,205,149,1957,1958,1966,1966,1479,313,207,145,1955,1956,1958,1960,1478,319,204,147,1955,1947,1955,1965,1482,312,202,142,1966,1957,1962,1972,1479,296,193,141,1973,1975,1967,1975,1484,292,189,138,0,0,0,0,0,0,0,0,0,0,0,0,0,0,0,0,0,0,0,0,0,0,0,0,0,0,0,0,0,0,0,0,0,0,0,0,0,0,0,0,0,0,0,0,0,0,0,0,0,0,0,0,0,0,0,0,0,0,0,0,0,0,0,0
2743,1971,1979,1982,1981,1480,314,202,143,1966,1961,1971,1966,1482,311,203,143,1960,1960,1964,1974,1485,313,205,148,1957,1957,1966,1969,1483,319,207,145,1955,1955,1956,1969,1484,316,202,146,1966,1960,1958,1965,1479,312,200,141,1960,1965,1969,1971,1478,291,195,141,1975,1965,1972,1971,1471,290,189,139,0,0,0,0,0,0,0,0,0,0,0,0,0,0,0,0,0,0,0,0,0,0,0,0,0,0,0,0,0,0,0,0,0,0,0,0,0,0,0,0,0,0,0,0,0,0,0,0,0,0,0,0,0,0,0,0,0,0,0,0,0,0,0,0
2744,1992,1985,1976,1987,1486,317,199,144,1977,1964,1958,1967,1483,311,203,144,1964,1963,1969,1971,1480,315,206,148,1959,1960,1960,1964,1492,319,208,145,1961,1955,1965,1965,1487,309,202,147,1966,1956,1965,1963,1478,309,199,142,1968,1959,1957,1965,1472,292,193,141,1979,1969,1967,1969,1488,293,190,139,0,0,0,0,0,0,0,0,0,0,0,0,0,0,0,0,0,0,0,0,0,0,0,0,0,0,0,0,0,0,0,0,0,0,0,0,0,0,0,0,0,0,0,0,0,0,0,0,0,0,0,0,0,0,0,0,0,0,0,0,0,0,0,0
2745,1981,1978,1977,1977,1490,318,202,143,1971,1963,1975,1975,1480,316,204,144,1969,1957,1972,1966,1481,316,205,146,1958,1961,1964,1965,1483,312,207,145,1962,1961,1964,1974,1485,316,203,147,1956,1958,1964,1969,1473,308,200,141,1962,1960,1959,1957,1471,299,193,139,1968,1973,1969,1979,1475,293,191,139,0,0,0,0,0,0,0,0,0,0,0,0,0,0,0,0,0,0,0,0,0,0,0,0,0,0,0,0,0,0,0,0,0,0,0,0,0,0,0,0,0,0,0,0,0,0,0,0,0,0,0,0,0,0,0,0,0,0,0,0,0,0,0,0
2746,1981,1975,1973,1988,1491,314,201,144,1964,1964,1970,1975,1482,307,202,145,1960,1954,1972,1965,1482,318,207,147,1965,1960,1964,1968,1488,315,207,144,1961,1962,1954,1966,1481,316,204,148,1955,1953,1959,1965,1472,309,201,142,1977,1955,1964,1968,1480,294,193,141,1958,1968,1960,1964,1487,294,189,137,0,0,0,0,0,0,0,0,0,0,0,0,0,0,0,0,0,0,0,0,0,0,0,0,0,0,0,0,0,0,0,0,0,0,0,0,0,0,0,0,0,0,0,0,0,0,0,0,0,0,0,0,0,0,0,0,0,0,0,0,0,0,0,0
2747,1977,1979,1979,1988,1491,320,202,143,1962,1956,1973,1978,1483,308,203,143,1958,1958,1962,1965,1483,316,206,145,1949,1959,1968,1972,1486,321,207,144,1962,1956,1963,1956,1478,315,205,146,1959,1959,1960,1966,1493,310,201,143,1965,1962,1952,1966,1479,294,193,140,1972,1970,1968,1984,1487,293,189,139,0,0,0,0,0,0,0,0,0,0,0,0,0,0,0,0,0,0,0,0,0,0,0,0,0,0,0,0,0,0,0,0,0,0,0,0,0,0,0,0,0,0,0,0,0,0,0,0,0,0,0,0,0,0,0,0,0,0,0,0,0,0,0,0
2748,1978,1987,1973,1980,1472,310,203,144,1970,1958,1967,1972,1479,312,202,143,1966,1956,1960,1971,1484,312,206,147,1952,1958,1965,1968,1480,311,209,145,1960,1955,1967,1969,1477,317,205,147,1954,1958,1961,1968,1483,310,201,141,1973,1963,1964,1967,1478,290,193,141,1973,1971,1959,1973,1469,297,190,138,0,0,0,0,0,0,0,0,0,0,0,0,0,0,0,0,0,0,0,0,0,0,0,0,0,0,0,0,0,0,0,0,0,0,0,0,0,0,0,0,0,0,0,0,0,0,0,0,0,0,0,0,0,0,0,0,0,0,0,0,0,0,0,0
2749,1988,1973,1974,1978,1484,319,203,143,1963,1967,1965,1977,1475,312,204,144,1972,1957,1968,1975,1479,317,207,147,1954,1960,1966,1970,1486,316,208,145,1961,1951,1962,1963,1472,319,203,146,1957,1953,1960,1966,1474,306,202,140,1971,1957,1959,1957,1472,290,194,141,1984,1974,1965,1974,1468,294,188,138,0,0,0,0,0,0,0,0,0,0,0,0,0,0,0,0,0,0,0,0,0,0,0,0,0,0,0,0,0,0,0,0,0,0,0,0,0,0,0,0,0,0,0,0,0,0,0,0,0,0,0,0,0,0,0,0,0,0,0,0,0,0,0,0
2750,1980,1983,1966,1983,1498,316,200,144,1968,1964,1972,1979,1472,313,204,144,1967,1972,1965,1979,1478,312,206,148,1967,1955,1960,1974,1480,317,205,145,1957,1961,1963,1970,1485,321,203,145,1958,1957,1961,1966,1474,312,201,143,1964,1962,1963,1959,1477,291,192,141,1969,1962,1973,1968,1489,292,187,139,0,0,0,0,0,0,0,0,0,0,0,0,0,0,0,0,0,0,0,0,0,0,0,0,0,0,0,0,0,0,0,0,0,0,0,0,0,0,0,0,0,0,0,0,0,0,0,0,0,0,0,0,0,0,0,0,0,0,0,0,0,0,0,0
2751,1986,1982,1974,1986,1479,325,203,142,1968,1970,1959,1967,1477,309,204,144,1961,1962,1967,1963,1469,316,204,146,1957,1947,1963,1964,1490,319,209,146,1956,1963,1955,1969,1492,319,203,147,1953,1954,1955,1962,1480,308,200,141,1962,1967,1960,1970,1476,294,193,140,1977,1970,1961,1966,1477,294,188,139,0,0,0,0,0,0,0,0,0,0,0,0,0,0,0,0,0,0,0,0,0,0,0,0,0,0,0,0,0,0,0,0,0,0,0,0,0,0,0,0,0,0,0,0,0,0,0,0,0,0,0,0,0,0,0,0,0,0,0,0,0,0,0,0
2752,1976,1970,1976,1982,1481,311,202,144,1980,1957,1976,1969,1475,312,204,145,1967,1957,1962,1973,1480,314,204,147,1963,1959,1973,1965,1477,318,207,144,1956,1955,1956,1978,1475,314,204,147,1956,1954,1963,1961,1474,313,203,143,1957,1963,1964,1966,1478,291,193,141,1966,1968,1973,1974,1489,289,189,138,0,0,0,0,0,0,0,0,0,0,0,0,0,0,0,0,0,0,0,0,0,0,0,0,0,0,0,0,0,0,0,0,0,0,0,0,0,0,0,0,0,0,0,0,0,0,0,0,0,0,0,0,0,0,0,0,0,0,0,0,0,0,0,0
2753,1987,1978,1968,1974,1479,315,200,143,1966,1958,1966,1974,1475,310,204,143,1965,1954,1971,1975,1483,317,207,146,1954,1959,1962,1971,1480,318,209,144,1960,1956,1963,1972,1474,314,204,147,1965,1958,1961,1963,1482,311,199,141,1971,1951,1948,1972,1478,296,195,141,1973,1969,1968,1981,1477,297,191,139,0,0,0,0,0,0,0,0,0,0,0,0,0,0,0,0,0,0,0,0,0,0,0,0,0,0,0,0,0,0,0,0,0,0,0,0,0,0,0,0,0,0,0,0,0,0,0,0,0,0,0,0,0,0,0,0,0,0,0,0,0,0,0,0
2754,1983,1978,1983,1975,1496,313,199,144,1969,1963,1970,1977,1477,311,203,143,1963,1963,1962,1971,1466,311,207,148,1956,1961,1967,1973,1485,319,207,145,1961,1963,1963,1975,1478,318,203,147,1958,1947,1960,1962,1473,313,200,143,1972,1963,1953,1974,1483,290,194,142,1981,1967,1957,1976,1471,289,190,139,0,0,0,0,0,0,0,0,0,0,0,0,0,0,0,0,0,0,0,0,0,0,0,0,0,0,0,0,0,0,0,0,0,0,0,0,0,0,0,0,0,0,0,0,0,0,0,0,0,0,0,0,0,0,0,0,0,0,0,0,0,0,0,0
2755,1985,1983,1973,1974,1487,312,202,145,1959,1965,1965,1974,1480,312,202,144,1962,1951,1967,1977,1475,313,206,146,1959,1958,1957,1971,1479,316,208,146,1952,1958,1962,1966,1478,317,204,147,1961,1959,1959,1969,1480,313,200,140,1972,1962,1958,1967,1476,292,193,141,1978,1974,1969,1967,1471,295,189,137,0,0,0,0,0,0,0,0,0,0,0,0,0,0,0,0,0,0,0,0,0,0,0,0,0,0,0,0,0,0,0,0,0,0,0,0,0,0,0,0,0,0,0,0,0,0,0,0,0,0,0,0,0,0,0,0,0,0,0,0,0,0,0,0
2756,1983,1977,1979,1976,1492,318,202,143,1964,1964,1965,1973,1477,312,203,145,1962,1961,1964,1977,1479,320,207,148,1963,1955,1963,1973,1484,321,207,145,1955,1959,1961,1965,1490,315,206,148,1957,1957,1956,1964,1478,309,202,143,1974,1958,1966,1970,1480,290,196,142,1977,1974,1959,1969,1475,290,190,140,0,0,0,0,0,0,0,0,0,0,0,0,0,0,0,0,0,0,0,0,0,0,0,0,0,0,0,0,0,0,0,0,0,0,0,0,0,0,0,0,0,0,0,0,0,0,0,0,0,0,0,0,0,0,0,0,0,0,0,0,0,0,0,0
2757,1982,1970,1974,1972,1473,311,200,142,1968,1958,1969,1979,1467,308,203,145,1960,1960,1967,1968,1479,315,207,147,1949,1963,1962,1966,1492,319,207,146,1962,1958,1960,1962,1479,320,204,145,1960,1955,1963,1960,1476,312,200,142,1961,1950,1958,1961,1471,291,193,141,1988,1967,1965,1967,1475,289,189,138,0,0,0,0,0,0,0,0,0,0,0,0,0,0,0,0,0,0,0,0,0,0,0,0,0,0,0,0,0,0,0,0,0,0,0,0,0,0,0,0,0,0,0,0,0,0,0,0,0,0,0,0,0,0,0,0,0,0,0,0,0,0,0,0
2758,1985,1974,1977,1978,1478,314,202,143,1971,1963,1973,1974,1477,311,203,144,1962,1960,1969,1967,1488,317,204,146,1952,1960,1969,1968,1489,318,210,146,1955,1957,1966,1975,1485,320,204,146,1961,1963,1953,1969,1488,306,202,143,1966,1961,1965,1970,1476,292,193,141,1984,1982,1960,1969,1472,300,191,139,0,0,0,0,0,0,0,0,0,0,0,0,0,0,0,0,0,0,0,0,0,0,0,0,0,0,0,0,0,0,0,0,0,0,0,0,0,0,0,0,0,0,0,0,0,0,0,0,0,0,0,0,0,0,0,0,0,0,0,0,0,0,0,0
2759,1978,1976,1971,1981,1485,306,201,144,1975,1966,1972,1976,1487,312,204,143,1963,1966,1962,1974,1483,312,205,145,1955,1957,1957,1964,1477,313,206,145,1957,1954,1961,1960,1486,316,202,147,1964,1956,1959,1969,1468,307,200,142,1967,1961,1955,1972,1482,292,193,141,1976,1972,1972,1976,1466,293,189,138,0,0,0,0,0,0,0,0,0,0,0,0,0,0,0,0,0,0,0,0,0,0,0,0,0,0,0,0,0,0,0,0,0,0,0,0,0,0,0,0,0,0,0,0,0,0,0,0,0,0,0,0,0,0,0,0,0,0,0,0,0,0,0,0
2760,1980,1968,1966,1989,1489,319,202,144,1973,1970,1966,1968,1487,309,203,144,1956,1961,1962,1972,1477,317,207,146,1956,1959,1957,1972,1482,317,207,145,1955,1958,1957,1966,1476,315,204,147,1962,1961,1961,1970,1486,312,201,142,1962,1963,1959,1963,1481,297,194,139,1980,1971,1965,1969,1466,289,190,139,0,0,0,0,0,0,0,0,0,0,0,0,0,0,0,0,0,0,0,0,0,0,0,0,0,0,0,0,0,0,0,0,0,0,0,0,0,0,0,0,0,0,0,0,0,0,0,0,0,0,0,0,0,0,0,0,0,0,0,0,0,0,0,0
2761,1982,1976,1972,1979,1477,318,200,142,1969,1961,1974,1964,1480,314,202,144,1957,1968,1970,1972,1476,315,205,147,1957,1950,1965,1961,1489,307,208,143,1956,1952,1960,1967,1474,318,204,145,1959,1954,1958,1954,1478,308,201,142,1971,1961,1959,1970,1467,296,192,141,1967,1970,1970,1978,1494,289,189,139,0,0,0,0,0,0,0,0,0,0,0,0,0,0,0,0,0,0,0,0,0,0,0,0,0,0,0,0,0,0,0,0,0,0,0,0,0,0,0,0,0,0,0,0,0,0,0,0,0,0,0,0,0,0,0,0,0,0,0,0,0,0,0,0
2762,1987,1982,1973,1978,1500,319,203,144,1976,1953,1966,1970,1481,307,204,144,1966,1963,1969,1967,1487,313,206,146,1959,1944,1966,1967,1491,319,207,147,1963,1949,1961,1966,1485,319,204,148,1959,1952,1959,1971,1481,310,201,141,1968,1954,1967,1977,1478,289,193,142,1982,1969,1970,1976,1476,292,189,138,0,0,0,0,0,0,0,0,0,0,0,0,0,0,0,0,0,0,0,0,0,0,0,0,0,0,0,0,0,0,0,0,0,0,0,0,0,0,0,0,0,0,0,0,0,0,0,0,0,0,0,0,0,0,0,0,0,0,0,0,0,0,0,0
2763,1985,1988,1976,1977,1481,314,201,145,1973,1961,1966,1970,1477,309,204,144,1969,1958,1964,1979,1480,318,206,148,1961,1956,1964,1966,1476,316,208,145,1961,1962,1960,1971,1489,319,204,146,1960,1963,1962,1970,1468,309,200,143,1961,1954,1959,1970,1468,289,194,141,1970,1971,1967,1973,1477,293,190,139,0,0,0,0,0,0,0,0,0,0,0,0,0,0,0,0,0,0,0,0,0,0,0,0,0,0,0,0,0,0,0,0,0,0,0,0,0,0,0,0,0,0,0,0,0,0,0,0,0,0,0,0,0,0,0,0,0,0,0,0,0,0,0,0
2764,1982,1973,1970,1986,1487,314,201,144,1967,1959,1970,1968,1473,310,202,144,1961,1969,1958,1969,1487,318,207,147,1959,1966,1965,1970,1489,322,208,145,1960,1963,1959,1971,1478,320,203,147,1965,1952,1960,1973,1477,308,200,143,1977,1970,1967,1966,1484,290,193,142,1989,1979,1970,1975,1476,291,187,138,0,0,0,0,0,0,0,0,0,0,0,0,0,0,0,0,0,0,0,0,0,0,0,0,0,0,0,0,0,0,0,0,0,0,0,0,0,0,0,0,0,0,0,0,0,0,0,0,0,0,0,0,0,0,0,0,0,0,0,0,0,0,0,0
2765,1977,1973,1971,1984,1482,318,201,144,1967,1962,1965,1976,1478,313,201,144,1957,1956,1968,1967,1478,324,207,146,1947,1958,1966,1959,1492,317,209,145,1960,1961,1966,1963,1480,317,203,146,1963,1956,1952,1963,1481,309,201,142,1959,1962,1963,1967,1476,291,193,142,1974,1966,1957,1968,1484,286,189,140,0,0,0,0,0,0,0,0,0,0,0,0,0,0,0,0,0,0,0,0,0,0,0,0,0,0,0,0,0,0,0,0,0,0,0,0,0,0,0,0,0,0,0,0,0,0,0,0,0,0,0,0,0,0,0,0,0,0,0,0,0,0,0,0
2766,1977,1984,1970,1983,1492,314,201,145,1972,1968,1963,1973,1478,307,201,144,1954,1955,1962,1972,1479,315,206,147,1956,1960,1954,1967,1485,318,206,143,1961,1954,1963,1969,1476,318,203,148,1966,1955,1963,1961,1475,310,200,142,1969,1958,1956,1973,1471,291,192,141,1979,1965,1979,1966,1478,296,190,137,0,0,0,0,0,0,0,0,0,0,0,0,0,0,0,0,0,0,0,0,0,0,0,0,0,0,0,0,0,0,0,0,0,0,0,0,0,0,0,0,0,0,0,0,0,0,0,0,0,0,0,0,0,0,0,0,0,0,0,0,0,0,0,0
2767,1979,1973,1979,1984,1485,316,201,144,1979,1963,1971,1978,1481,309,202,144,1956,1959,1964,1975,1474,313,206,146,1962,1956,1959,1966,1485,319,208,146,1955,1958,1962,1977,1472,314,204,145,1964,1954,1959,1967,1488,312,203,142,1961,1960,1962,1967,1473,290,194,140,1983,1967,1958,1964,1473,291,189,138,0,0,0,0,0,0,0,0,0,0,0,0,0,0,0,0,0,0,0,0,0,0,0,0,0,0,0,0,0,0,0,0,0,0,0,0,0,0,0,0,0,0,0,0,0,0,0,0,0,0,0,0,0,0,0,0,0,0,0,0,0,0,0,0
2768,1978,1980,1977,1991,1485,314,203,143,1972,1964,1967,1974,1481,307,202,144,1965,1966,1966,1974,1478,320,205,146,1959,1956,1959,1962,1480,315,207,145,1958,1952,1964,1966,1481,320,204,148,1961,1954,1962,1962,1490,315,202,141,1962,1957,1959,1964,1467,289,194,140,1982,1967,1961,1960,1482,292,191,138,0,0,0,0,0,0,0,0,0,0,0,0,0,0,0,0,0,0,0,0,0,0,0,0,0,0,0,0,0,0,0,0,0,0,0,0,0,0,0,0,0,0,0,0,0,0,0,0,0,0,0,0,0,0,0,0,0,0,0,0,0,0,0,0
2769,1980,1974,1982,1985,1486,314,201,142,1967,1970,1974,1978,1478,310,202,144,1961,1965,1960,1970,1479,315,206,145,1963,1966,1953,1962,1484,318,208,144,1958,1969,1963,1971,1481,310,203,146,1964,1956,1952,1948,1476,312,201,143,1967,1960,1968,1968,1481,289,192,141,1975,1971,1955,1967,1470,290,189,139,0,0,0,0,0,0,0,0,0,0,0,0,0,0,0,0,0,0,0,0,0,0,0,0,0,0,0,0,0,0,0,0,0,0,0,0,0,0,0,0,0,0,0,0,0,0,0,0,0,0,0,0,0,0,0,0,0,0,0,0,0,0,0,0
2770,1983,1980,1989,1986,1487,322,203,144,1967,1966,1964,1966,1487,304,203,142,1964,1957,1965,1967,1480,315,206,147,1957,1959,1969,1972,1483,316,209,146,1963,1956,1955,1965,1483,319,203,146,1964,1955,1965,1965,1485,310,200,142,1963,1961,1966,1968,1477,296,193,141,1987,1974,1971,1979,1473,293,190,139,0,0,0,0,0,0,0,0,0,0,0,0,0,0,0,0,0,0,0,0,0,0,0,0,0,0,0,0,0,0,0,0,0,0,0,0,0,0,0,0,0,0,0,0,0,0,0,0,0,0,0,0,0,0,0,0,0,0,0,0,0,0,0,0
2771,1987,1971,1968,1970,1483,320,200,142,1970,1958,1974,1969,1483,313,204,144,1971,1967,1964,1970,1477,316,205,146,1956,1952,1965,1969,1489,315,206,145,1958,1957,1956,1963,1478,325,204,147,1962,1955,1964,1967,1474,309,200,141,1966,1959,1958,1970,1482,295,194,140,1974,1976,1967,1966,1469,293,189,138,0,0,0,0,0,0,0,0,0,0,0,0,0,0,0,0,0,0,0,0,0,0,0,0,0,0,0,0,0,0,0,0,0,0,0,0,0,0,0,0,0,0,0,0,0,0,0,0,0,0,0,0,0,0,0,0,0,0,0,0,0,0,0,0
2772,1986,1981,1972,1994,1496,315,203,145,1964,1966,1969,1982,1486,308,204,144,1964,1959,1964,1978,1485,317,206,147,1964,1958,1961,1964,1479,320,208,146,1958,1962,1961,1970,1485,316,204,148,1962,1964,1962,1959,1485,316,201,142,1965,1957,1966,1967,1486,293,193,142,1967,1968,1974,1977,1478,291,190,138,0,0,0,0,0,0,0,0,0,0,0,0,0,0,0,0,0,0,0,0,0,0,0,0,0,0,0,0,0,0,0,0,0,0,0,0,0,0,0,0,0,0,0,0,0,0,0,0,0,0,0,0,0,0,0,0,0,0,0,0,0,0,0,0
2773,1998,1986,1979,1973,1486,322,200,144,1967,1955,1965,1974,1477,307,203,144,1969,1967,1968,1972,1485,311,205,146,1953,1960,1962,1965,1487,316,206,145,1959,1955,1964,1974,1477,319,204,148,1953,1959,1961,1972,1481,311,199,143,1971,1958,1969,1973,1488,293,193,142,1971,1959,1963,1969,1473,291,189,139,0,0,0,0,0,0,0,0,0,0,0,0,0,0,0,0,0,0,0,0,0,0,0,0,0,0,0,0,0,0,0,0,0,0,0,0,0,0,0,0,0,0,0,0,0,0,0,0,0,0,0,0,0,0,0,0,0,0,0,0,0,0,0,0
2774,1985,1982,1971,1985,1478,319,204,144,1968,1972,1970,1966,1479,305,203,144,1975,1966,1963,1966,1478,317,206,148,1960,1963,1964,1964,1486,312,208,146,1964,1958,1965,1981,1474,313,204,146,1957,1958,1963,1961,1482,308,201,141,1963,1959,1964,1969,1482,296,194,143,1979,1971,1959,1977,1471,292,189,138,0,0,0,0,0,0,0,0,0,0,0,0,0,0,0,0,0,0,0,0,0,0,0,0,0,0,0,0,0,0,0,0,0,0,0,0,0,0,0,0,0,0,0,0,0,0,0,0,0,0,0,0,0,0,0,0,0,0,0,0,0,0,0,0
2775,1979,1974,1970,1978,1482,318,202,144,1975,1964,1970,1975,1478,308,205,144,1955,1955,1963,1970,1472,311,208,145,1959,1961,1960,1968,1485,319,208,144,1953,1954,1963,1970,1473,316,203,146,1961,1957,1961,1969,1480,305,201,142,1967,1954,1954,1961,1465,290,194,141,1977,1965,1970,1964,1474,289,191,138,0,0,0,0,0,0,0,0,0,0,0,0,0,0,0,0,0,0,0,0,0,0,0,0,0,0,0,0,0,0,0,0,0,0,0,0,0,0,0,0,0,0,0,0,0,0,0,0,0,0,0,0,0,0,0,0,0,0,0,0,0,0,0,0
2776,1985,1983,1981,1980,1487,313,202,145,1962,1973,1970,1975,1475,312,203,144,1961,1953,1960,1974,1482,317,206,146,1959,1967,1956,1971,1476,314,206,145,1961,1958,1964,1964,1485,318,205,147,1954,1958,1956,1966,1474,310,204,140,1959,1960,1961,1965,1477,295,195,142,1970,1970,1968,1967,1479,287,190,139,0,0,0,0,0,0,0,0,0,0,0,0,0,0,0,0,0,0,0,0,0,0,0,0,0,0,0,0,0,0,0,0,0,0,0,0,0,0,0,0,0,0,0,0,0,0,0,0,0,0,0,0,0,0,0,0,0,0,0,0,0,0,0,0
2777,1985,1981,1978,1975,1466,312,199,144,1963,1967,1967,1976,1480,311,204,145,1955,1949,1966,1976,1481,309,205,146,1953,1953,1959,1966,1477,314,206,145,1954,1960,1958,1965,1471,317,204,147,1951,1961,1967,1963,1465,312,200,142,1963,1964,1954,1971,1472,291,193,140,1977,1965,1966,1967,1474,292,189,137,0,0,0,0,0,0,0,0,0,0,0,0,0,0,0,0,0,0,0,0,0,0,0,0,0,0,0,0,0,0,0,0,0,0,0,0,0,0,0,0,0,0,0,0,0,0,0,0,0,0,0,0,0,0,0,0,0,0,0,0,0,0,0,0
2778,1986,1980,1972,1974,1485,313,202,143,1971,1965,1963,1976,1472,309,204,144,1964,1963,1972,1971,1482,314,205,146,1962,1959,1968,1965,1471,320,208,144,1957,1955,1968,1963,1481,321,204,146,1956,1955,1968,1968,1481,309,201,143,1969,1956,1955,1968,1480,288,194,141,1967,1966,1966,1978,1474,294,189,139,0,0,0,0,0,0,0,0,0,0,0,0,0,0,0,0,0,0,0,0,0,0,0,0,0,0,0,0,0,0,0,0,0,0,0,0,0,0,0,0,0,0,0,0,0,0,0,0,0,0,0,0,0,0,0,0,0,0,0,0,0,0,0,0
2779,1985,1983,1975,1978,1492,314,202,143,1969,1958,1970,1972,1479,313,204,144,1954,1956,1966,1968,1475,313,204,146,1961,1958,1962,1968,1483,318,207,144,1958,1960,1958,1966,1477,316,202,147,1964,1954,1957,1961,1488,311,201,143,1966,1957,1957,1959,1470,291,193,140,1987,1977,1963,1973,1473,293,189,139,0,0,0,0,0,0,0,0,0,0,0,0,0,0,0,0,0,0,0,0,0,0,0,0,0,0,0,0,0,0,0,0,0,0,0,0,0,0,0,0,0,0,0,0,0,0,0,0,0,0,0,0,0,0,0,0,0,0,0,0,0,0,0,0
2780,1987,1969,1974,1983,1485,318,203,143,1979,1970,1964,1972,1479,311,206,146,1970,1953,1962,1978,1488,317,205,146,1963,1957,1963,1971,1478,321,207,145,1956,1961,1962,1973,1486,319,204,147,1967,1964,1958,1968,1475,308,202,143,1970,1956,1967,1964,1481,293,192,140,1972,1970,1968,1972,1478,295,189,139,0,0,0,0,0,0,0,0,0,0,0,0,0,0,0,0,0,0,0,0,0,0,0,0,0,0,0,0,0,0,0,0,0,0,0,0,0,0,0,0,0,0,0,0,0,0,0,0,0,0,0,0,0,0,0,0,0,0,0,0,0,0,0,0
2781,1961,1978,1970,1968,1480,316,202,144,1970,1964,1972,1973,1483,307,203,143,1961,1959,1957,1968,1473,308,206,146,1953,1964,1963,1972,1481,317,206,145,1958,1955,1952,1969,1476,315,201,146,1959,1946,1955,1960,1475,307,200,142,1964,1960,1956,1972,1473,292,195,140,1981,1964,1971,1972,1478,292,190,138,0,0,0,0,0,0,0,0,0,0,0,0,0,0,0,0,0,0,0,0,0,0,0,0,0,0,0,0,0,0,0,0,0,0,0,0,0,0,0,0,0,0,0,0,0,0,0,0,0,0,0,0,0,0,0,0,0,0,0,0,0,0,0,0
2782,1984,1983,1970,1990,1487,315,202,144,1972,1966,1969,1976,1486,309,203,144,1965,1963,1967,1971,1485,314,207,147,1951,1957,1967,1969,1492,319,208,145,1963,1959,1963,1972,1476,317,204,148,1966,1964,1965,1974,1479,316,201,141,1965,1975,1964,1959,1466,293,193,142,1977,1960,1966,1978,1471,289,189,137,0,0,0,0,0,0,0,0,0,0,0,0,0,0,0,0,0,0,0,0,0,0,0,0,0,0,0,0,0,0,0,0,0,0,0,0,0,0,0,0,0,0,0,0,0,0,0,0,0,0,0,0,0,0,0,0,0,0,0,0,0,0,0,0
2783,1992,1970,1979,1979,1480,319,203,142,1966,1964,1964,1976,1476,313,203,144,1963,1958,1967,1976,1491,319,206,147,1960,1956,1953,1963,1491,313,205,143,1959,1955,1968,1971,1488,319,204,147,1953,1950,1961,1966,1481,310,201,141,1968,1966,1957,1962,1477,293,194,141,1982,1965,1966,1976,1485,296,191,139,0,0,0,0,0,0,0,0,0,0,0,0,0,0,0,0,0,0,0,0,0,0,0,0,0,0,0,0,0,0,0,0,0,0,0,0,0,0,0,0,0,0,0,0,0,0,0,0,0,0,0,0,0,0,0,0,0,0,0,0,0,0,0,0
2784,1981,1978,1977,1983,1496,317,204,143,1978,1959,1970,1978,1479,312,203,143,1962,1958,1957,1970,1487,316,207,147,1963,1962,1968,1970,1493,318,207,144,1955,1959,1974,1981,1478,316,205,146,1954,1964,1957,1967,1477,312,201,142,1965,1962,1965,1965,1482,294,193,142,1987,1972,1969,1976,1482,292,190,139,0,0,0,0,0,0,0,0,0,0,0,0,0,0,0,0,0,0,0,0,0,0,0,0,0,0,0,0,0,0,0,0,0,0,0,0,0,0,0,0,0,0,0,0,0,0,0,0,0,0,0,0,0,0,0,0,0,0,0,0,0,0,0,0
2785,1992,1983,1988,1984,1485,315,202,143,1968,1968,1962,1973,1478,319,202,144,1979,1959,1968,1972,1485,314,207,147,1954,1955,1965,1968,1485,319,208,145,1949,1958,1957,1968,1478,317,204,147,1961,1952,1957,1966,1474,309,202,142,1972,1954,1959,1964,1476,293,193,140,1981,1970,1965,1981,1467,293,189,139,0,0,0,0,0,0,0,0,0,0,0,0,0,0,0,0,0,0,0,0,0,0,0,0,0,0,0,0,0,0,0,0,0,0,0,0,0,0,0,0,0,0,0,0,0,0,0,0,0,0,0,0,0,0,0,0,0,0,0,0,0,0,0,0
2786,1978,1976,1974,1980,1483,315,201,145,1971,1965,1975,1978,1488,308,204,144,1962,1966,1974,1972,1482,314,206,146,1960,1952,1964,1966,1483,314,207,145,1952,1961,1956,1971,1476,319,203,148,1956,1955,1961,1964,1473,306,200,141,1963,1961,1960,1980,1463,292,196,142,1987,1970,1967,1983,1471,294,189,138,0,0,0,0,0,0,0,0,0,0,0,0,0,0,0,0,0,0,0,0,0,0,0,0,0,0,0,0,0,0,0,0,0,0,0,0,0,0,0,0,0,0,0,0,0,0,0,0,0,0,0,0,0,0,0,0,0,0,0,0,0,0,0,0
2787,1982,1983,1973,1975,1484,314,203,143,1969,1965,1977,1973,1481,311,202,144,1960,1953,1962,1976,1478,307,204,146,1950,1958,1965,1958,1485,318,208,145,1963,1955,1960,1966,1481,317,203,146,1964,1959,1956,1970,1474,311,201,142,1965,1958,1952,1961,1478,295,195,142,1966,1972,1965,1969,1478,287,191,139,0,0,0,0,0,0,0,0,0,0,0,0,0,0,0,0,0,0,0,0,0,0,0,0,0,0,0,0,0,0,0,0,0,0,0,0,0,0,0,0,0,0,0,0,0,0,0,0,0,0,0,0,0,0,0,0,0,0,0,0,0,0,0,0
2788,1972,1978,1984,1984,1493,315,201,144,1971,1969,1969,1967,1485,306,202,144,1966,1951,1965,1974,1485,315,208,147,1964,1959,1961,1966,1485,321,208,145,1952,1954,1958,1967,1487,311,205,148,1959,1949,1962,1964,1479,315,202,144,1961,1960,1969,1958,1472,295,194,142,1976,1975,1970,1964,1484,289,189,139,0,0,0,0,0,0,0,0,0,0,0,0,0,0,0,0,0,0,0,0,0,0,0,0,0,0,0,0,0,0,0,0,0,0,0,0,0,0,0,0,0,0,0,0,0,0,0,0,0,0,0,0,0,0,0,0,0,0,0,0,0,0,0,0
2789,1975,1978,1973,1980,1491,318,202,144,1966,1960,1969,1969,1479,314,204,144,1959,1955,1968,1970,1487,315,206,146,1962,1956,1969,1969,1482,308,208,145,1960,1957,1957,1970,1484,319,204,147,1953,1954,1959,1971,1480,306,199,142,1967,1960,1961,1974,1479,292,194,140,1971,1965,1963,1969,1487,290,188,138,0,0,0,0,0,0,0,0,0,0,0,0,0,0,0,0,0,0,0,0,0,0,0,0,0,0,0,0,0,0,0,0,0,0,0,0,0,0,0,0,0,0,0,0,0,0,0,0,0,0,0,0,0,0,0,0,0,0,0,0,0,0,0,0
2790,1988,1980,1982,1989,1490,313,200,143,1971,1970,1964,1980,1474,311,204,144,1964,1959,1972,1974,1484,314,206,147,1958,1950,1965,1974,1484,315,207,145,1957,1958,1960,1965,1481,315,203,148,1958,1958,1963,1970,1481,310,203,142,1964,1955,1962,1971,1465,290,193,140,1982,1950,1964,1974,1479,295,191,139,0,0,0,0,0,0,0,0,0,0,0,0,0,0,0,0,0,0,0,0,0,0,0,0,0,0,0,0,0,0,0,0,0,0,0,0,0,0,0,0,0,0,0,0,0,0,0,0,0,0,0,0,0,0,0,0,0,0,0,0,0,0,0,0
2791,1985,1983,1972,1985,1483,317,201,142,1967,1959,1972,1967,1485,310,204,143,1958,1963,1965,1976,1484,311,204,147,1962,1961,1953,1965,1477,315,208,145,1958,1958,1957,1972,1472,317,205,146,1960,1953,1961,1964,1490,314,201,141,1955,1964,1963,1968,1465,290,193,141,1980,1975,1969,1976,1465,294,189,138,0,0,0,0,0,0,0,0,0,0,0,0,0,0,0,0,0,0,0,0,0,0,0,0,0,0,0,0,0,0,0,0,0,0,0,0,0,0,0,0,0,0,0,0,0,0,0,0,0,0,0,0,0,0,0,0,0,0,0,0,0,0,0,0
2792,1983,1970,1970,1977,1489,318,202,145,1974,1958,1967,1967,1483,312,202,144,1960,1960,1963,1970,1487,320,206,147,1957,1951,1962,1969,1480,314,208,145,1958,1963,1962,1963,1485,318,205,147,1963,1961,1962,1970,1487,309,200,141,1970,1968,1969,1974,1475,290,194,141,1989,1968,1968,1980,1484,296,189,137,0,0,0,0,0,0,0,0,0,0,0,0,0,0,0,0,0,0,0,0,0,0,0,0,0,0,0,0,0,0,0,0,0,0,0,0,0,0,0,0,0,0,0,0,0,0,0,0,0,0,0,0,0,0,0,0,0,0,0,0,0,0,0,0
2793,1981,1975,1968,1975,1481,315,201,144,1969,1971,1969,1971,1476,314,203,143,1966,1967,1964,1970,1477,318,206,146,1951,1956,1967,1964,1485,311,206,143,1955,1954,1960,1977,1483,316,203,146,1958,1951,1961,1972,1477,314,199,143,1962,1956,1963,1965,1473,291,192,141,1967,1970,1964,1965,1491,295,190,139,0,0,0,0,0,0,0,0,0,0,0,0,0,0,0,0,0,0,0,0,0,0,0,0,0,0,0,0,0,0,0,0,0,0,0,0,0,0,0,0,0,0,0,0,0,0,0,0,0,0,0,0,0,0,0,0,0,0,0,0,0,0,0,0
2794,1982,1974,1968,1983,1492,318,200,143,1977,1961,1969,1972,1481,313,203,145,1961,1968,1966,1980,1485,319,206,147,1957,1964,1961,1969,1487,317,207,147,1954,1961,1958,1969,1474,317,202,147,1956,1945,1950,1966,1478,305,201,142,1961,1962,1959,1970,1478,290,194,141,1981,1967,1970,1969,1480,288,189,139,0,0,0,0,0,0,0,0,0,0,0,0,0,0,0,0,0,0,0,0,0,0,0,0,0,0,0,0,0,0,0,0,0,0,0,0,0,0,0,0,0,0,0,0,0,0,0,0,0,0,0,0,0,0,0,0,0,0,0,0,0,0,0,0
2795,1982,1977,1981,1974,1484,320,202,144,1962,1965,1967,1978,1483,312,203,145,1960,1962,1964,1973,1479,316,206,146,1954,1955,1956,1970,1482,315,207,145,1961,1961,1963,1971,1482,315,204,146,1956,1955,1960,1965,1484,304,200,144,1966,1956,1960,1961,1477,288,195,141,1977,1968,1958,1971,1476,293,189,138,0,0,0,0,0,0,0,0,0,0,0,0,0,0,0,0,0,0,0,0,0,0,0,0,0,0,0,0,0,0,0,0,0,0,0,0,0,0,0,0,0,0,0,0,0,0,0,0,0,0,0,0,0,0,0,0,0,0,0,0,0,0,0,0
2796,1992,1974,1971,1993,1491,314,201,144,1960,1966,1964,1965,1475,315,204,144,1972,1966,1964,1969,1487,318,206,146,1960,1957,1968,1970,1486,317,207,144,1953,1959,1962,1964,1486,323,205,147,1956,1949,1962,1980,1472,309,200,142,1972,1954,1962,1962,1472,290,195,141,1969,1970,1978,1974,1478,293,190,138,0,0,0,0,0,0,0,0,0,0,0,0,0,0,0,0,0,0,0,0,0,0,0,0,0,0,0,0,0,0,0,0,0,0,0,0,0,0,0,0,0,0,0,0,0,0,0,0,0,0,0,0,0,0,0,0,0,0,0,0,0,0,0,0
2797,1983,1975,1967,1976,1487,321,203,144,1967,1962,1961,1975,1476,307,202,143,1965,1962,1969,1969,1482,309,205,147,1956,1957,1964,1973,1478,324,206,145,1954,1957,1959,1971,1478,314,204,146,1957,1956,1955,1963,1471,305,199,143,1957,1966,1957,1970,1499,292,194,139,1979,1970,1966,1967,1467,295,191,139,0,0,0,0,0,0,0,0,0,0,0,0,0,0,0,0,0,0,0,0,0,0,0,0,0,0,0,0,0,0,0,0,0,0,0,0,0,0,0,0,0,0,0,0,0,0,0,0,0,0,0,0,0,0,0,0,0,0,0,0,0,0,0,0
2798,1991,1975,1975,1978,1484,319,200,143,1972,1960,1968,1974,1483,311,203,144,1957,1954,1965,1978,1473,316,206,147,1961,1955,1961,1977,1484,314,206,145,1956,1958,1959,1969,1490,318,203,147,1962,1958,1956,1967,1478,312,200,143,1967,1959,1967,1970,1475,295,194,141,1979,1977,1964,1972,1470,289,190,137,0,0,0,0,0,0,0,0,0,0,0,0,0,0,0,0,0,0,0,0,0,0,0,0,0,0,0,0,0,0,0,0,0,0,0,0,0,0,0,0,0,0,0,0,0,0,0,0,0,0,0,0,0,0,0,0,0,0,0,0,0,0,0,0
2799,1997,1976,1986,1972,1487,313,202,144,1963,1965,1965,1971,1487,314,202,143,1956,1953,1972,1974,1479,322,206,148,1959,1953,1963,1970,1487,315,206,144,1961,1957,1952,1968,1479,316,203,147,1958,1959,1957,1967,1480,309,200,143,1963,1961,1962,1961,1473,297,193,142,1964,1971,1964,1974,1477,293,190,139,0,0,0,0,0,0,0,0,0,0,0,0,0,0,0,0,0,0,0,0,0,0,0,0,0,0,0,0,0,0,0,0,0,0,0,0,0,0,0,0,0,0,0,0,0,0,0,0,0,0,0,0,0,0,0,0,0,0,0,0,0,0,0,0
2800,1994,1981,1973,1983,1489,318,203,143,1969,1967,1972,1965,1472,312,205,144,1964,1957,1965,1975,1478,317,207,148,1956,1960,1966,1970,1481,314,209,145,1961,1955,1958,1968,1473,313,204,148,1958,1950,1962,1972,1485,304,202,144,1959,1966,1956,1969,1465,289,193,141,1974,1971,1971,1970,1482,293,190,138,0,0,0,0,0,0,0,0,0,0,0,0,0,0,0,0,0,0,0,0,0,0,0,0,0,0,0,0,0,0,0,0,0,0,0,0,0,0,0,0,0,0,0,0,0,0,0,0,0,0,0,0,0,0,0,0,0,0,0,0,0,0,0,0
2801,1978,1970,1977,1971,1477,319,202,143,1974,1961,1971,1971,1482,309,204,143,1965,1952,1960,1967,1475,319,204,147,1961,1955,1967,1967,1485,315,206,144,1959,1958,1964,1965,1468,317,203,146,1957,1958,1956,1961,1473,315,200,142,1964,1962,1958,1965,1469,294,195,140,1969,1973,1956,1974,1483,292,190,139,0,0,0,0,0,0,0,0,0,0,0,0,0,0,0,0,0,0,0,0,0,0,0,0,0,0,0,0,0,0,0,0,0,0,0,0,0,0,0,0,0,0,0,0,0,0,0,0,0,0,0,0,0,0,0,0,0,0,0,0,0,0,0,0
2802,1983,1966,1975,1988,1486,320,202,145,1970,1965,1972,1982,1478,311,203,144,1960,1956,1962,1974,1484,316,205,147,1954,1962,1965,1964,1475,313,208,146,1959,1954,1964,1969,1478,315,203,147,1956,1954,1972,1966,1485,308,202,144,1967,1951,1963,1957,1481,297,194,140,1981,1974,1972,1963,1477,293,189,138,0,0,0,0,0,0,0,0,0,0,0,0,0,0,0,0,0,0,0,0,0,0,0,0,0,0,0,0,0,0,0,0,0,0,0,0,0,0,0,0,0,0,0,0,0,0,0,0,0,0,0,0,0,0,0,0,0,0,0,0,0,0,0,0
2803,1980,1977,1970,1986,1477,319,201,143,1972,1965,1965,1971,1485,306,204,145,1963,1958,1961,1973,1482,316,208,146,1956,1953,1962,1966,1486,321,208,145,1952,1951,1961,1965,1479,314,203,146,1954,1958,1955,1959,1477,304,202,143,1964,1961,1958,1968,1458,297,193,140,1981,1978,1970,1971,1477,293,190,138,0,0,0,0,0,0,0,0,0,0,0,0,0,0,0,0,0,0,0,0,0,0,0,0,0,0,0,0,0,0,0,0,0,0,0,0,0,0,0,0,0,0,0,0,0,0,0,0,0,0,0,0,0,0,0,0,0,0,0,0,0,0,0,0
2804,1987,1973,1975,1983,1493,322,203,144,1971,1959,1970,1973,1484,307,203,143,1966,1962,1964,1975,1471,314,207,148,1952,1966,1963,1972,1481,317,208,148,1954,1951,1963,1964,1480,316,203,146,1951,1969,1953,1965,1486,314,201,143,1960,1961,1964,1972,1481,292,195,142,1980,1972,1963,1970,1484,293,189,138,0,0,0,0,0,0,0,0,0,0,0,0,0,0,0,0,0,0,0,0,0,0,0,0,0,0,0,0,0,0,0,0,0,0,0,0,0,0,0,0,0,0,0,0,0,0,0,0,0,0,0,0,0,0,0,0,0,0,0,0,0,0,0,0
2805,1983,1978,1974,1982,1487,313,201,143,1972,1965,1963,1981,1478,305,203,144,1959,1962,1968,1973,1481,313,206,145,1960,1961,1958,1967,1483,317,207,145,1956,1958,1958,1957,1483,316,203,146,1965,1950,1959,1970,1476,308,200,143,1959,1957,1961,1961,1479,289,193,141,1975,1964,1961,1964,1474,293,192,138,0,0,0,0,0,0,0,0,0,0,0,0,0,0,0,0,0,0,0,0,0,0,0,0,0,0,0,0,0,0,0,0,0,0,0,0,0,0,0,0,0,0,0,0,0,0,0,0,0,0,0,0,0,0,0,0,0,0,0,0,0,0,0,0
2806,1994,1981,1983,1973,1493,314,202,144,1966,1961,1969,1963,1482,314,203,144,1958,1963,1969,1972,1480,312,206,147,1954,1948,1960,1968,1478,319,208,145,1961,1958,1962,1965,1483,317,204,147,1970,1956,1954,1964,1484,311,201,143,1960,1969,1958,1971,1471,291,193,140,1967,1971,1968,1976,1468,298,190,137,0,0,0,0,0,0,0,0,0,0,0,0,0,0,0,0,0,0,0,0,0,0,0,0,0,0,0,0,0,0,0,0,0,0,0,0,0,0,0,0,0,0,0,0,0,0,0,0,0,0,0,0,0,0,0,0,0,0,0,0,0,0,0,0
2807,1986,1989,1974,1979,1489,317,200,144,1966,1970,1968,1976,1479,308,202,144,1962,1960,1961,1967,1487,319,206,146,1966,1961,1967,1964,1483,318,206,144,1954,1957,1963,1971,1473,324,205,147,1956,1954,1965,1966,1479,316,200,141,1965,1963,1964,1958,1480,291,193,143,1971,1975,1957,1964,1482,293,190,138,0,0,0,0,0,0,0,0,0,0,0,0,0,0,0,0,0,0,0,0,0,0,0,0,0,0,0,0,0,0,0,0,0,0,0,0,0,0,0,0,0,0,0,0,0,0,0,0,0,0,0,0,0,0,0,0,0,0,0,0,0,0,0,0
2808,1977,1987,1974,1983,1482,315,204,144,1956,1959,1964,1969,1481,312,204,145,1958,1967,1962,1968,1481,317,207,145,1958,1963,1965,1970,1484,314,209,144,1959,1957,1960,1965,1479,316,204,146,1957,1950,1963,1966,1481,315,201,141,1958,1964,1951,1973,1473,290,193,142,1975,1972,1964,1969,1477,293,191,138,0,0,0,0,0,0,0,0,0,0,0,0,0,0,0,0,0,0,0,0,0,0,0,0,0,0,0,0,0,0,0,0,0,0,0,0,0,0,0,0,0,0,0,0,0,0,0,0,0,0,0,0,0,0,0,0,0,0,0,0,0,0,0,0
2809,1987,1973,1975,1978,1480,314,201,143,1967,1965,1967,1968,1476,311,203,142,1962,1959,1970,1975,1488,321,207,146,1952,1962,1966,1966,1484,319,208,145,1953,1961,1970,1963,1480,317,202,147,1955,1957,1956,1971,1481,312,201,143,1959,1960,1950,1970,1471,293,194,141,1965,1976,1961,1966,1476,289,189,139,0,0,0,0,0,0,0,0,0,0,0,0,0,0,0,0,0,0,0,0,0,0,0,0,0,0,0,0,0,0,0,0,0,0,0,0,0,0,0,0,0,0,0,0,0,0,0,0,0,0,0,0,0,0,0,0,0,0,0,0,0,0,0,0
2810,1982,1989,1973,1972,1496,320,201,143,1978,1965,1973,1971,1486,313,202,144,1966,1961,1960,1976,1472,313,206,146,1957,1964,1960,1971,1478,318,207,145,1961,1959,1963,1964,1497,316,204,147,1970,1964,1956,1970,1481,312,199,143,1955,1961,1962,1969,1482,289,194,140,1974,1969,1970,1968,1481,288,191,138,0,0,0,0,0,0,0,0,0,0,0,0,0,0,0,0,0,0,0,0,0,0,0,0,0,0,0,0,0,0,0,0,0,0,0,0,0,0,0,0,0,0,0,0,0,0,0,0,0,0,0,0,0,0,0,0,0,0,0,0,0,0,0,0
2811,1983,1985,1978,1972,1485,317,201,144,1976,1966,1965,1971,1479,309,204,143,1968,1960,1963,1971,1482,315,203,145,1962,1972,1962,1969,1479,316,208,144,1955,1956,1957,1973,1477,320,204,146,1954,1961,1965,1969,1476,309,201,141,1961,1960,1965,1965,1467,292,193,141,1968,1974,1965,1972,1464,293,189,139,0,0,0,0,0,0,0,0,0,0,0,0,0,0,0,0,0,0,0,0,0,0,0,0,0,0,0,0,0,0,0,0,0,0,0,0,0,0,0,0,0,0,0,0,0,0,0,0,0,0,0,0,0,0,0,0,0,0,0,0,0,0,0,0
2812,1982,1975,1970,1985,1494,316,202,143,1986,1967,1969,1975,1471,312,201,144,1964,1958,1965,1972,1488,316,206,146,1949,1956,1968,1971,1482,309,206,143,1961,1956,1960,1972,1479,321,205,147,1958,1953,1962,1977,1480,315,201,141,1970,1965,1961,1966,1471,295,195,142,1968,1973,1969,1969,1467,294,189,139,0,0,0,0,0,0,0,0,0,0,0,0,0,0,0,0,0,0,0,0,0,0,0,0,0,0,0,0,0,0,0,0,0,0,0,0,0,0,0,0,0,0,0,0,0,0,0,0,0,0,0,0,0,0,0,0,0,0,0,0,0,0,0,0
2813,1988,1978,1974,1984,1480,319,201,144,1961,1960,1962,1969,1485,307,202,145,1959,1960,1965,1968,1476,316,204,146,1953,1959,1961,1961,1485,320,207,144,1960,1958,1957,1967,1481,319,204,146,1952,1952,1958,1973,1471,312,201,142,1957,1959,1965,1961,1473,291,193,142,1978,1963,1968,1975,1481,295,189,138,0,0,0,0,0,0,0,0,0,0,0,0,0,0,0,0,0,0,0,0,0,0,0,0,0,0,0,0,0,0,0,0,0,0,0,0,0,0,0,0,0,0,0,0,0,0,0,0,0,0,0,0,0,0,0,0,0,0,0,0,0,0,0,0
2814,1985,1981,1979,1982,1502,320,200,142,1976,1970,1967,1970,1483,309,203,144,1965,1962,1972,1970,1486,313,206,146,1955,1958,1962,1967,1484,316,209,145,1953,1953,1963,1977,1483,314,204,147,1963,1954,1959,1970,1483,308,202,143,1966,1958,1949,1964,1473,298,193,143,1972,1967,1965,1969,1482,291,189,138,0,0,0,0,0,0,0,0,0,0,0,0,0,0,0,0,0,0,0,0,0,0,0,0,0,0,0,0,0,0,0,0,0,0,0,0,0,0,0,0,0,0,0,0,0,0,0,0,0,0,0,0,0,0,0,0,0,0,0,0,0,0,0,0
2815,1974,1981,1976,1979,1489,319,203,143,1963,1954,1959,1967,1479,309,204,144,1965,1956,1960,1968,1482,312,205,145,1955,1950,1965,1974,1477,319,207,145,1957,1956,1953,1963,1479,321,204,145,1956,1961,1957,1964,1491,306,200,143,1964,1962,1965,1968,1479,289,193,140,1977,1974,1965,1973,1476,292,190,139,0,0,0,0,0,0,0,0,0,0,0,0,0,0,0,0,0,0,0,0,0,0,0,0,0,0,0,0,0,0,0,0,0,0,0,0,0,0,0,0,0,0,0,0,0,0,0,0,0,0,0,0,0,0,0,0,0,0,0,0,0,0,0,0
2816,1985,1976,1982,1985,1489,314,199,144,1978,1972,1966,1974,1482,312,204,144,1963,1960,1957,1974,1481,321,206,146,1966,1961,1971,1967,1484,313,208,146,1955,1960,1959,1968,1481,316,204,148,1965,1954,1958,1964,1485,310,201,143,1971,1962,1954,1960,1482,298,193,142,1984,1966,1967,1976,1477,294,188,136,0,0,0,0,0,0,0,0,0,0,0,0,0,0,0,0,0,0,0,0,0,0,0,0,0,0,0,0,0,0,0,0,0,0,0,0,0,0,0,0,0,0,0,0,0,0,0,0,0,0,0,0,0,0,0,0,0,0,0,0,0,0,0,0
2817,1992,1979,1976,1979,1487,320,202,144,1974,1960,1969,1968,1476,312,203,144,1963,1971,1954,1974,1489,314,206,145,1957,1952,1958,1973,1487,314,207,143,1966,1955,1960,1966,1481,316,202,147,1958,1954,1958,1960,1480,314,201,142,1962,1960,1959,1969,1465,291,195,141,1981,1971,1962,1964,1465,293,188,138,0,0,0,0,0,0,0,0,0,0,0,0,0,0,0,0,0,0,0,0,0,0,0,0,0,0,0,0,0,0,0,0,0,0,0,0,0,0,0,0,0,0,0,0,0,0,0,0,0,0,0,0,0,0,0,0,0,0,0,0,0,0,0,0
2818,1986,1983,1971,1990,1480,316,200,144,1968,1969,1964,1978,1478,309,203,144,1966,1953,1964,1982,1486,314,204,146,1956,1957,1968,1971,1474,317,209,145,1957,1961,1960,1973,1481,317,203,145,1960,1960,1963,1963,1482,315,200,144,1972,1966,1956,1961,1510,296,192,141,1980,1979,1973,1969,1478,294,191,139,0,0,0,0,0,0,0,0,0,0,0,0,0,0,0,0,0,0,0,0,0,0,0,0,0,0,0,0,0,0,0,0,0,0,0,0,0,0,0,0,0,0,0,0,0,0,0,0,0,0,0,0,0,0,0,0,0,0,0,0,0,0,0,0
2819,1994,1988,1974,1977,1475,315,202,145,1963,1969,1966,1971,1484,309,202,144,1964,1952,1963,1970,1482,318,206,146,1956,1955,1961,1967,1486,325,208,144,1955,1957,1962,1963,1487,315,204,148,1960,1960,1958,1963,1475,310,200,142,1966,1957,1964,1969,1477,290,191,140,1982,1967,1963,1976,1472,286,189,137,0,0,0,0,0,0,0,0,0,0,0,0,0,0,0,0,0,0,0,0,0,0,0,0,0,0,0,0,0,0,0,0,0,0,0,0,0,0,0,0,0,0,0,0,0,0,0,0,0,0,0,0,0,0,0,0,0,0,0,0,0,0,0,0
2820,1987,1973,1967,1988,1489,319,202,143,1971,1968,1971,1970,1473,313,202,144,1960,1963,1966,1968,1485,318,205,146,1965,1949,1966,1966,1487,319,209,144,1963,1955,1964,1971,1484,316,204,146,1960,1955,1963,1957,1477,308,199,141,1964,1962,1959,1968,1490,297,191,143,1975,1970,1971,1971,1480,292,191,139,0,0,0,0,0,0,0,0,0,0,0,0,0,0,0,0,0,0,0,0,0,0,0,0,0,0,0,0,0,0,0,0,0,0,0,0,0,0,0,0,0,0,0,0,0,0,0,0,0,0,0,0,0,0,0,0,0,0,0,0,0,0,0,0
2821,1981,1978,1974,1985,1488,313,202,143,1963,1966,1963,1973,1486,314,203,144,1965,1956,1962,1973,1478,316,207,145,1971,1957,1961,1966,1482,317,206,145,1956,1961,1964,1968,1482,316,203,146,1961,1964,1965,1967,1476,309,200,142,1962,1957,1960,1968,1474,294,194,141,1980,1967,1965,1974,1480,295,189,139,0,0,0,0,0,0,0,0,0,0,0,0,0,0,0,0,0,0,0,0,0,0,0,0,0,0,0,0,0,0,0,0,0,0,0,0,0,0,0,0,0,0,0,0,0,0,0,0,0,0,0,0,0,0,0,0,0,0,0,0,0,0,0,0
2822,1984,1979,1990,1987,1499,323,200,143,1983,1968,1971,1976,1485,311,201,144,1970,1963,1968,1977,1476,313,208,147,1947,1952,1964,1969,1479,316,207,145,1961,1954,1968,1970,1477,315,204,147,1961,1953,1962,1967,1471,314,203,142,1971,1967,1956,1959,1487,293,195,140,1968,1969,1962,1974,1487,294,188,140,0,0,0,0,0,0,0,0,0,0,0,0,0,0,0,0,0,0,0,0,0,0,0,0,0,0,0,0,0,0,0,0,0,0,0,0,0,0,0,0,0,0,0,0,0,0,0,0,0,0,0,0,0,0,0,0,0,0,0,0,0,0,0,0
2823,1979,1977,1982,1980,1485,316,202,144,1973,1967,1968,1969,1477,308,204,143,1964,1967,1956,1969,1477,309,205,145,1960,1959,1962,1964,1480,313,209,144,1956,1949,1957,1968,1473,317,202,146,1963,1961,1956,1967,1474,308,200,142,1964,1955,1950,1962,1468,293,194,142,1966,1966,1970,1974,1471,294,189,139,0,0,0,0,0,0,0,0,0,0,0,0,0,0,0,0,0,0,0,0,0,0,0,0,0,0,0,0,0,0,0,0,0,0,0,0,0,0,0,0,0,0,0,0,0,0,0,0,0,0,0,0,0,0,0,0,0,0,0,0,0,0,0,0
2824,1984,1977,1976,1976,1487,320,203,144,1968,1961,1970,1977,1475,318,203,144,1960,1961,1964,1970,1473,312,207,147,1953,1947,1960,1976,1489,311,208,146,1953,1955,1961,1970,1483,313,204,146,1960,1952,1959,1966,1486,310,202,141,1967,1961,1951,1967,1475,298,195,140,1982,1967,1968,1969,1465,294,190,138,0,0,0,0,0,0,0,0,0,0,0,0,0,0,0,0,0,0,0,0,0,0,0,0,0,0,0,0,0,0,0,0,0,0,0,0,0,0,0,0,0,0,0,0,0,0,0,0,0,0,0,0,0,0,0,0,0,0,0,0,0,0,0,0
2825,1983,1987,1975,1985,1494,317,203,144,1979,1960,1972,1972,1473,305,202,145,1968,1962,1966,1969,1476,315,204,146,1961,1957,1967,1963,1476,313,205,145,1951,1959,1954,1971,1483,314,203,146,1953,1958,1958,1968,1484,309,201,142,1966,1960,1956,1965,1477,293,193,140,1978,1971,1972,1975,1480,293,190,139,0,0,0,0,0,0,0,0,0,0,0,0,0,0,0,0,0,0,0,0,0,0,0,0,0,0,0,0,0,0,0,0,0,0,0,0,0,0,0,0,0,0,0,0,0,0,0,0,0,0,0,0,0,0,0,0,0,0,0,0,0,0,0,0
2826,1975,1977,1976,1991,1477,312,205,144,1968,1954,1964,1964,1489,313,201,144,1964,1950,1966,1977,1483,313,207,147,1958,1954,1969,1968,1476,322,207,146,1958,1967,1960,1966,1481,320,204,146,1956,1959,1960,1965,1479,311,201,141,1969,1970,1957,1973,1484,295,192,141,1970,1973,1971,1969,1471,293,189,139,0,0,0,0,0,0,0,0,0,0,0,0,0,0,0,0,0,0,0,0,0,0,0,0,0,0,0,0,0,0,0,0,0,0,0,0,0,0,0,0,0,0,0,0,0,0,0,0,0,0,0,0,0,0,0,0,0,0,0,0,0,0,0,0
2827,1992,1973,1976,1981,1484,317,201,144,1968,1970,1973,1966,1471,315,204,144,1956,1964,1958,1969,1482,312,205,145,1956,1955,1954,1967,1483,313,208,144,1955,1954,1960,1972,1485,318,205,146,1965,1961,1961,1966,1480,311,201,142,1959,1959,1949,1962,1478,287,193,140,1975,1967,1963,1976,1470,295,188,138,0,0,0,0,0,0,0,0,0,0,0,0,0,0,0,0,0,0,0,0,0,0,0,0,0,0,0,0,0,0,0,0,0,0,0,0,0,0,0,0,0,0,0,0,0,0,0,0,0,0,0,0,0,0,0,0,0,0,0,0,0,0,0,0
2828,1973,1973,1973,1986,1491,315,204,144,1964,1964,1968,1976,1486,315,205,144,1965,1957,1963,1972,1481,314,206,146,1956,1961,1965,1969,1480,313,208,146,1958,1961,1957,1974,1474,317,204,145,1960,1957,1961,1971,1476,311,201,141,1964,1972,1959,1963,1472,287,195,140,1973,1972,1963,1965,1471,289,191,138,0,0,0,0,0,0,0,0,0,0,0,0,0,0,0,0,0,0,0,0,0,0,0,0,0,0,0,0,0,0,0,0,0,0,0,0,0,0,0,0,0,0,0,0,0,0,0,0,0,0,0,0,0,0,0,0,0,0,0,0,0,0,0,0
2829,1992,1972,1969,1988,1486,317,201,143,1965,1961,1967,1969,1475,308,204,143,1965,1957,1969,1977,1486,317,205,146,1949,1964,1961,1970,1480,320,207,145,1956,1961,1950,1965,1481,315,204,145,1957,1959,1960,1963,1479,312,201,142,1967,1960,1964,1959,1482,293,194,140,1971,1979,1969,1968,1480,295,189,139,0,0,0,0,0,0,0,0,0,0,0,0,0,0,0,0,0,0,0,0,0,0,0,0,0,0,0,0,0,0,0,0,0,0,0,0,0,0,0,0,0,0,0,0,0,0,0,0,0,0,0,0,0,0,0,0,0,0,0,0,0,0,0,0
2830,1979,1981,1983,1987,1495,312,202,144,1971,1969,1969,1975,1476,315,204,144,1965,1967,1961,1970,1476,316,206,147,1959,1957,1966,1970,1485,318,209,146,1955,1956,1964,1964,1486,313,202,147,1960,1957,1958,1973,1479,311,199,143,1966,1969,1958,1961,1478,294,194,141,1965,1977,1969,1976,1483,287,189,138,0,0,0,0,0,0,0,0,0,0,0,0,0,0,0,0,0,0,0,0,0,0,0,0,0,0,0,0,0,0,0,0,0,0,0,0,0,0,0,0,0,0,0,0,0,0,0,0,0,0,0,0,0,0,0,0,0,0,0,0,0,0,0,0
2831,1986,1986,1977,1977,1486,317,202,145,1970,1973,1968,1970,1486,310,203,145,1962,1955,1964,1972,1484,318,206,146,1957,1961,1964,1967,1492,320,208,145,1958,1956,1965,1969,1485,324,203,146,1962,1952,1959,1960,1483,303,201,143,1969,1963,1963,1960,1482,292,195,141,1970,1969,1964,1975,1480,292,189,138,0,0,0,0,0,0,0,0,0,0,0,0,0,0,0,0,0,0,0,0,0,0,0,0,0,0,0,0,0,0,0,0,0,0,0,0,0,0,0,0,0,0,0,0,0,0,0,0,0,0,0,0,0,0,0,0,0,0,0,0,0,0,0,0
2832,1982,1980,1972,1976,1479,318,201,143,1966,1967,1970,1967,1482,309,202,144,1966,1964,1973,1970,1478,319,207,147,1950,1948,1965,1964,1479,310,207,144,1962,1955,1961,1974,1481,315,204,148,1962,1959,1962,1967,1490,312,202,144,1975,1955,1950,1968,1469,295,191,141,1972,1963,1964,1974,1484,295,188,138,0,0,0,0,0,0,0,0,0,0,0,0,0,0,0,0,0,0,0,0,0,0,0,0,0,0,0,0,0,0,0,0,0,0,0,0,0,0,0,0,0,0,0,0,0,0,0,0,0,0,0,0,0,0,0,0,0,0,0,0,0,0,0,0
2833,1975,1966,1976,1967,1489,321,202,144,1969,1964,1969,1968,1482,311,203,144,1960,1963,1972,1973,1479,319,206,145,1957,1958,1958,1964,1479,313,206,144,1966,1958,1961,1965,1480,320,204,145,1959,1957,1964,1963,1482,311,199,144,1967,1948,1958,1973,1483,293,192,141,1975,1970,1968,1971,1479,289,189,138,0,0,0,0,0,0,0,0,0,0,0,0,0,0,0,0,0,0,0,0,0,0,0,0,0,0,0,0,0,0,0,0,0,0,0,0,0,0,0,0,0,0,0,0,0,0,0,0,0,0,0,0,0,0,0,0,0,0,0,0,0,0,0,0
2834,1983,1973,1983,1977,1482,313,204,142,1971,1968,1971,1968,1486,308,203,144,1960,1965,1960,1979,1478,314,207,147,1958,1957,1969,1970,1485,317,208,145,1960,1957,1959,1982,1480,314,205,148,1959,1950,1962,1975,1493,305,200,141,1969,1961,1960,1971,1493,291,195,140,1970,1973,1979,1972,1475,294,190,138,0,0,0,0,0,0,0,0,0,0,0,0,0,0,0,0,0,0,0,0,0,0,0,0,0,0,0,0,0,0,0,0,0,0,0,0,0,0,0,0,0,0,0,0,0,0,0,0,0,0,0,0,0,0,0,0,0,0,0,0,0,0,0,0
2835,1987,1983,1972,1989,1488,316,201,144,1966,1966,1964,1971,1479,314,205,144,1960,1964,1966,1976,1480,319,207,146,1958,1958,1960,1966,1481,317,207,145,1952,1951,1963,1959,1479,318,204,147,1959,1958,1958,1960,1482,311,198,141,1962,1966,1957,1970,1458,298,194,141,1973,1963,1967,1966,1478,297,188,139,0,0,0,0,0,0,0,0,0,0,0,0,0,0,0,0,0,0,0,0,0,0,0,0,0,0,0,0,0,0,0,0,0,0,0,0,0,0,0,0,0,0,0,0,0,0,0,0,0,0,0,0,0,0,0,0,0,0,0,0,0,0,0,0
2836,1987,1975,1981,1987,1482,313,202,144,1970,1964,1965,1978,1479,314,202,143,1970,1958,1964,1974,1477,320,207,148,1955,1956,1966,1974,1484,312,207,145,1961,1962,1967,1967,1482,313,204,147,1965,1957,1959,1960,1474,315,201,144,1964,1960,1970,1968,1475,289,194,142,1973,1969,1970,1963,1479,288,189,138,0,0,0,0,0,0,0,0,0,0,0,0,0,0,0,0,0,0,0,0,0,0,0,0,0,0,0,0,0,0,0,0,0,0,0,0,0,0,0,0,0,0,0,0,0,0,0,0,0,0,0,0,0,0,0,0,0,0,0,0,0,0,0,0
2837,1984,1977,1974,1980,1479,313,201,143,1968,1964,1969,1972,1473,310,203,143,1966,1963,1971,1971,1484,317,206,147,1962,1959,1959,1967,1486,321,208,143,1957,1961,1958,1973,1477,321,204,146,1956,1946,1958,1967,1471,307,201,143,1964,1964,1964,1965,1471,294,194,141,1966,1976,1965,1973,1474,290,188,138,0,0,0,0,0,0,0,0,0,0,0,0,0,0,0,0,0,0,0,0,0,0,0,0,0,0,0,0,0,0,0,0,0,0,0,0,0,0,0,0,0,0,0,0,0,0,0,0,0,0,0,0,0,0,0,0,0,0,0,0,0,0,0,0
2838,1990,1985,1976,1987,1491,314,202,144,1972,1970,1970,1977,1486,312,203,144,1960,1965,1964,1976,1478,317,205,146,1968,1965,1964,1972,1484,320,207,145,1957,1957,1963,1970,1483,320,203,146,1968,1955,1960,1961,1481,305,201,143,1962,1958,1970,1965,1477,295,194,142,1980,1965,1966,1973,1471,296,190,138,0,0,0,0,0,0,0,0,0,0,0,0,0,0,0,0,0,0,0,0,0,0,0,0,0,0,0,0,0,0,0,0,0,0,0,0,0,0,0,0,0,0,0,0,0,0,0,0,0,0,0,0,0,0,0,0,0,0,0,0,0,0,0,0
2839,1980,1974,1974,1979,1489,320,200,144,1973,1963,1970,1978,1487,313,203,143,1960,1952,1963,1978,1471,316,206,145,1958,1955,1968,1969,1481,311,207,145,1955,1958,1958,1970,1486,315,203,148,1966,1952,1961,1965,1480,312,200,141,1968,1954,1961,1962,1490,289,192,142,1973,1973,1966,1969,1490,289,189,138,0,0,0,0,0,0,0,0,0,0,0,0,0,0,0,0,0,0,0,0,0,0,0,0,0,0,0,0,0,0,0,0,0,0,0,0,0,0,0,0,0,0,0,0,0,0,0,0,0,0,0,0,0,0,0,0,0,0,0,0,0,0,0,0
2840,1983,1984,1982,1987,1481,311,202,144,1973,1966,1958,1969,1484,309,203,144,1961,1956,1960,1976,1475,314,204,148,1964,1947,1956,1975,1496,317,207,145,1961,1961,1963,1972,1477,318,204,146,1967,1960,1961,1968,1490,314,201,142,1965,1960,1957,1966,1482,302,194,142,1984,1968,1970,1972,1473,295,188,139,0,0,0,0,0,0,0,0,0,0,0,0,0,0,0,0,0,0,0,0,0,0,0,0,0,0,0,0,0,0,0,0,0,0,0,0,0,0,0,0,0,0,0,0,0,0,0,0,0,0,0,0,0,0,0,0,0,0,0,0,0,0,0,0
2841,1983,1980,1976,1986,1481,319,203,143,1965,1962,1967,1971,1479,311,203,144,1960,1956,1969,1964,1483,310,207,147,1962,1959,1960,1967,1487,315,208,144,1960,1956,1958,1967,1480,316,203,147,1957,1954,1965,1959,1472,307,201,142,1967,1959,1952,1971,1470,303,192,141,1965,1965,1966,1973,1470,293,188,138,0,0,0,0,0,0,0,0,0,0,0,0,0,0,0,0,0,0,0,0,0,0,0,0,0,0,0,0,0,0,0,0,0,0,0,0,0,0,0,0,0,0,0,0,0,0,0,0,0,0,0,0,0,0,0,0,0,0,0,0,0,0,0,0
2842,1984,1986,1975,1984,1479,316,202,143,1968,1961,1963,1971,1484,313,205,144,1970,1960,1966,1977,1476,317,206,147,1955,1954,1969,1967,1485,316,208,146,1952,1960,1960,1976,1486,318,204,147,1957,1952,1966,1968,1476,313,202,144,1969,1959,1958,1968,1486,297,194,141,1981,1973,1958,1971,1476,296,190,139,0,0,0,0,0,0,0,0,0,0,0,0,0,0,0,0,0,0,0,0,0,0,0,0,0,0,0,0,0,0,0,0,0,0,0,0,0,0,0,0,0,0,0,0,0,0,0,0,0,0,0,0,0,0,0,0,0,0,0,0,0,0,0,0
2843,1984,1976,1974,1980,1487,317,203,144,1968,1960,1970,1981,1480,311,203,143,1961,1967,1959,1972,1477,316,205,146,1954,1955,1961,1974,1478,320,206,145,1955,1961,1962,1966,1478,318,203,147,1965,1959,1959,1969,1484,307,201,141,1962,1965,1958,1972,1480,293,193,141,1967,1970,1970,1975,1468,289,188,138,0,0,0,0,0,0,0,0,0,0,0,0,0,0,0,0,0,0,0,0,0,0,0,0,0,0,0,0,0,0,0,0,0,0,0,0,0,0,0,0,0,0,0,0,0,0,0,0,0,0,0,0,0,0,0,0,0,0,0,0,0,0,0,0
2844,1993,1969,1983,1974,1491,323,201,144,1978,1958,1968,1972,1484,309,204,144,1963,1969,1966,1974,1481,315,205,146,1957,1956,1959,1969,1476,318,209,146,1955,1954,1965,1981,1486,316,203,145,1965,1958,1962,1970,1477,313,199,142,1962,1960,1971,1962,1483,291,193,141,1977,1973,1965,1981,1480,289,192,138,0,0,0,0,0,0,0,0,0,0,0,0,0,0,0,0,0,0,0,0,0,0,0,0,0,0,0,0,0,0,0,0,0,0,0,0,0,0,0,0,0,0,0,0,0,0,0,0,0,0,0,0,0,0,0,0,0,0,0,0,0,0,0,0
2845,1992,1988,1977,1982,1488,320,201,143,1966,1972,1971,1969,1474,310,202,144,1967,1958,1976,1971,1481,313,205,146,1958,1961,1963,1982,1480,321,207,145,1958,1960,1957,1969,1486,316,204,147,1956,1954,1955,1970,1467,315,198,140,1961,1954,1961,1965,1482,292,193,142,1981,1965,1976,1966,1480,293,191,139,0,0,0,0,0,0,0,0,0,0,0,0,0,0,0,0,0,0,0,0,0,0,0,0,0,0,0,0,0,0,0,0,0,0,0,0,0,0,0,0,0,0,0,0,0,0,0,0,0,0,0,0,0,0,0,0,0,0,0,0,0,0,0,0
2846,1983,1984,1969,1987,1479,316,202,143,1963,1970,1964,1968,1482,308,202,144,1963,1963,1962,1972,1480,315,209,145,1962,1960,1958,1964,1478,313,208,145,1954,1964,1963,1974,1480,317,204,148,1967,1952,1964,1971,1487,310,202,143,1961,1963,1963,1955,1471,300,195,141,1977,1974,1972,1976,1476,291,189,138,0,0,0,0,0,0,0,0,0,0,0,0,0,0,0,0,0,0,0,0,0,0,0,0,0,0,0,0,0,0,0,0,0,0,0,0,0,0,0,0,0,0,0,0,0,0,0,0,0,0,0,0,0,0,0,0,0,0,0,0,0,0,0,0
2847,1988,1975,1977,1985,1492,317,202,144,1986,1965,1964,1973,1473,310,203,144,1961,1962,1969,1968,1471,315,206,146,1953,1951,1961,1976,1484,313,209,145,1956,1956,1958,1959,1479,319,203,146,1957,1963,1957,1961,1478,308,200,142,1970,1958,1960,1957,1472,293,194,141,1978,1968,1967,1981,1477,289,191,138,0,0,0,0,0,0,0,0,0,0,0,0,0,0,0,0,0,0,0,0,0,0,0,0,0,0,0,0,0,0,0,0,0,0,0,0,0,0,0,0,0,0,0,0,0,0,0,0,0,0,0,0,0,0,0,0,0,0,0,0,0,0,0,0
2848,1976,1982,1972,1986,1488,315,200,144,1975,1963,1968,1979,1481,312,202,145,1960,1960,1968,1973,1487,313,207,146,1960,1946,1968,1975,1483,319,209,147,1963,1957,1959,1968,1474,316,204,147,1961,1956,1961,1969,1470,304,201,145,1965,1950,1966,1963,1479,290,194,141,1980,1961,1972,1965,1455,290,190,138,0,0,0,0,0,0,0,0,0,0,0,0,0,0,0,0,0,0,0,0,0,0,0,0,0,0,0,0,0,0,0,0,0,0,0,0,0,0,0,0,0,0,0,0,0,0,0,0,0,0,0,0,0,0,0,0,0,0,0,0,0,0,0,0
2849,1991,1971,1970,1979,1479,309,202,144,1973,1965,1970,1976,1482,312,203,144,1969,1956,1972,1968,1485,314,206,146,1956,1960,1964,1967,1480,319,206,144,1956,1959,1955,1958,1486,317,202,147,1962,1954,1960,1964,1487,310,201,143,1964,1954,1956,1965,1467,292,192,140,1984,1976,1965,1973,1473,296,189,139,0,0,0,0,0,0,0,0,0,0,0,0,0,0,0,0,0,0,0,0,0,0,0,0,0,0,0,0,0,0,0,0,0,0,0,0,0,0,0,0,0,0,0,0,0,0,0,0,0,0,0,0,0,0,0,0,0,0,0,0,0,0,0,0
2850,1982,1982,1982,1985,1483,311,201,143,1978,1962,1968,1973,1481,321,203,144,1960,1951,1964,1971,1488,313,207,146,1960,1961,1956,1980,1488,313,207,145,1954,1968,1960,1966,1476,319,204,146,1955,1953,1972,1962,1477,311,202,141,1955,1961,1952,1963,1478,300,192,139,1982,1978,1970,1978,1464,289,191,137,0,0,0,0,0,0,0,0,0,0,0,0,0,0,0,0,0,0,0,0,0,0,0,0,0,0,0,0,0,0,0,0,0,0,0,0,0,0,0,0,0,0,0,0,0,0,0,0,0,0,0,0,0,0,0,0,0,0,0,0,0,0,0,0
2851,1985,1977,1973,1982,1487,315,202,143,1972,1966,1963,1972,1471,308,201,144,1970,1969,1965,1973,1484,316,207,146,1956,1957,1956,1970,1486,312,207,145,1957,1957,1963,1970,1482,320,201,148,1965,1954,1953,1959,1469,309,201,142,1964,1953,1960,1967,1470,291,194,142,1980,1970,1957,1972,1482,287,189,139,0,0,0,0,0,0,0,0,0,0,0,0,0,0,0,0,0,0,0,0,0,0,0,0,0,0,0,0,0,0,0,0,0,0,0,0,0,0,0,0,0,0,0,0,0,0,0,0,0,0,0,0,0,0,0,0,0,0,0,0,0,0,0,0
2852,1988,1978,1970,1983,1496,321,200,144,1971,1960,1969,1975,1478,309,204,146,1957,1955,1969,1971,1476,320,208,147,1957,1957,1971,1965,1493,317,206,146,1957,1954,1959,1961,1482,317,203,148,1957,1956,1958,1963,1481,313,200,143,1964,1959,1955,1974,1473,289,194,141,1970,1975,1973,1971,1477,290,189,138,0,0,0,0,0,0,0,0,0,0,0,0,0,0,0,0,0,0,0,0,0,0,0,0,0,0,0,0,0,0,0,0,0,0,0,0,0,0,0,0,0,0,0,0,0,0,0,0,0,0,0,0,0,0,0,0,0,0,0,0,0,0,0,0
2853,1980,1971,1974,1983,1489,317,200,142,1969,1962,1965,1979,1486,312,202,143,1964,1949,1959,1967,1482,312,206,145,1960,1957,1963,1971,1479,316,205,145,1954,1946,1953,1972,1473,316,202,147,1961,1963,1961,1970,1477,308,200,142,1965,1957,1965,1958,1477,290,193,141,1983,1967,1962,1978,1475,295,189,138,0,0,0,0,0,0,0,0,0,0,0,0,0,0,0,0,0,0,0,0,0,0,0,0,0,0,0,0,0,0,0,0,0,0,0,0,0,0,0,0,0,0,0,0,0,0,0,0,0,0,0,0,0,0,0,0,0,0,0,0,0,0,0,0
2854,1989,1982,1975,1979,1487,320,202,143,1964,1962,1965,1972,1482,316,204,143,1966,1961,1973,1973,1490,317,207,146,1962,1957,1964,1976,1478,317,206,145,1957,1958,1961,1969,1481,324,204,147,1959,1962,1958,1973,1476,312,202,143,1969,1957,1962,1979,1471,297,194,142,1983,1969,1962,1968,1477,292,189,138,0,0,0,0,0,0,0,0,0,0,0,0,0,0,0,0,0,0,0,0,0,0,0,0,0,0,0,0,0,0,0,0,0,0,0,0,0,0,0,0,0,0,0,0,0,0,0,0,0,0,0,0,0,0,0,0,0,0,0,0,0,0,0,0
2855,1971,1986,1977,1983,1490,314,201,143,1968,1962,1971,1980,1477,313,204,144,1965,1967,1961,1967,1484,318,204,145,1958,1950,1964,1969,1479,318,208,147,1963,1963,1963,1966,1487,316,203,146,1957,1963,1962,1973,1472,308,200,141,1962,1959,1958,1966,1476,289,195,140,1981,1967,1973,1975,1480,294,191,138,0,0,0,0,0,0,0,0,0,0,0,0,0,0,0,0,0,0,0,0,0,0,0,0,0,0,0,0,0,0,0,0,0,0,0,0,0,0,0,0,0,0,0,0,0,0,0,0,0,0,0,0,0,0,0,0,0,0,0,0,0,0,0,0
2856,1986,1991,1967,1976,1483,316,203,143,1974,1970,1967,1974,1482,315,204,144,1966,1969,1960,1971,1481,318,206,146,1964,1951,1962,1963,1481,315,205,146,1952,1964,1960,1964,1477,315,203,146,1959,1954,1960,1968,1474,313,198,144,1966,1965,1957,1967,1481,297,193,140,1973,1976,1954,1978,1495,288,189,139,0,0,0,0,0,0,0,0,0,0,0,0,0,0,0,0,0,0,0,0,0,0,0,0,0,0,0,0,0,0,0,0,0,0,0,0,0,0,0,0,0,0,0,0,0,0,0,0,0,0,0,0,0,0,0,0,0,0,0,0,0,0,0,0
2857,1987,1981,1976,1978,1491,317,201,143,1972,1970,1966,1975,1476,313,202,144,1958,1963,1976,1975,1482,313,206,146,1964,1959,1964,1963,1480,321,207,144,1951,1953,1962,1968,1481,312,203,147,1958,1956,1957,1970,1483,308,201,141,1968,1960,1959,1965,1465,301,192,142,1984,1974,1966,1966,1467,293,189,138,0,0,0,0,0,0,0,0,0,0,0,0,0,0,0,0,0,0,0,0,0,0,0,0,0,0,0,0,0,0,0,0,0,0,0,0,0,0,0,0,0,0,0,0,0,0,0,0,0,0,0,0,0,0,0,0,0,0,0,0,0,0,0,0
2858,1994,1978,1967,1980,1480,319,201,146,1963,1967,1961,1976,1484,309,204,143,1960,1964,1965,1978,1487,315,206,146,1963,1965,1964,1974,1477,318,206,145,1965,1958,1959,1971,1481,321,204,147,1953,1955,1962,1965,1483,313,200,142,1963,1958,1956,1976,1477,291,193,139,1973,1975,1968,1964,1477,286,189,140,0,0,0,0,0,0,0,0,0,0,0,0,0,0,0,0,0,0,0,0,0,0,0,0,0,0,0,0,0,0,0,0,0,0,0,0,0,0,0,0,0,0,0,0,0,0,0,0,0,0,0,0,0,0,0,0,0,0,0,0,0,0,0,0
2859,1985,1980,1979,1972,1477,316,203,143,1965,1957,1972,1970,1485,309,203,144,1961,1956,1964,1973,1482,320,205,147,1966,1964,1962,1964,1484,314,206,144,1957,1959,1956,1968,1478,321,201,146,1964,1952,1961,1971,1482,306,201,141,1955,1957,1961,1964,1474,295,194,141,1977,1971,1971,1968,1476,294,191,136,0,0,0,0,0,0,0,0,0,0,0,0,0,0,0,0,0,0,0,0,0,0,0,0,0,0,0,0,0,0,0,0,0,0,0,0,0,0,0,0,0,0,0,0,0,0,0,0,0,0,0,0,0,0,0,0,0,0,0,0,0,0,0,0
2860,1975,1977,1974,1983,1492,320,202,145,1968,1964,1962,1975,1481,309,206,144,1970,1959,1965,1976,1477,315,206,146,1962,1956,1968,1965,1481,318,209,145,1961,1960,1957,1975,1484,317,204,148,1958,1951,1971,1971,1478,310,200,142,1958,1954,1950,1963,1472,302,193,140,1975,1963,1963,1969,1468,291,188,139,0,0,0,0,0,0,0,0,0,0,0,0,0,0,0,0,0,0,0,0,0,0,0,0,0,0,0,0,0,0,0,0,0,0,0,0,0,0,0,0,0,0,0,0,0,0,0,0,0,0,0,0,0,0,0,0,0,0,0,0,0,0,0,0
2861,1984,1981,1986,1981,1485,311,201,144,1970,1967,1974,1972,1475,318,205,144,1961,1957,1971,1971,1490,320,205,145,1957,1952,1965,1973,1484,313,209,145,1961,1954,1962,1968,1483,315,204,148,1961,1955,1963,1970,1475,313,200,142,1968,1962,1968,1961,1478,295,195,142,1974,1971,1965,1974,1482,294,190,139,0,0,0,0,0,0,0,0,0,0,0,0,0,0,0,0,0,0,0,0,0,0,0,0,0,0,0,0,0,0,0,0,0,0,0,0,0,0,0,0,0,0,0,0,0,0,0,0,0,0,0,0,0,0,0,0,0,0,0,0,0,0,0,0
2862,1981,1973,1970,1984,1483,318,200,144,1976,1967,1969,1981,1481,312,204,144,1962,1962,1968,1972,1479,317,207,146,1971,1960,1965,1964,1485,312,210,145,1960,1954,1962,1973,1474,318,205,147,1961,1954,1971,1963,1482,308,201,142,1967,1957,1959,1965,1483,298,193,140,1974,1972,1966,1976,1476,288,190,139,0,0,0,0,0,0,0,0,0,0,0,0,0,0,0,0,0,0,0,0,0,0,0,0,0,0,0,0,0,0,0,0,0,0,0,0,0,0,0,0,0,0,0,0,0,0,0,0,0,0,0,0,0,0,0,0,0,0,0,0,0,0,0,0
2863,1976,1973,1969,1986,1488,314,203,143,1968,1958,1972,1973,1476,307,203,144,1962,1955,1967,1974,1473,317,206,145,1959,1956,1959,1969,1489,316,207,145,1961,1958,1957,1970,1476,321,203,145,1958,1949,1956,1969,1484,309,200,142,1959,1963,1957,1967,1476,296,193,141,1971,1952,1973,1973,1478,292,189,138,0,0,0,0,0,0,0,0,0,0,0,0,0,0,0,0,0,0,0,0,0,0,0,0,0,0,0,0,0,0,0,0,0,0,0,0,0,0,0,0,0,0,0,0,0,0,0,0,0,0,0,0,0,0,0,0,0,0,0,0,0,0,0,0
2864,1984,1976,1979,1983,1484,321,203,144,1964,1966,1968,1972,1496,305,203,143,1964,1954,1971,1966,1475,315,206,146,1959,1954,1964,1973,1487,320,207,145,1947,1963,1967,1963,1469,314,204,148,1959,1956,1959,1970,1479,307,201,141,1968,1952,1958,1968,1476,292,193,141,1985,1970,1967,1966,1469,293,189,138,0,0,0,0,0,0,0,0,0,0,0,0,0,0,0,0,0,0,0,0,0,0,0,0,0,0,0,0,0,0,0,0,0,0,0,0,0,0,0,0,0,0,0,0,0,0,0,0,0,0,0,0,0,0,0,0,0,0,0,0,0,0,0,0
2865,1976,1976,1970,1984,1483,318,201,144,1965,1963,1968,1972,1466,310,203,144,1958,1952,1968,1977,1480,317,207,146,1956,1958,1962,1960,1480,316,208,143,1956,1959,1957,1970,1476,317,203,146,1961,1957,1954,1969,1478,311,200,140,1968,1962,1962,1956,1467,299,193,141,1966,1969,1966,1970,1480,295,188,139,0,0,0,0,0,0,0,0,0,0,0,0,0,0,0,0,0,0,0,0,0,0,0,0,0,0,0,0,0,0,0,0,0,0,0,0,0,0,0,0,0,0,0,0,0,0,0,0,0,0,0,0,0,0,0,0,0,0,0,0,0,0,0,0
2866,1987,1979,1980,1978,1491,316,203,144,1976,1965,1967,1975,1475,314,203,144,1966,1954,1961,1975,1476,315,208,146,1962,1952,1964,1975,1489,318,206,146,1960,1957,1963,1967,1484,317,203,146,1956,1951,1957,1971,1476,308,201,143,1961,1959,1958,1962,1480,295,193,142,1973,1965,1972,1976,1479,296,189,139,0,0,0,0,0,0,0,0,0,0,0,0,0,0,0,0,0,0,0,0,0,0,0,0,0,0,0,0,0,0,0,0,0,0,0,0,0,0,0,0,0,0,0,0,0,0,0,0,0,0,0,0,0,0,0,0,0,0,0,0,0,0,0,0
2867,1986,1974,1985,1982,1479,318,202,144,1969,1967,1973,1968,1492,311,204,143,1961,1969,1966,1968,1479,312,205,146,1952,1959,1964,1966,1488,318,207,144,1954,1954,1965,1966,1480,312,204,147,1960,1950,1961,1962,1477,309,201,142,1961,1964,1958,1970,1468,291,193,141,1973,1967,1966,1973,1476,289,189,138,0,0,0,0,0,0,0,0,0,0,0,0,0,0,0,0,0,0,0,0,0,0,0,0,0,0,0,0,0,0,0,0,0,0,0,0,0,0,0,0,0,0,0,0,0,0,0,0,0,0,0,0,0,0,0,0,0,0,0,0,0,0,0,0
2868,1985,1980,1969,1980,1480,320,200,143,1972,1971,1965,1973,1484,309,204,144,1966,1955,1965,1977,1487,315,205,146,1963,1950,1960,1976,1490,313,207,145,1956,1962,1958,1962,1479,314,203,146,1965,1970,1967,1969,1483,305,199,143,1966,1959,1960,1963,1480,291,195,141,1973,1972,1970,1972,1482,293,190,138,0,0,0,0,0,0,0,0,0,0,0,0,0,0,0,0,0,0,0,0,0,0,0,0,0,0,0,0,0,0,0,0,0,0,0,0,0,0,0,0,0,0,0,0,0,0,0,0,0,0,0,0,0,0,0,0,0,0,0,0,0,0,0,0
2869,1984,1975,1976,1982,1483,322,203,143,1969,1963,1972,1974,1475,310,203,144,1963,1962,1969,1978,1485,316,205,146,1955,1955,1959,1972,1485,320,205,146,1957,1959,1963,1973,1478,312,203,145,1960,1949,1958,1966,1473,308,199,143,1959,1959,1960,1968,1471,293,195,141,1979,1967,1958,1967,1479,295,190,139,0,0,0,0,0,0,0,0,0,0,0,0,0,0,0,0,0,0,0,0,0,0,0,0,0,0,0,0,0,0,0,0,0,0,0,0,0,0,0,0,0,0,0,0,0,0,0,0,0,0,0,0,0,0,0,0,0,0,0,0,0,0,0,0
2870,1991,1990,1976,1984,1484,321,202,144,1969,1956,1969,1967,1490,306,204,144,1962,1961,1966,1977,1484,315,208,147,1955,1956,1965,1967,1483,317,208,147,1969,1965,1954,1972,1483,316,205,147,1955,1953,1958,1960,1475,313,200,142,1954,1956,1953,1979,1477,292,194,142,1976,1970,1970,1964,1481,289,189,140,0,0,0,0,0,0,0,0,0,0,0,0,0,0,0,0,0,0,0,0,0,0,0,0,0,0,0,0,0,0,0,0,0,0,0,0,0,0,0,0,0,0,0,0,0,0,0,0,0,0,0,0,0,0,0,0,0,0,0,0,0,0,0,0
2871,1982,1987,1971,1978,1482,315,203,144,1968,1964,1967,1971,1482,313,200,144,1962,1959,1959,1974,1480,312,205,145,1962,1955,1962,1972,1487,316,208,143,1956,1957,1957,1973,1482,313,204,146,1961,1954,1959,1966,1485,309,202,141,1974,1960,1969,1972,1471,292,194,140,1964,1972,1974,1968,1476,293,189,139,0,0,0,0,0,0,0,0,0,0,0,0,0,0,0,0,0,0,0,0,0,0,0,0,0,0,0,0,0,0,0,0,0,0,0,0,0,0,0,0,0,0,0,0,0,0,0,0,0,0,0,0,0,0,0,0,0,0,0,0,0,0,0,0
2872,1978,1984,1986,1987,1488,310,203,143,1969,1958,1963,1969,1479,312,203,144,1964,1968,1965,1973,1473,313,205,147,1962,1963,1962,1957,1487,319,207,145,1951,1952,1961,1960,1477,317,205,147,1958,1957,1960,1971,1471,311,201,143,1972,1964,1968,1956,1470,291,194,141,1975,1969,1962,1988,1469,293,187,137,0,0,0,0,0,0,0,0,0,0,0,0,0,0,0,0,0,0,0,0,0,0,0,0,0,0,0,0,0,0,0,0,0,0,0,0,0,0,0,0,0,0,0,0,0,0,0,0,0,0,0,0,0,0,0,0,0,0,0,0,0,0,0,0
2873,1989,1975,1975,1981,1479,317,202,143,1964,1970,1970,1967,1481,313,202,145,1956,1965,1968,1973,1480,318,207,147,1958,1950,1965,1964,1478,316,207,144,1955,1954,1959,1973,1486,314,202,147,1958,1955,1962,1964,1472,303,202,141,1959,1960,1963,1972,1482,290,192,140,1975,1968,1963,1968,1481,296,188,138,0,0,0,0,0,0,0,0,0,0,0,0,0,0,0,0,0,0,0,0,0,0,0,0,0,0,0,0,0,0,0,0,0,0,0,0,0,0,0,0,0,0,0,0,0,0,0,0,0,0,0,0,0,0,0,0,0,0,0,0,0,0,0,0
2874,1978,1982,1976,1980,1484,317,203,144,1977,1959,1965,1962,1476,310,204,144,1957,1959,1966,1974,1483,314,207,146,1956,1961,1960,1971,1487,315,207,145,1956,1958,1959,1964,1487,318,203,148,1956,1954,1959,1971,1487,311,202,141,1962,1959,1963,1966,1472,290,191,140,1966,1968,1965,1967,1496,294,190,138,0,0,0,0,0,0,0,0,0,0,0,0,0,0,0,0,0,0,0,0,0,0,0,0,0,0,0,0,0,0,0,0,0,0,0,0,0,0,0,0,0,0,0,0,0,0,0,0,0,0,0,0,0,0,0,0,0,0,0,0,0,0,0,0
2875,1991,1974,1971,1979,1486,322,201,144,1970,1961,1977,1971,1475,311,204,144,1964,1964,1959,1974,1487,316,206,146,1959,1955,1956,1970,1477,319,207,144,1955,1962,1956,1965,1484,322,202,146,1963,1960,1964,1974,1477,314,202,142,1957,1958,1961,1972,1483,296,194,141,1979,1969,1968,1973,1471,289,188,139,0,0,0,0,0,0,0,0,0,0,0,0,0,0,0,0,0,0,0,0,0,0,0,0,0,0,0,0,0,0,0,0,0,0,0,0,0,0,0,0,0,0,0,0,0,0,0,0,0,0,0,0,0,0,0,0,0,0,0,0,0,0,0,0
2876,1985,1975,1974,1983,1487,322,202,143,1967,1964,1970,1968,1479,318,204,145,1969,1957,1963,1974,1481,315,206,147,1948,1959,1972,1967,1475,321,208,145,1969,1954,1964,1980,1482,320,203,147,1964,1961,1959,1967,1476,309,203,142,1969,1957,1967,1969,1469,297,193,142,1975,1973,1967,1962,1490,293,190,139,0,0,0,0,0,0,0,0,0,0,0,0,0,0,0,0,0,0,0,0,0,0,0,0,0,0,0,0,0,0,0,0,0,0,0,0,0,0,0,0,0,0,0,0,0,0,0,0,0,0,0,0,0,0,0,0,0,0,0,0,0,0,0,0
2877,1990,1978,1971,1969,1485,316,201,145,1968,1961,1964,1972,1488,311,203,144,1966,1966,1963,1969,1479,314,207,146,1965,1954,1960,1965,1474,313,208,146,1961,1956,1957,1975,1468,309,203,145,1965,1953,1953,1968,1487,310,200,142,1962,1961,1966,1960,1476,300,194,141,1982,1972,1957,1977,1477,290,190,139,0,0,0,0,0,0,0,0,0,0,0,0,0,0,0,0,0,0,0,0,0,0,0,0,0,0,0,0,0,0,0,0,0,0,0,0,0,0,0,0,0,0,0,0,0,0,0,0,0,0,0,0,0,0,0,0,0,0,0,0,0,0,0,0
2878,1981,1984,1970,1986,1481,311,201,143,1966,1967,1973,1972,1483,313,204,143,1960,1958,1967,1969,1481,313,205,147,1950,1956,1966,1972,1481,316,207,145,1952,1961,1958,1973,1485,317,203,146,1951,1964,1964,1969,1489,311,201,143,1960,1969,1956,1974,1478,291,193,142,1978,1968,1966,1977,1488,296,191,138,0,0,0,0,0,0,0,0,0,0,0,0,0,0,0,0,0,0,0,0,0,0,0,0,0,0,0,0,0,0,0,0,0,0,0,0,0,0,0,0,0,0,0,0,0,0,0,0,0,0,0,0,0,0,0,0,0,0,0,0,0,0,0,0
2879,1979,1988,1983,1986,1480,315,198,144,1969,1967,1967,1975,1483,316,202,144,1967,1961,1959,1977,1481,317,207,146,1964,1953,1961,1967,1482,317,207,145,1965,1965,1952,1964,1479,316,205,146,1958,1952,1960,1969,1475,308,199,141,1968,1960,1968,1961,1474,296,193,141,1967,1964,1970,1974,1487,291,189,138,0,0,0,0,0,0,0,0,0,0,0,0,0,0,0,0,0,0,0,0,0,0,0,0,0,0,0,0,0,0,0,0,0,0,0,0,0,0,0,0,0,0,0,0,0,0,0,0,0,0,0,0,0,0,0,0,0,0,0,0,0,0,0,0
2880,1977,1975,1974,1977,1479,319,202,144,1968,1969,1972,1973,1482,311,202,144,1966,1959,1964,1971,1481,320,206,147,1960,1961,1959,1964,1485,315,209,146,1958,1952,1961,1969,1485,311,204,147,1969,1966,1961,1972,1476,311,200,142,1968,1956,1965,1972,1487,292,191,141,1980,1971,1970,1984,1481,290,190,138,0,0,0,0,0,0,0,0,0,0,0,0,0,0,0,0,0,0,0,0,0,0,0,0,0,0,0,0,0,0,0,0,0,0,0,0,0,0,0,0,0,0,0,0,0,0,0,0,0,0,0,0,0,0,0,0,0,0,0,0,0,0,0,0
2881,1992,1973,1979,1981,1474,318,200,143,1966,1963,1974,1978,1471,310,204,144,1957,1960,1960,1985,1479,308,206,146,1961,1954,1954,1964,1481,315,206,145,1967,1964,1963,1963,1482,314,203,146,1957,1963,1960,1968,1472,307,201,142,1972,1960,1962,1970,1473,294,195,140,1970,1982,1968,1975,1475,295,189,138,0,0,0,0,0,0,0,0,0,0,0,0,0,0,0,0,0,0,0,0,0,0,0,0,0,0,0,0,0,0,0,0,0,0,0,0,0,0,0,0,0,0,0,0,0,0,0,0,0,0,0,0,0,0,0,0,0,0,0,0,0,0,0,0
2882,1979,1977,1981,1992,1485,312,202,144,1972,1965,1969,1977,1471,311,202,145,1971,1961,1966,1970,1488,321,206,145,1957,1958,1965,1980,1485,324,208,145,1949,1966,1962,1967,1477,323,204,146,1960,1957,1961,1968,1482,308,203,142,1967,1958,1964,1965,1478,289,194,142,1980,1973,1960,1974,1469,290,190,139,0,0,0,0,0,0,0,0,0,0,0,0,0,0,0,0,0,0,0,0,0,0,0,0,0,0,0,0,0,0,0,0,0,0,0,0,0,0,0,0,0,0,0,0,0,0,0,0,0,0,0,0,0,0,0,0,0,0,0,0,0,0,0,0
2883,1975,1982,1978,1987,1487,314,205,143,1968,1962,1973,1971,1470,315,201,144,1956,1953,1960,1970,1482,309,205,147,1957,1950,1958,1964,1495,317,208,145,1958,1957,1959,1976,1472,317,204,146,1957,1953,1959,1969,1481,310,200,144,1962,1964,1957,1959,1480,290,193,141,1969,1963,1973,1978,1479,290,189,138,0,0,0,0,0,0,0,0,0,0,0,0,0,0,0,0,0,0,0,0,0,0,0,0,0,0,0,0,0,0,0,0,0,0,0,0,0,0,0,0,0,0,0,0,0,0,0,0,0,0,0,0,0,0,0,0,0,0,0,0,0,0,0,0
2884,1984,1982,1969,1978,1487,325,202,144,1970,1960,1968,1977,1481,311,203,145,1964,1955,1961,1968,1484,315,207,146,1958,1954,1965,1977,1482,315,208,145,1960,1954,1954,1962,1479,318,206,147,1958,1961,1955,1971,1485,311,200,142,1963,1960,1960,1972,1467,290,193,142,1979,1974,1972,1965,1476,293,189,139,0,0,0,0,0,0,0,0,0,0,0,0,0,0,0,0,0,0,0,0,0,0,0,0,0,0,0,0,0,0,0,0,0,0,0,0,0,0,0,0,0,0,0,0,0,0,0,0,0,0,0,0,0,0,0,0,0,0,0,0,0,0,0,0
2885,1989,1981,1978,1979,1496,316,201,144,1968,1963,1967,1975,1483,312,202,144,1966,1964,1973,1984,1479,317,205,147,1963,1956,1958,1974,1488,315,208,145,1963,1960,1959,1962,1482,313,203,148,1958,1964,1963,1974,1476,309,201,142,1967,1963,1963,1962,1473,290,193,140,1961,1976,1967,1968,1479,293,189,138,0,0,0,0,0,0,0,0,0,0,0,0,0,0,0,0,0,0,0,0,0,0,0,0,0,0,0,0,0,0,0,0,0,0,0,0,0,0,0,0,0,0,0,0,0,0,0,0,0,0,0,0,0,0,0,0,0,0,0,0,0,0,0,0
2886,1977,1971,1974,1993,1484,314,201,144,1975,1961,1964,1972,1488,309,204,145,1969,1963,1968,1971,1487,324,204,146,1957,1948,1959,1968,1480,315,207,145,1956,1960,1957,1974,1484,315,204,147,1954,1952,1958,1965,1475,311,201,144,1967,1954,1969,1966,1470,292,192,141,1974,1966,1963,1973,1480,291,190,139,0,0,0,0,0,0,0,0,0,0,0,0,0,0,0,0,0,0,0,0,0,0,0,0,0,0,0,0,0,0,0,0,0,0,0,0,0,0,0,0,0,0,0,0,0,0,0,0,0,0,0,0,0,0,0,0,0,0,0,0,0,0,0,0
2887,1985,1976,1978,1978,1485,315,201,143,1979,1958,1969,1974,1483,312,204,143,1959,1959,1965,1976,1479,312,207,145,1962,1963,1959,1967,1478,321,208,145,1956,1954,1962,1965,1473,319,205,145,1964,1953,1952,1963,1475,309,200,142,1964,1962,1959,1972,1473,289,194,141,1967,1965,1973,1968,1470,289,191,139,0,0,0,0,0,0,0,0,0,0,0,0,0,0,0,0,0,0,0,0,0,0,0,0,0,0,0,0,0,0,0,0,0,0,0,0,0,0,0,0,0,0,0,0,0,0,0,0,0,0,0,0,0,0,0,0,0,0,0,0,0,0,0,0
2888,1983,1987,1977,1979,1495,319,203,143,1964,1963,1967,1976,1481,306,203,145,1957,1956,1970,1968,1487,317,208,146,1948,1958,1967,1961,1500,320,206,146,1953,1958,1954,1973,1480,325,203,146,1957,1962,1955,1961,1484,306,202,142,1969,1959,1964,1962,1482,297,195,141,1974,1968,1965,1977,1489,293,188,138,0,0,0,0,0,0,0,0,0,0,0,0,0,0,0,0,0,0,0,0,0,0,0,0,0,0,0,0,0,0,0,0,0,0,0,0,0,0,0,0,0,0,0,0,0,0,0,0,0,0,0,0,0,0,0,0,0,0,0,0,0,0,0,0
2889,1978,1977,1984,1971,1483,312,202,144,1969,1963,1964,1970,1485,311,205,144,1964,1961,1964,1970,1477,315,205,145,1953,1958,1957,1971,1478,316,208,145,1955,1956,1959,1969,1476,318,204,147,1955,1955,1961,1967,1475,311,201,143,1971,1961,1959,1963,1474,299,193,141,1975,1980,1963,1966,1475,292,190,140,0,0,0,0,0,0,0,0,0,0,0,0,0,0,0,0,0,0,0,0,0,0,0,0,0,0,0,0,0,0,0,0,0,0,0,0,0,0,0,0,0,0,0,0,0,0,0,0,0,0,0,0,0,0,0,0,0,0,0,0,0,0,0,0
2890,1996,1968,1979,1987,1476,311,201,143,1969,1962,1974,1970,1479,319,204,144,1959,1960,1974,1975,1482,316,207,147,1964,1960,1957,1961,1483,316,209,145,1955,1955,1966,1966,1486,319,203,147,1959,1957,1959,1967,1475,312,202,143,1972,1959,1953,1967,1476,294,193,142,1970,1967,1965,1976,1467,295,190,138,0,0,0,0,0,0,0,0,0,0,0,0,0,0,0,0,0,0,0,0,0,0,0,0,0,0,0,0,0,0,0,0,0,0,0,0,0,0,0,0,0,0,0,0,0,0,0,0,0,0,0,0,0,0,0,0,0,0,0,0,0,0,0,0
2891,1986,1973,1973,1981,1475,318,203,143,1971,1965,1967,1969,1473,316,202,144,1962,1966,1962,1971,1474,314,207,147,1957,1957,1963,1973,1480,319,207,144,1957,1962,1957,1965,1478,318,204,146,1959,1955,1955,1968,1487,310,202,140,1963,1962,1962,1965,1476,296,193,141,1965,1968,1967,1975,1487,293,190,139,0,0,0,0,0,0,0,0,0,0,0,0,0,0,0,0,0,0,0,0,0,0,0,0,0,0,0,0,0,0,0,0,0,0,0,0,0,0,0,0,0,0,0,0,0,0,0,0,0,0,0,0,0,0,0,0,0,0,0,0,0,0,0,0
2892,1982,1980,1976,1992,1493,319,203,142,1980,1969,1967,1981,1483,316,203,144,1964,1960,1966,1975,1477,318,206,146,1957,1956,1964,1966,1487,319,208,145,1954,1954,1957,1959,1486,314,203,147,1958,1957,1960,1971,1466,312,202,141,1960,1957,1959,1976,1473,295,195,142,1976,1969,1967,1976,1469,292,190,139,0,0,0,0,0,0,0,0,0,0,0,0,0,0,0,0,0,0,0,0,0,0,0,0,0,0,0,0,0,0,0,0,0,0,0,0,0,0,0,0,0,0,0,0,0,0,0,0,0,0,0,0,0,0,0,0,0,0,0,0,0,0,0,0
2893,1981,1973,1977,1989,1502,310,199,143,1972,1965,1969,1971,1479,307,203,145,1957,1958,1961,1968,1482,312,206,145,1959,1955,1969,1966,1486,314,207,145,1963,1957,1952,1971,1482,319,203,146,1958,1955,1971,1963,1475,313,203,143,1963,1959,1959,1963,1473,292,195,141,1969,1969,1966,1972,1479,295,189,139,0,0,0,0,0,0,0,0,0,0,0,0,0,0,0,0,0,0,0,0,0,0,0,0,0,0,0,0,0,0,0,0,0,0,0,0,0,0,0,0,0,0,0,0,0,0,0,0,0,0,0,0,0,0,0,0,0,0,0,0,0,0,0,0
2894,1988,1972,1977,1980,1490,316,202,143,1971,1966,1961,1975,1486,306,204,145,1971,1959,1966,1971,1481,318,207,146,1958,1960,1964,1967,1491,323,206,144,1954,1959,1960,1973,1478,319,202,146,1958,1965,1965,1961,1478,313,201,144,1965,1955,1963,1969,1470,289,192,142,1977,1972,1971,1970,1458,292,191,137,0,0,0,0,0,0,0,0,0,0,0,0,0,0,0,0,0,0,0,0,0,0,0,0,0,0,0,0,0,0,0,0,0,0,0,0,0,0,0,0,0,0,0,0,0,0,0,0,0,0,0,0,0,0,0,0,0,0,0,0,0,0,0,0
2895,1990,1977,1975,1980,1485,311,201,143,1967,1965,1970,1981,1481,313,204,145,1963,1958,1969,1971,1480,309,206,145,1958,1952,1962,1961,1481,315,206,145,1953,1968,1960,1967,1480,321,204,145,1967,1950,1962,1970,1489,306,201,142,1952,1958,1959,1968,1470,293,193,141,1968,1965,1962,1973,1468,290,188,139,0,0,0,0,0,0,0,0,0,0,0,0,0,0,0,0,0,0,0,0,0,0,0,0,0,0,0,0,0,0,0,0,0,0,0,0,0,0,0,0,0,0,0,0,0,0,0,0,0,0,0,0,0,0,0,0,0,0,0,0,0,0,0,0
2896,1993,1993,1975,1988,1485,318,203,144,1967,1962,1968,1973,1485,313,202,144,1965,1963,1963,1974,1479,320,204,148,1954,1960,1967,1979,1485,315,209,145,1960,1955,1956,1966,1486,318,204,148,1959,1960,1957,1969,1487,310,199,141,1977,1955,1955,1962,1479,292,193,140,1970,1968,1976,1980,1474,293,191,137,0,0,0,0,0,0,0,0,0,0,0,0,0,0,0,0,0,0,0,0,0,0,0,0,0,0,0,0,0,0,0,0,0,0,0,0,0,0,0,0,0,0,0,0,0,0,0,0,0,0,0,0,0,0,0,0,0,0,0,0,0,0,0,0
2897,1999,1964,1972,1984,1473,317,202,143,1967,1968,1965,1973,1484,312,203,144,1971,1962,1971,1972,1478,315,205,147,1955,1957,1957,1967,1482,315,207,145,1967,1958,1958,1970,1483,320,203,146,1957,1956,1962,1965,1471,311,200,141,1958,1960,1968,1954,1478,292,195,141,1981,1963,1972,1970,1478,295,188,138,0,0,0,0,0,0,0,0,0,0,0,0,0,0,0,0,0,0,0,0,0,0,0,0,0,0,0,0,0,0,0,0,0,0,0,0,0,0,0,0,0,0,0,0,0,0,0,0,0,0,0,0,0,0,0,0,0,0,0,0,0,0,0,0
2898,1987,1983,1970,1994,1483,320,202,144,1979,1962,1963,1973,1480,313,204,145,1957,1966,1965,1971,1486,315,206,146,1956,1959,1965,1967,1490,322,206,146,1952,1956,1967,1976,1480,316,204,148,1965,1949,1963,1972,1471,302,202,142,1967,1967,1954,1964,1477,298,195,142,1975,1972,1975,1975,1474,296,191,140,0,0,0,0,0,0,0,0,0,0,0,0,0,0,0,0,0,0,0,0,0,0,0,0,0,0,0,0,0,0,0,0,0,0,0,0,0,0,0,0,0,0,0,0,0,0,0,0,0,0,0,0,0,0,0,0,0,0,0,0,0,0,0,0
2899,1992,1982,1975,1982,1487,316,202,144,1967,1964,1974,1966,1476,319,202,144,1962,1955,1963,1966,1479,313,205,147,1961,1964,1963,1968,1481,314,207,146,1959,1962,1963,1977,1480,314,204,147,1962,1961,1954,1965,1483,310,201,142,1966,1964,1963,1971,1483,289,194,142,1970,1972,1964,1971,1476,292,189,138,0,0,0,0,0,0,0,0,0,0,0,0,0,0,0,0,0,0,0,0,0,0,0,0,0,0,0,0,0,0,0,0,0,0,0,0,0,0,0,0,0,0,0,0,0,0,0,0,0,0,0,0,0,0,0,0,0,0,0,0,0,0,0,0
2900,1990,1982,1975,1983,1495,316,202,143,1975,1967,1972,1971,1485,310,203,143,1963,1956,1964,1976,1489,316,206,145,1949,1959,1963,1968,1484,313,206,147,1962,1959,1956,1970,1479,313,204,147,1959,1958,1961,1970,1471,312,202,142,1963,1960,1962,1969,1479,293,195,141,1974,1959,1962,1974,1476,294,189,138,0,0,0,0,0,0,0,0,0,0,0,0,0,0,0,0,0,0,0,0,0,0,0,0,0,0,0,0,0,0,0,0,0,0,0,0,0,0,0,0,0,0,0,0,0,0,0,0,0,0,0,0,0,0,0,0,0,0,0,0,0,0,0,0
2901,1986,1984,1976,1970,1480,319,201,143,1976,1957,1973,1971,1474,310,203,144,1964,1967,1964,1973,1481,309,206,146,1955,1955,1964,1964,1482,309,207,145,1952,1961,1955,1975,1475,316,204,146,1955,1960,1960,1962,1485,308,201,143,1960,1954,1964,1963,1473,290,192,140,1986,1969,1970,1980,1482,295,189,138,0,0,0,0,0,0,0,0,0,0,0,0,0,0,0,0,0,0,0,0,0,0,0,0,0,0,0,0,0,0,0,0,0,0,0,0,0,0,0,0,0,0,0,0,0,0,0,0,0,0,0,0,0,0,0,0,0,0,0,0,0,0,0,0
2902,1986,1973,1975,1980,1495,319,199,144,1971,1962,1974,1970,1478,312,202,144,1967,1966,1968,1974,1488,316,207,146,1970,1961,1961,1968,1487,321,207,146,1951,1960,1955,1967,1485,317,203,148,1963,1956,1957,1978,1477,316,202,144,1962,1958,1954,1963,1473,296,194,141,1979,1964,1968,1970,1465,294,190,138,0,0,0,0,0,0,0,0,0,0,0,0,0,0,0,0,0,0,0,0,0,0,0,0,0,0,0,0,0,0,0,0,0,0,0,0,0,0,0,0,0,0,0,0,0,0,0,0,0,0,0,0,0,0,0,0,0,0,0,0,0,0,0,0
2903,1986,1979,1979,1980,1483,319,202,144,1970,1963,1964,1975,1475,312,202,144,1962,1953,1961,1975,1484,313,206,147,1956,1962,1962,1974,1493,314,208,145,1960,1960,1961,1970,1476,315,202,147,1959,1954,1952,1959,1471,306,200,143,1965,1960,1966,1971,1477,288,193,140,1975,1968,1964,1963,1474,292,190,137,0,0,0,0,0,0,0,0,0,0,0,0,0,0,0,0,0,0,0,0,0,0,0,0,0,0,0,0,0,0,0,0,0,0,0,0,0,0,0,0,0,0,0,0,0,0,0,0,0,0,0,0,0,0,0,0,0,0,0,0,0,0,0,0
2904,1984,1989,1971,1980,1487,315,203,144,1979,1959,1963,1970,1477,311,202,145,1974,1959,1966,1972,1483,317,205,146,1955,1964,1965,1966,1478,315,207,145,1956,1957,1966,1970,1487,318,203,147,1959,1949,1968,1965,1481,314,202,145,1968,1952,1958,1965,1468,295,194,142,1982,1971,1966,1970,1491,293,190,137,0,0,0,0,0,0,0,0,0,0,0,0,0,0,0,0,0,0,0,0,0,0,0,0,0,0,0,0,0,0,0,0,0,0,0,0,0,0,0,0,0,0,0,0,0,0,0,0,0,0,0,0,0,0,0,0,0,0,0,0,0,0,0,0
2905,1980,1976,1977,1982,1483,314,202,144,1973,1968,1963,1968,1482,313,203,143,1960,1966,1959,1974,1485,311,205,147,1952,1961,1964,1964,1484,319,207,144,1960,1963,1963,1972,1476,320,204,147,1961,1955,1958,1968,1481,309,202,142,1966,1958,1961,1972,1466,292,193,141,1975,1969,1967,1964,1463,294,190,139,0,0,0,0,0,0,0,0,0,0,0,0,0,0,0,0,0,0,0,0,0,0,0,0,0,0,0,0,0,0,0,0,0,0,0,0,0,0,0,0,0,0,0,0,0,0,0,0,0,0,0,0,0,0,0,0,0,0,0,0,0,0,0,0
2906,1985,1974,1988,1984,1484,312,202,142,1970,1960,1963,1971,1481,321,203,145,1967,1963,1966,1981,1474,319,206,147,1962,1962,1968,1965,1486,313,209,147,1958,1961,1958,1966,1476,318,204,147,1954,1955,1955,1957,1475,314,202,142,1965,1965,1959,1963,1478,290,195,141,1978,1964,1964,1968,1473,293,190,138,0,0,0,0,0,0,0,0,0,0,0,0,0,0,0,0,0,0,0,0,0,0,0,0,0,0,0,0,0,0,0,0,0,0,0,0,0,0,0,0,0,0,0,0,0,0,0,0,0,0,0,0,0,0,0,0,0,0,0,0,0,0,0,0
2907,1973,1976,1973,1985,1487,311,202,143,1963,1959,1965,1967,1480,307,203,144,1970,1956,1965,1969,1478,315,204,145,1956,1948,1953,1962,1474,318,206,145,1950,1958,1966,1969,1480,318,203,147,1958,1953,1956,1971,1477,314,202,141,1952,1966,1955,1966,1470,297,192,142,1973,1964,1966,1975,1462,293,189,139,0,0,0,0,0,0,0,0,0,0,0,0,0,0,0,0,0,0,0,0,0,0,0,0,0,0,0,0,0,0,0,0,0,0,0,0,0,0,0,0,0,0,0,0,0,0,0,0,0,0,0,0,0,0,0,0,0,0,0,0,0,0,0,0
2908,1989,1991,1985,1982,1489,315,201,144,1963,1971,1970,1970,1484,313,203,145,1975,1958,1970,1974,1478,316,206,146,1956,1953,1960,1971,1488,311,207,145,1956,1967,1962,1966,1479,313,202,148,1966,1964,1963,1961,1480,310,202,142,1972,1967,1968,1969,1485,294,193,142,1969,1966,1973,1967,1475,297,190,138,0,0,0,0,0,0,0,0,0,0,0,0,0,0,0,0,0,0,0,0,0,0,0,0,0,0,0,0,0,0,0,0,0,0,0,0,0,0,0,0,0,0,0,0,0,0,0,0,0,0,0,0,0,0,0,0,0,0,0,0,0,0,0,0
2909,1974,1972,1976,1982,1482,310,202,143,1970,1955,1964,1965,1481,308,203,144,1955,1959,1963,1974,1476,316,207,146,1952,1962,1969,1969,1490,313,207,146,1968,1955,1965,1966,1488,317,205,146,1956,1959,1965,1974,1483,309,200,141,1959,1967,1971,1964,1464,296,193,141,1973,1969,1973,1968,1474,294,190,138,0,0,0,0,0,0,0,0,0,0,0,0,0,0,0,0,0,0,0,0,0,0,0,0,0,0,0,0,0,0,0,0,0,0,0,0,0,0,0,0,0,0,0,0,0,0,0,0,0,0,0,0,0,0,0,0,0,0,0,0,0,0,0,0
2910,1985,1984,1983,1974,1490,314,200,144,1969,1972,1962,1968,1472,316,204,145,1964,1960,1968,1970,1491,318,206,147,1958,1960,1966,1965,1482,320,208,146,1960,1957,1965,1960,1485,318,203,146,1948,1960,1957,1968,1485,309,203,144,1960,1958,1960,1971,1468,297,194,140,1975,1963,1972,1969,1476,296,190,138,0,0,0,0,0,0,0,0,0,0,0,0,0,0,0,0,0,0,0,0,0,0,0,0,0,0,0,0,0,0,0,0,0,0,0,0,0,0,0,0,0,0,0,0,0,0,0,0,0,0,0,0,0,0,0,0,0,0,0,0,0,0,0,0
2911,1978,1976,1971,1978,1483,313,203,144,1966,1969,1970,1973,1472,317,202,145,1963,1966,1969,1977,1480,319,204,147,1963,1957,1961,1963,1487,315,205,145,1956,1962,1962,1968,1482,316,204,146,1960,1953,1959,1969,1479,302,201,142,1958,1963,1962,1974,1462,294,193,141,1978,1970,1967,1980,1479,292,190,139,0,0,0,0,0,0,0,0,0,0,0,0,0,0,0,0,0,0,0,0,0,0,0,0,0,0,0,0,0,0,0,0,0,0,0,0,0,0,0,0,0,0,0,0,0,0,0,0,0,0,0,0,0,0,0,0,0,0,0,0,0,0,0,0
2912,1992,1978,1980,1987,1491,313,201,144,1978,1952,1977,1968,1479,313,203,144,1963,1958,1963,1969,1481,314,207,146,1960,1955,1959,1966,1480,313,207,147,1958,1963,1960,1966,1478,318,204,147,1968,1954,1964,1964,1486,306,201,141,1963,1966,1969,1968,1480,290,196,141,1978,1966,1961,1976,1476,287,190,140,0,0,0,0,0,0,0,0,0,0,0,0,0,0,0,0,0,0,0,0,0,0,0,0,0,0,0,0,0,0,0,0,0,0,0,0,0,0,0,0,0,0,0,0,0,0,0,0,0,0,0,0,0,0,0,0,0,0,0,0,0,0,0,0
2913,1992,1976,1976,1983,1487,320,201,144,1965,1955,1969,1969,1478,310,202,144,1961,1964,1968,1970,1479,317,202,146,1957,1961,1960,1962,1481,320,208,147,1955,1960,1964,1973,1493,314,204,146,1960,1955,1966,1976,1476,315,199,143,1964,1959,1959,1965,1466,294,191,141,1992,1964,1966,1969,1466,293,189,138,0,0,0,0,0,0,0,0,0,0,0,0,0,0,0,0,0,0,0,0,0,0,0,0,0,0,0,0,0,0,0,0,0,0,0,0,0,0,0,0,0,0,0,0,0,0,0,0,0,0,0,0,0,0,0,0,0,0,0,0,0,0,0,0
2914,1989,1984,1982,1975,1492,317,201,144,1963,1969,1966,1973,1479,308,204,144,1960,1966,1960,1965,1477,321,206,146,1958,1955,1962,1966,1475,322,206,145,1959,1954,1966,1966,1476,318,203,147,1959,1959,1960,1973,1480,311,202,144,1973,1954,1965,1962,1471,289,193,141,1969,1965,1967,1976,1485,291,188,139,0,0,0,0,0,0,0,0,0,0,0,0,0,0,0,0,0,0,0,0,0,0,0,0,0,0,0,0,0,0,0,0,0,0,0,0,0,0,0,0,0,0,0,0,0,0,0,0,0,0,0,0,0,0,0,0,0,0,0,0,0,0,0,0
2915,1985,1980,1978,1986,1487,314,201,145,1982,1961,1960,1970,1479,306,203,143,1961,1966,1966,1973,1483,315,204,147,1959,1956,1959,1968,1482,322,208,144,1964,1956,1956,1976,1475,318,205,147,1950,1959,1957,1976,1489,307,202,143,1976,1959,1962,1961,1475,291,194,141,1973,1976,1977,1967,1483,296,190,139,0,0,0,0,0,0,0,0,0,0,0,0,0,0,0,0,0,0,0,0,0,0,0,0,0,0,0,0,0,0,0,0,0,0,0,0,0,0,0,0,0,0,0,0,0,0,0,0,0,0,0,0,0,0,0,0,0,0,0,0,0,0,0,0
2916,1980,1980,1972,1979,1481,322,202,144,1965,1962,1974,1976,1489,307,201,144,1967,1967,1966,1975,1486,316,208,148,1963,1952,1965,1970,1487,317,208,145,1953,1959,1965,1965,1478,312,205,148,1962,1954,1969,1962,1483,308,204,143,1969,1961,1956,1964,1480,298,193,139,1971,1969,1971,1978,1483,294,189,140,0,0,0,0,0,0,0,0,0,0,0,0,0,0,0,0,0,0,0,0,0,0,0,0,0,0,0,0,0,0,0,0,0,0,0,0,0,0,0,0,0,0,0,0,0,0,0,0,0,0,0,0,0,0,0,0,0,0,0,0,0,0,0,0
2917,1990,1975,1973,1979,1489,315,200,143,1968,1972,1965,1970,1479,311,204,144,1958,1966,1963,1973,1483,313,205,147,1957,1958,1962,1970,1484,320,207,145,1958,1958,1963,1962,1482,318,203,146,1958,1952,1968,1956,1486,312,201,143,1967,1953,1959,1972,1480,288,195,140,1969,1973,1974,1965,1477,288,189,139,0,0,0,0,0,0,0,0,0,0,0,0,0,0,0,0,0,0,0,0,0,0,0,0,0,0,0,0,0,0,0,0,0,0,0,0,0,0,0,0,0,0,0,0,0,0,0,0,0,0,0,0,0,0,0,0,0,0,0,0,0,0,0,0
2918,1994,1983,1977,1978,1485,321,201,143,1973,1966,1981,1970,1471,316,203,144,1961,1959,1962,1968,1478,313,205,146,1951,1952,1965,1975,1480,315,209,145,1956,1955,1966,1968,1480,320,204,147,1965,1954,1961,1961,1487,307,201,143,1970,1966,1964,1962,1478,291,193,141,1965,1984,1967,1967,1478,291,189,138,0,0,0,0,0,0,0,0,0,0,0,0,0,0,0,0,0,0,0,0,0,0,0,0,0,0,0,0,0,0,0,0,0,0,0,0,0,0,0,0,0,0,0,0,0,0,0,0,0,0,0,0,0,0,0,0,0,0,0,0,0,0,0,0
2919,1988,1974,1985,1981,1488,316,202,144,1968,1969,1960,1974,1484,308,203,144,1960,1955,1963,1985,1485,319,204,147,1961,1950,1963,1977,1488,320,209,145,1955,1958,1961,1976,1480,316,203,146,1966,1959,1956,1962,1481,312,201,143,1962,1960,1971,1974,1468,293,193,141,1983,1970,1967,1966,1480,294,188,139,0,0,0,0,0,0,0,0,0,0,0,0,0,0,0,0,0,0,0,0,0,0,0,0,0,0,0,0,0,0,0,0,0,0,0,0,0,0,0,0,0,0,0,0,0,0,0,0,0,0,0,0,0,0,0,0,0,0,0,0,0,0,0,0
2920,1989,1982,1972,1994,1485,314,203,144,1980,1973,1973,1970,1480,313,204,144,1962,1964,1967,1975,1478,316,206,146,1954,1960,1960,1967,1493,321,209,145,1957,1961,1958,1974,1485,312,204,146,1952,1954,1965,1975,1479,310,201,142,1963,1964,1960,1965,1477,292,193,143,1979,1973,1970,1974,1483,293,191,138,0,0,0,0,0,0,0,0,0,0,0,0,0,0,0,0,0,0,0,0,0,0,0,0,0,0,0,0,0,0,0,0,0,0,0,0,0,0,0,0,0,0,0,0,0,0,0,0,0,0,0,0,0,0,0,0,0,0,0,0,0,0,0,0
2921,1983,1970,1975,1975,1491,311,201,144,1978,1970,1961,1969,1478,306,202,144,1964,1956,1963,1975,1479,312,204,147,1963,1957,1956,1965,1486,319,207,145,1957,1964,1962,1965,1479,317,202,147,1959,1959,1960,1966,1482,309,200,142,1957,1964,1969,1969,1478,290,195,142,1973,1967,1977,1971,1471,297,188,139,0,0,0,0,0,0,0,0,0,0,0,0,0,0,0,0,0,0,0,0,0,0,0,0,0,0,0,0,0,0,0,0,0,0,0,0,0,0,0,0,0,0,0,0,0,0,0,0,0,0,0,0,0,0,0,0,0,0,0,0,0,0,0,0
2922,1984,1978,1977,1981,1480,316,200,144,1971,1964,1970,1973,1487,312,202,144,1955,1958,1974,1968,1478,314,207,146,1959,1955,1969,1974,1486,320,208,146,1953,1955,1957,1978,1478,312,205,148,1971,1957,1959,1953,1484,305,201,141,1959,1965,1960,1971,1472,298,194,143,1992,1971,1963,1976,1472,289,188,137,0,0,0,0,0,0,0,0,0,0,0,0,0,0,0,0,0,0,0,0,0,0,0,0,0,0,0,0,0,0,0,0,0,0,0,0,0,0,0,0,0,0,0,0,0,0,0,0,0,0,0,0,0,0,0,0,0,0,0,0,0,0,0,0
2923,1988,1975,1977,1978,1488,309,202,143,1962,1963,1968,1971,1479,314,202,144,1959,1963,1964,1983,1475,320,206,146,1955,1957,1960,1969,1478,315,208,145,1955,1963,1964,1965,1477,324,204,147,1962,1963,1962,1964,1477,311,202,141,1964,1966,1966,1966,1476,288,193,141,1980,1975,1969,1973,1465,290,188,138,0,0,0,0,0,0,0,0,0,0,0,0,0,0,0,0,0,0,0,0,0,0,0,0,0,0,0,0,0,0,0,0,0,0,0,0,0,0,0,0,0,0,0,0,0,0,0,0,0,0,0,0,0,0,0,0,0,0,0,0,0,0,0,0
2924,1990,1989,1973,1976,1500,314,200,143,1964,1971,1972,1971,1480,307,204,145,1974,1952,1968,1974,1474,317,207,146,1963,1953,1959,1972,1483,319,208,145,1957,1959,1957,1965,1478,320,205,146,1965,1953,1954,1966,1487,310,200,144,1968,1956,1965,1964,1462,293,195,142,1980,1977,1968,1973,1479,290,190,139,0,0,0,0,0,0,0,0,0,0,0,0,0,0,0,0,0,0,0,0,0,0,0,0,0,0,0,0,0,0,0,0,0,0,0,0,0,0,0,0,0,0,0,0,0,0,0,0,0,0,0,0,0,0,0,0,0,0,0,0,0,0,0,0
2925,1986,1972,1979,1976,1495,318,201,143,1983,1964,1969,1973,1491,313,202,143,1969,1957,1966,1969,1475,318,206,147,1960,1957,1959,1961,1476,316,206,144,1960,1952,1961,1968,1482,316,203,145,1958,1959,1956,1965,1479,313,201,142,1958,1962,1965,1964,1486,295,195,141,1976,1957,1967,1975,1472,294,189,139,0,0,0,0,0,0,0,0,0,0,0,0,0,0,0,0,0,0,0,0,0,0,0,0,0,0,0,0,0,0,0,0,0,0,0,0,0,0,0,0,0,0,0,0,0,0,0,0,0,0,0,0,0,0,0,0,0,0,0,0,0,0,0,0
2926,1985,1982,1982,1986,1489,322,201,145,1982,1960,1970,1974,1477,310,203,145,1957,1967,1972,1972,1487,312,206,146,1960,1958,1964,1963,1487,318,208,146,1959,1960,1959,1979,1482,317,204,146,1963,1966,1957,1969,1474,310,201,141,1962,1966,1955,1964,1472,287,193,141,1967,1974,1971,1972,1471,297,188,137,0,0,0,0,0,0,0,0,0,0,0,0,0,0,0,0,0,0,0,0,0,0,0,0,0,0,0,0,0,0,0,0,0,0,0,0,0,0,0,0,0,0,0,0,0,0,0,0,0,0,0,0,0,0,0,0,0,0,0,0,0,0,0,0
2927,1983,1976,1970,1981,1491,321,200,143,1971,1966,1971,1970,1479,311,204,143,1960,1954,1954,1965,1478,316,205,146,1968,1953,1961,1974,1485,319,208,146,1958,1952,1956,1970,1483,318,203,147,1957,1961,1956,1966,1483,310,200,143,1962,1965,1954,1962,1471,291,193,141,1979,1957,1970,1971,1463,295,190,139,0,0,0,0,0,0,0,0,0,0,0,0,0,0,0,0,0,0,0,0,0,0,0,0,0,0,0,0,0,0,0,0,0,0,0,0,0,0,0,0,0,0,0,0,0,0,0,0,0,0,0,0,0,0,0,0,0,0,0,0,0,0,0,0
2928,1990,1976,1978,1977,1490,320,199,143,1971,1971,1967,1973,1480,312,203,143,1958,1958,1972,1975,1474,312,207,147,1956,1957,1959,1969,1485,320,208,145,1962,1959,1965,1979,1472,315,205,146,1965,1951,1955,1973,1483,310,200,144,1974,1968,1962,1972,1474,297,195,142,1975,1969,1974,1965,1483,292,189,139,0,0,0,0,0,0,0,0,0,0,0,0,0,0,0,0,0,0,0,0,0,0,0,0,0,0,0,0,0,0,0,0,0,0,0,0,0,0,0,0,0,0,0,0,0,0,0,0,0,0,0,0,0,0,0,0,0,0,0,0,0,0,0,0
2929,1989,1984,1970,1984,1482,316,202,145,1974,1967,1956,1970,1482,310,204,144,1962,1959,1968,1966,1482,316,205,145,1959,1947,1959,1968,1480,316,207,145,1961,1954,1958,1964,1479,316,204,146,1963,1958,1961,1966,1482,306,201,142,1970,1956,1964,1969,1469,291,192,141,1979,1976,1967,1976,1480,295,190,139,0,0,0,0,0,0,0,0,0,0,0,0,0,0,0,0,0,0,0,0,0,0,0,0,0,0,0,0,0,0,0,0,0,0,0,0,0,0,0,0,0,0,0,0,0,0,0,0,0,0,0,0,0,0,0,0,0,0,0,0,0,0,0,0
2930,1979,1982,1973,1978,1486,314,200,143,1965,1974,1963,1974,1487,314,205,144,1955,1956,1953,1961,1477,318,205,147,1957,1956,1959,1989,1492,316,208,145,1963,1955,1968,1964,1483,321,205,147,1958,1950,1960,1967,1479,306,201,142,1964,1968,1950,1966,1481,297,195,142,1970,1966,1967,1978,1474,295,188,139,0,0,0,0,0,0,0,0,0,0,0,0,0,0,0,0,0,0,0,0,0,0,0,0,0,0,0,0,0,0,0,0,0,0,0,0,0,0,0,0,0,0,0,0,0,0,0,0,0,0,0,0,0,0,0,0,0,0,0,0,0,0,0,0
2931,1983,1988,1978,1985,1492,315,203,144,1971,1964,1972,1972,1483,306,203,143,1962,1960,1966,1974,1478,313,205,145,1966,1963,1952,1971,1476,316,207,145,1966,1948,1957,1967,1476,316,204,146,1962,1953,1960,1967,1478,314,201,142,1963,1958,1950,1968,1477,291,195,141,1975,1966,1957,1973,1466,289,188,140,0,0,0,0,0,0,0,0,0,0,0,0,0,0,0,0,0,0,0,0,0,0,0,0,0,0,0,0,0,0,0,0,0,0,0,0,0,0,0,0,0,0,0,0,0,0,0,0,0,0,0,0,0,0,0,0,0,0,0,0,0,0,0,0
2932,1986,1982,1977,1977,1485,315,202,144,1972,1978,1965,1969,1482,309,203,144,1966,1963,1971,1968,1491,318,207,145,1957,1957,1968,1969,1487,311,208,145,1966,1964,1958,1969,1483,313,203,148,1962,1957,1959,1968,1473,309,199,142,1962,1959,1963,1973,1470,298,196,141,1966,1970,1970,1984,1474,291,190,139,0,0,0,0,0,0,0,0,0,0,0,0,0,0,0,0,0,0,0,0,0,0,0,0,0,0,0,0,0,0,0,0,0,0,0,0,0,0,0,0,0,0,0,0,0,0,0,0,0,0,0,0,0,0,0,0,0,0,0,0,0,0,0,0
2933,1980,1977,1982,1983,1492,313,201,143,1967,1961,1964,1969,1480,311,202,144,1956,1959,1966,1966,1479,314,204,145,1957,1961,1963,1969,1479,319,208,145,1958,1952,1955,1970,1480,315,202,146,1953,1966,1964,1969,1478,312,200,143,1962,1957,1967,1967,1473,294,192,139,1979,1968,1964,1976,1472,293,189,138,0,0,0,0,0,0,0,0,0,0,0,0,0,0,0,0,0,0,0,0,0,0,0,0,0,0,0,0,0,0,0,0,0,0,0,0,0,0,0,0,0,0,0,0,0,0,0,0,0,0,0,0,0,0,0,0,0,0,0,0,0,0,0,0
2934,1980,1976,1981,1988,1484,312,203,143,1968,1969,1967,1976,1483,310,204,145,1961,1963,1965,1964,1487,313,207,148,1959,1961,1962,1967,1482,314,208,144,1971,1957,1952,1977,1483,314,205,145,1958,1957,1966,1964,1479,311,203,141,1965,1964,1975,1976,1486,289,195,141,1981,1972,1968,1976,1489,293,190,139,0,0,0,0,0,0,0,0,0,0,0,0,0,0,0,0,0,0,0,0,0,0,0,0,0,0,0,0,0,0,0,0,0,0,0,0,0,0,0,0,0,0,0,0,0,0,0,0,0,0,0,0,0,0,0,0,0,0,0,0,0,0,0,0
2935,1986,1985,1979,1982,1476,316,203,143,1964,1971,1972,1975,1476,317,203,143,1960,1961,1961,1972,1474,313,206,146,1957,1960,1966,1963,1484,317,206,145,1952,1957,1958,1968,1477,318,203,146,1954,1952,1963,1963,1481,310,201,143,1959,1956,1962,1967,1480,290,194,140,1979,1969,1966,1969,1470,294,189,138,0,0,0,0,0,0,0,0,0,0,0,0,0,0,0,0,0,0,0,0,0,0,0,0,0,0,0,0,0,0,0,0,0,0,0,0,0,0,0,0,0,0,0,0,0,0,0,0,0,0,0,0,0,0,0,0,0,0,0,0,0,0,0,0
2936,1984,1983,1977,1983,1496,313,200,144,1975,1963,1970,1968,1489,313,203,145,1954,1966,1957,1979,1485,312,206,146,1960,1954,1960,1969,1486,320,207,145,1954,1955,1967,1973,1479,320,202,148,1962,1961,1959,1970,1493,308,202,142,1970,1958,1968,1965,1476,301,193,140,1981,1972,1966,1969,1480,293,192,139,0,0,0,0,0,0,0,0,0,0,0,0,0,0,0,0,0,0,0,0,0,0,0,0,0,0,0,0,0,0,0,0,0,0,0,0,0,0,0,0,0,0,0,0,0,0,0,0,0,0,0,0,0,0,0,0,0,0,0,0,0,0,0,0
2937,1990,1986,1973,1979,1482,314,203,143,1978,1961,1964,1972,1488,308,204,144,1960,1962,1964,1967,1482,306,207,145,1950,1963,1965,1976,1485,320,208,145,1955,1960,1953,1962,1475,316,204,146,1956,1958,1961,1964,1490,313,200,141,1968,1958,1965,1963,1471,299,194,141,1975,1963,1968,1972,1489,290,189,138,0,0,0,0,0,0,0,0,0,0,0,0,0,0,0,0,0,0,0,0,0,0,0,0,0,0,0,0,0,0,0,0,0,0,0,0,0,0,0,0,0,0,0,0,0,0,0,0,0,0,0,0,0,0,0,0,0,0,0,0,0,0,0,0
2938,1993,1979,1975,1975,1479,312,200,144,1983,1961,1976,1972,1476,310,203,144,1964,1954,1976,1968,1477,313,206,148,1964,1958,1962,1970,1484,314,209,145,1957,1955,1963,1964,1482,319,201,147,1964,1953,1959,1967,1482,310,202,141,1967,1961,1964,1968,1483,290,196,141,1983,1972,1967,1972,1488,294,189,138,0,0,0,0,0,0,0,0,0,0,0,0,0,0,0,0,0,0,0,0,0,0,0,0,0,0,0,0,0,0,0,0,0,0,0,0,0,0,0,0,0,0,0,0,0,0,0,0,0,0,0,0,0,0,0,0,0,0,0,0,0,0,0,0
2939,1983,1979,1974,1975,1491,316,203,144,1980,1962,1968,1974,1467,310,203,144,1963,1954,1968,1971,1479,317,204,147,1955,1950,1967,1965,1489,318,207,145,1956,1960,1963,1966,1490,316,202,146,1963,1962,1963,1965,1476,308,201,142,1967,1967,1964,1970,1480,292,193,140,1979,1966,1972,1977,1476,292,189,140,0,0,0,0,0,0,0,0,0,0,0,0,0,0,0,0,0,0,0,0,0,0,0,0,0,0,0,0,0,0,0,0,0,0,0,0,0,0,0,0,0,0,0,0,0,0,0,0,0,0,0,0,0,0,0,0,0,0,0,0,0,0,0,0
2940,1992,1981,1973,1979,1482,314,200,143,1976,1964,1963,1964,1483,312,203,145,1970,1961,1958,1974,1484,316,206,146,1956,1956,1964,1975,1485,319,204,144,1954,1954,1957,1974,1470,314,205,147,1963,1956,1964,1973,1473,313,202,142,1967,1960,1963,1974,1473,293,194,141,1970,1970,1964,1970,1472,296,190,139,0,0,0,0,0,0,0,0,0,0,0,0,0,0,0,0,0,0,0,0,0,0,0,0,0,0,0,0,0,0,0,0,0,0,0,0,0,0,0,0,0,0,0,0,0,0,0,0,0,0,0,0,0,0,0,0,0,0,0,0,0,0,0,0
2941,1985,1974,1971,1975,1488,318,200,144,1970,1964,1972,1972,1485,309,204,144,1960,1961,1969,1971,1474,315,205,147,1960,1963,1961,1959,1486,319,208,143,1953,1955,1959,1966,1477,321,202,147,1962,1953,1961,1968,1488,303,200,143,1966,1972,1965,1963,1472,296,194,140,1972,1968,1978,1964,1482,294,190,138,0,0,0,0,0,0,0,0,0,0,0,0,0,0,0,0,0,0,0,0,0,0,0,0,0,0,0,0,0,0,0,0,0,0,0,0,0,0,0,0,0,0,0,0,0,0,0,0,0,0,0,0,0,0,0,0,0,0,0,0,0,0,0,0
2942,1981,1992,1977,1972,1483,316,203,144,1969,1963,1964,1961,1472,312,204,144,1961,1953,1970,1975,1481,310,206,146,1960,1957,1966,1968,1477,314,208,145,1954,1959,1958,1961,1483,318,203,147,1959,1961,1961,1964,1480,312,201,144,1967,1958,1963,1969,1473,292,193,143,1984,1977,1967,1972,1474,288,189,138,0,0,0,0,0,0,0,0,0,0,0,0,0,0,0,0,0,0,0,0,0,0,0,0,0,0,0,0,0,0,0,0,0,0,0,0,0,0,0,0,0,0,0,0,0,0,0,0,0,0,0,0,0,0,0,0,0,0,0,0,0,0,0,0
2943,1991,1973,1981,1976,1476,313,202,143,1973,1969,1972,1970,1485,309,203,144,1960,1960,1968,1969,1483,319,207,146,1957,1958,1965,1966,1484,318,207,145,1954,1954,1966,1964,1481,316,203,146,1963,1959,1956,1968,1479,307,203,142,1961,1962,1958,1970,1478,293,194,141,1971,1977,1968,1970,1478,289,189,139,0,0,0,0,0,0,0,0,0,0,0,0,0,0,0,0,0,0,0,0,0,0,0,0,0,0,0,0,0,0,0,0,0,0,0,0,0,0,0,0,0,0,0,0,0,0,0,0,0,0,0,0,0,0,0,0,0,0,0,0,0,0,0,0
2944,1982,1979,1969,1980,1477,315,203,145,1968,1963,1967,1973,1479,307,204,144,1966,1955,1967,1979,1481,313,206,147,1959,1966,1966,1962,1487,321,207,146,1955,1962,1960,1974,1485,314,205,146,1956,1959,1957,1964,1474,310,200,141,1968,1952,1962,1964,1466,294,193,140,1982,1973,1967,1975,1475,292,190,139,0,0,0,0,0,0,0,0,0,0,0,0,0,0,0,0,0,0,0,0,0,0,0,0,0,0,0,0,0,0,0,0,0,0,0,0,0,0,0,0,0,0,0,0,0,0,0,0,0,0,0,0,0,0,0,0,0,0,0,0,0,0,0,0
2945,1993,1979,1976,1978,1500,311,203,144,1969,1957,1968,1968,1479,313,203,145,1965,1963,1969,1969,1481,316,206,147,1955,1965,1966,1965,1481,316,207,144,1952,1950,1960,1974,1481,318,203,146,1951,1954,1961,1962,1484,309,202,142,1959,1955,1963,1962,1479,296,193,140,1981,1968,1967,1980,1478,288,188,139,0,0,0,0,0,0,0,0,0,0,0,0,0,0,0,0,0,0,0,0,0,0,0,0,0,0,0,0,0,0,0,0,0,0,0,0,0,0,0,0,0,0,0,0,0,0,0,0,0,0,0,0,0,0,0,0,0,0,0,0,0,0,0,0
2946,1977,1976,1969,1983,1496,319,202,143,1975,1958,1967,1975,1480,312,204,145,1964,1965,1960,1971,1481,315,206,146,1958,1958,1969,1969,1477,313,208,144,1961,1960,1958,1965,1469,316,205,147,1960,1960,1958,1968,1478,305,200,142,1962,1969,1959,1972,1473,297,192,142,1977,1966,1968,1972,1486,294,188,138,0,0,0,0,0,0,0,0,0,0,0,0,0,0,0,0,0,0,0,0,0,0,0,0,0,0,0,0,0,0,0,0,0,0,0,0,0,0,0,0,0,0,0,0,0,0,0,0,0,0,0,0,0,0,0,0,0,0,0,0,0,0,0,0
2947,1990,1971,1971,1990,1488,320,201,143,1967,1963,1963,1970,1474,310,204,144,1960,1950,1964,1970,1475,313,207,145,1956,1955,1961,1964,1489,312,208,143,1958,1956,1960,1963,1480,317,203,146,1947,1952,1961,1967,1476,311,200,141,1961,1961,1960,1968,1478,291,193,142,1979,1965,1970,1979,1472,289,189,138,0,0,0,0,0,0,0,0,0,0,0,0,0,0,0,0,0,0,0,0,0,0,0,0,0,0,0,0,0,0,0,0,0,0,0,0,0,0,0,0,0,0,0,0,0,0,0,0,0,0,0,0,0,0,0,0,0,0,0,0,0,0,0,0
2948,1992,1982,1974,1976,1487,320,202,144,1968,1963,1968,1963,1469,310,203,145,1960,1952,1971,1971,1474,320,207,147,1963,1959,1963,1961,1484,315,208,145,1956,1961,1956,1966,1479,320,204,148,1966,1953,1958,1969,1483,311,202,144,1961,1969,1959,1964,1478,291,193,140,1964,1971,1962,1972,1476,288,189,138,0,0,0,0,0,0,0,0,0,0,0,0,0,0,0,0,0,0,0,0,0,0,0,0,0,0,0,0,0,0,0,0,0,0,0,0,0,0,0,0,0,0,0,0,0,0,0,0,0,0,0,0,0,0,0,0,0,0,0,0,0,0,0,0
2949,1988,1986,1971,1974,1483,316,200,144,1969,1957,1969,1971,1480,307,203,144,1959,1961,1965,1977,1483,314,205,147,1960,1958,1962,1965,1480,315,206,145,1955,1953,1961,1959,1480,315,204,146,1968,1954,1958,1965,1481,314,200,142,1955,1955,1962,1964,1477,293,193,140,1977,1969,1973,1970,1465,295,190,139,0,0,0,0,0,0,0,0,0,0,0,0,0,0,0,0,0,0,0,0,0,0,0,0,0,0,0,0,0,0,0,0,0,0,0,0,0,0,0,0,0,0,0,0,0,0,0,0,0,0,0,0,0,0,0,0,0,0,0,0,0,0,0,0
2950,1989,1973,1987,1977,1493,315,203,143,1971,1964,1968,1973,1471,308,201,145,1964,1956,1957,1976,1487,317,206,147,1951,1955,1967,1963,1482,314,209,144,1955,1963,1961,1973,1480,320,205,146,1966,1958,1955,1968,1476,312,201,142,1961,1959,1968,1962,1472,291,194,142,1983,1968,1971,1973,1483,294,189,138,0,0,0,0,0,0,0,0,0,0,0,0,0,0,0,0,0,0,0,0,0,0,0,0,0,0,0,0,0,0,0,0,0,0,0,0,0,0,0,0,0,0,0,0,0,0,0,0,0,0,0,0,0,0,0,0,0,0,0,0,0,0,0,0
2951,1977,1977,1968,1982,1483,314,203,145,1969,1970,1973,1975,1489,314,204,143,1963,1964,1958,1971,1491,313,205,146,1959,1960,1965,1971,1482,315,208,145,1967,1962,1963,1973,1492,317,203,146,1958,1959,1955,1965,1469,309,200,142,1963,1961,1950,1963,1471,296,192,142,1967,1970,1966,1973,1479,295,189,141,0,0,0,0,0,0,0,0,0,0,0,0,0,0,0,0,0,0,0,0,0,0,0,0,0,0,0,0,0,0,0,0,0,0,0,0,0,0,0,0,0,0,0,0,0,0,0,0,0,0,0,0,0,0,0,0,0,0,0,0,0,0,0,0
2952,1987,1979,1979,1994,1480,314,203,145,1968,1973,1973,1965,1483,311,202,144,1959,1972,1961,1972,1478,314,205,147,1968,1958,1967,1956,1489,321,207,147,1953,1961,1957,1973,1484,317,204,147,1956,1959,1967,1969,1478,307,201,144,1959,1960,1972,1973,1484,290,196,141,1970,1960,1967,1981,1478,294,190,138,0,0,0,0,0,0,0,0,0,0,0,0,0,0,0,0,0,0,0,0,0,0,0,0,0,0,0,0,0,0,0,0,0,0,0,0,0,0,0,0,0,0,0,0,0,0,0,0,0,0,0,0,0,0,0,0,0,0,0,0,0,0,0,0
2953,1983,1972,1972,1980,1481,316,201,145,1963,1970,1969,1967,1488,304,203,144,1958,1959,1962,1973,1474,316,205,147,1959,1961,1957,1965,1482,315,208,145,1957,1964,1958,1962,1475,323,203,146,1959,1960,1962,1965,1478,308,202,141,1963,1962,1955,1965,1484,298,193,141,1961,1968,1970,1966,1479,289,189,138,0,0,0,0,0,0,0,0,0,0,0,0,0,0,0,0,0,0,0,0,0,0,0,0,0,0,0,0,0,0,0,0,0,0,0,0,0,0,0,0,0,0,0,0,0,0,0,0,0,0,0,0,0,0,0,0,0,0,0,0,0,0,0,0
2954,1981,1987,1972,1973,1486,320,201,145,1971,1952,1957,1962,1471,309,204,143,1967,1967,1967,1970,1485,318,205,147,1958,1951,1968,1961,1490,317,208,144,1956,1956,1955,1973,1477,316,204,147,1963,1966,1962,1972,1478,312,201,142,1965,1958,1955,1962,1474,286,194,141,1966,1971,1967,1970,1454,296,188,139,0,0,0,0,0,0,0,0,0,0,0,0,0,0,0,0,0,0,0,0,0,0,0,0,0,0,0,0,0,0,0,0,0,0,0,0,0,0,0,0,0,0,0,0,0,0,0,0,0,0,0,0,0,0,0,0,0,0,0,0,0,0,0,0
2955,1990,1981,1976,1980,1478,318,202,144,1972,1959,1963,1977,1483,309,203,144,1968,1968,1970,1979,1485,320,207,148,1959,1965,1960,1976,1482,317,206,146,1964,1969,1963,1965,1486,313,204,146,1956,1955,1961,1964,1474,310,200,144,1969,1968,1962,1963,1477,289,193,140,1972,1960,1968,1974,1472,294,189,138,0,0,0,0,0,0,0,0,0,0,0,0,0,0,0,0,0,0,0,0,0,0,0,0,0,0,0,0,0,0,0,0,0,0,0,0,0,0,0,0,0,0,0,0,0,0,0,0,0,0,0,0,0,0,0,0,0,0,0,0,0,0,0,0
2956,1987,1977,1983,1981,1493,316,205,144,1970,1968,1971,1967,1487,309,203,144,1969,1966,1969,1976,1481,317,206,146,1960,1965,1966,1975,1488,317,206,145,1951,1957,1959,1974,1486,317,205,147,1962,1957,1960,1971,1477,311,201,142,1975,1961,1964,1965,1485,296,193,142,1973,1969,1966,1976,1474,296,190,138,0,0,0,0,0,0,0,0,0,0,0,0,0,0,0,0,0,0,0,0,0,0,0,0,0,0,0,0,0,0,0,0,0,0,0,0,0,0,0,0,0,0,0,0,0,0,0,0,0,0,0,0,0,0,0,0,0,0,0,0,0,0,0,0
2957,1984,1971,1970,1987,1480,320,200,145,1966,1958,1961,1975,1482,309,200,143,1960,1964,1961,1968,1475,316,206,145,1952,1952,1962,1963,1482,318,207,144,1962,1953,1964,1962,1476,315,203,146,1955,1954,1970,1966,1473,311,199,141,1960,1961,1957,1965,1476,295,193,140,1968,1972,1968,1972,1467,288,190,139,0,0,0,0,0,0,0,0,0,0,0,0,0,0,0,0,0,0,0,0,0,0,0,0,0,0,0,0,0,0,0,0,0,0,0,0,0,0,0,0,0,0,0,0,0,0,0,0,0,0,0,0,0,0,0,0,0,0,0,0,0,0,0,0
2958,1990,1976,1982,1979,1492,316,202,144,1964,1966,1962,1963,1474,311,204,144,1956,1952,1970,1971,1475,315,205,147,1959,1951,1952,1966,1493,315,208,145,1966,1957,1957,1962,1476,319,204,146,1960,1951,1953,1965,1484,308,199,144,1961,1951,1958,1966,1477,300,193,140,1973,1969,1961,1971,1470,293,189,139,0,0,0,0,0,0,0,0,0,0,0,0,0,0,0,0,0,0,0,0,0,0,0,0,0,0,0,0,0,0,0,0,0,0,0,0,0,0,0,0,0,0,0,0,0,0,0,0,0,0,0,0,0,0,0,0,0,0,0,0,0,0,0,0
2959,1984,1978,1975,1981,1487,312,201,144,1963,1968,1972,1963,1482,309,204,143,1954,1958,1964,1966,1485,316,205,147,1958,1960,1961,1966,1483,319,206,145,1959,1952,1953,1958,1470,323,203,146,1960,1955,1949,1977,1475,308,202,142,1964,1958,1962,1971,1473,292,193,141,1985,1965,1970,1973,1482,295,189,138,0,0,0,0,0,0,0,0,0,0,0,0,0,0,0,0,0,0,0,0,0,0,0,0,0,0,0,0,0,0,0,0,0,0,0,0,0,0,0,0,0,0,0,0,0,0,0,0,0,0,0,0,0,0,0,0,0,0,0,0,0,0,0,0
2960,1981,1977,1978,1974,1491,312,202,144,1965,1965,1969,1970,1480,318,203,145,1957,1956,1963,1975,1479,312,206,147,1957,1956,1962,1969,1487,315,209,146,1960,1961,1965,1972,1488,314,204,146,1963,1949,1965,1970,1473,309,200,143,1957,1961,1967,1959,1467,291,194,141,1968,1958,1972,1971,1483,288,190,139,0,0,0,0,0,0,0,0,0,0,0,0,0,0,0,0,0,0,0,0,0,0,0,0,0,0,0,0,0,0,0,0,0,0,0,0,0,0,0,0,0,0,0,0,0,0,0,0,0,0,0,0,0,0,0,0,0,0,0,0,0,0,0,0
2961,1983,1980,1968,1974,1488,315,202,144,1976,1966,1969,1965,1477,315,201,143,1966,1963,1970,1974,1478,315,205,145,1960,1945,1957,1969,1488,311,206,146,1960,1955,1956,1968,1482,319,203,145,1960,1954,1953,1968,1480,309,200,140,1969,1959,1964,1971,1478,293,193,143,1972,1970,1958,1972,1469,291,189,139,0,0,0,0,0,0,0,0,0,0,0,0,0,0,0,0,0,0,0,0,0,0,0,0,0,0,0,0,0,0,0,0,0,0,0,0,0,0,0,0,0,0,0,0,0,0,0,0,0,0,0,0,0,0,0,0,0,0,0,0,0,0,0,0
2962,1976,1978,1971,1979,1486,324,202,143,1969,1963,1974,1968,1483,314,203,145,1967,1960,1964,1981,1478,317,205,147,1964,1959,1958,1971,1473,316,207,145,1950,1952,1955,1972,1481,312,202,147,1962,1965,1965,1970,1484,313,201,143,1970,1966,1959,1968,1477,297,193,141,1973,1965,1970,1976,1487,293,189,138,0,0,0,0,0,0,0,0,0,0,0,0,0,0,0,0,0,0,0,0,0,0,0,0,0,0,0,0,0,0,0,0,0,0,0,0,0,0,0,0,0,0,0,0,0,0,0,0,0,0,0,0,0,0,0,0,0,0,0,0,0,0,0,0
2963,1990,1977,1965,1986,1493,311,201,144,1967,1970,1969,1978,1472,311,204,143,1962,1961,1970,1974,1489,322,207,147,1952,1957,1953,1970,1482,320,206,145,1960,1955,1958,1961,1477,318,204,147,1966,1953,1957,1966,1485,311,201,141,1964,1964,1949,1961,1468,296,193,141,1976,1961,1965,1982,1475,292,191,138,0,0,0,0,0,0,0,0,0,0,0,0,0,0,0,0,0,0,0,0,0,0,0,0,0,0,0,0,0,0,0,0,0,0,0,0,0,0,0,0,0,0,0,0,0,0,0,0,0,0,0,0,0,0,0,0,0,0,0,0,0,0,0,0
