=~=~=~=~=~=~=~=~=~=~=~= PuTTY log 2026.08.28 21:24:23 =~=~=~=~=~=~=~=~=~=~=~=
T,472,4,1472,33734,1444,32797,135
T,473,4,1472,33734,1444,32797,135
T,474,4,1472,33734,1444,32797,135
T,475,4,1472,33734,1444,32797,135
T,476,4,1472,33735,1444,32797,135
T,477,4,1472,33734,1444,32797,135
T,478,4,1472,33734,1444,32797,135
T,479,4,1472,33735,1444,32797,135
T,480,4,1472,33734,1444,32797,135
T,481,4,1472,33734,1444,32797,135
T,482,4,1472,33734,1444,32797,135
T,483,4,1472,33734,1444,32797,136
T,484,4,1472,33734,1444,32797,135
T,485,4,1472,33734,1444,32797,135
T,486,4,1472,33735,1444,32797,135
T,487,4,1472,33734,1444,32797,135
T,488,4,1472,33734,1444,32797,135
T,489,4,1472,33734,1444,32797,136
T,490,4,1472,33734,1444,32797,136
T,491,4,1472,33734,1444,32797,135
T,492,4,1472,33734,1444,32797,135
T,493,4,1472,33734,1444,32797,135
T,494,4,1472,33734,1444,32797,135
T,495,4,1472,33734,1444,32797,135
T,496,4,1472,33734,1444,32797,135
T,497,4,1472,33734,1444,32797,135
T,498,4,1472,33734,1444,32797,135
T,499,4,1472,33734,1444,32797,135
T,500,4,1472,33734,1444,32797,135
T,501,4,1472,33734,1444,32797,135
T,502,4,1472,33734,1444,32797,136
T,503,4,1472,33734,1444,32797,135
T,504,4,1472,33734,1444,32797,135
T,505,4,1472,33734,1444,32797,135
T,506,4,1472,33734,1444,32797,135
T,507,4,1472,33734,1444,32797,135
T,508,4,1472,33734,1444,32797,135
T,509,4,1472,33734,1444,32797,135
T,510,4,1472,33734,1444,32797,135
T,511,4,1472,33734,1444,32797,135
T,512,4,1472,33734,1444,32797,135
T,513,4,1472,33734,1444,32797,135
T,514,4,1472,33734,1444,32797,135
T,515,4,1472,33734,1444,32797,136
T,T,2477,4,1472,33734,1444,32797,137
T,2478,4,1472,33734,1444,32797,137
T,2479,4,1472,33734,1444,32797,137
T,2480,4,1472,33734,1444,32797,137
T,2481,4,1472,33734,1444,32797,137
T,2482,4,1472,33734,1444,32797,138
T,2483,4,1472,33734,1444,32797,138
T,2484,4,1472,33734,1444,32797,137
T,2485,4,1472,33734,1444,32797,137
T,2486,4,1472,33734,1444,32797,137
T,2487,4,1472,33734,1444,32797,137
T,2488,4,1472,33734,1444,32797,137
T,2489,4,1472,33734,1444,32797,137
T,2490,4,1472,33734,1444,32797,137
T,2491,4,1472,33734,1444,32797,137
T,2492,4,1472,33734,1444,32797,137
T,2493,4,1472,33734,1444,32797,137
T,2494,4,1472,33735,1444,32797,137
T,2495,4,1472,33734,1444,32797,138
T,2496,4,1472,33735,1444,32797,138
T,2497,4,1472,33734,1444,32797,137
T,2498,4,1472,33734,1444,32797,137
T,2499,4,1472,33734,1444,32797,137
T,2500,4,1472,33734,1444,32797,137
T,2501,4,1472,33734,1444,32797,137
T,2502,4,1472,33734,1444,32797,137
T,2503,4,1472,33734,1444,32797,137
T,2504,4,1472,33734,1444,32797,137
T,2505,4,1472,33734,1444,32797,137
T,2506,4,1472,33734,1444,32797,137
T,2507,4,1472,33734,1444,32797,137
T,2508,4,1472,33734,1444,32797,137
T,2509,4,1472,33734,1444,32797,137
T,2510,4,1472,33734,1444,32797,137
T,2511,4,1472,33735,1444,32797,137
T,2512,4,1472,33734,1444,32797,137
T,2513,4,1472,33734,1444,32797,137
T,2514,4,1472,33734,1444,32797,138
T,2515,4,1472,33734,1444,32797,138
T,2516,4,1472,33734,1444,32797,137
T,2517,4,1472,33734,1444,32797,137
T,2518,4,1472,33734,1444,32797,137
T,2519,4,1472,33734,1444,32797,137
T,2520,4,1472,33734,1444,32797,137
T,2521,4,1472,33734,1444,32797,137
T,2522,4,1472,33734,1444,32797,137
T,2523,4,1472,33734,1444,32797,137
T,2524,4,1472,33734,1444,32797,137
T,2525,4,1472,33734,1444,32797,137
T,2526,4,1472,33734,1444,32797,137
T,2527,4,1472,33734,1444,32797,138
T,2528,4,1472,33734,1444,32797,138
T,2529,4,1472,33734,1444,32797,138
T,2530,4,1472,33734,1444,32797,137
T,2531,4,1472,33734,1444,32797,137
T,2532,4,1472,33734,1444,32797,137
T,2533,4,1472,33734,1444,32797,138
T,2534,4,1472,33734,1444,32797,137
T,2535,4,1472,33734,1444,32797,137
T,2536,4,1472,33734,1444,32797,137
T,2537,4,1472,33734,1444,32797,137
T,2538,4,1472,33734,1444,32797,137
T,2539,4,1472,33734,1444,32797,137
T,2540,4,1472,33734,1444,32797,137
T,2541,4,1472,33734,1444,32797,137
T,2542,4,1472,33734,1444,32797,137
T,2543,4,1472,33734,1444,32797,137
T,2544,4,1472,33734,1444,32797,137
T,2545,4,1472,33734,1444,32797,137
T,2546,4,1472,33734,1444,32797,137
T,2547,4,1472,33734,1444,32797,138
T,2548,4,1472,33734,1444,32797,137
T,2549,4,1472,33734,1444,32797,137
T,2550,4,1472,33734,1444,32797,137
T,2551,4,1472,33734,1444,32797,137
T,2552,4,1472,33734,1444,32797,137
T,2553,4,1472,33734,1444,32797,137
T,2554,4,1472,33734,1444,32797,137
T,2555,4,1472,33734,1444,32797,137
T,2556,4,1472,33734,1444,32797,137
T,2557,4,1472,33734,1444,32797,137
T,2558,4,1472,33734,1444,32797,137
T,2559,4,1472,33734,1444,32797,137
T,2560,4,1472,33734,1444,32797,137
T,2561,4,1472,33734,1444,32797,137
T,2562,4,1472,33734,1444,32797,137
T,2563,4,1472,33734,1444,32797,137
T,2564,4,1472,33734,1444,32797,137
T,2565,4,1472,33734,1444,32797,138
T,2566,4,1472,33734,1444,32797,137
T,2567,4,1472,33734,1444,32797,137
T,2568,4,1472,33734,1444,32797,137
T,2569,4,1472,33734,1444,32797,137
T,2570,4,1472,33734,1444,32797,137
T,2571,4,1472,33734,1444,32797,138
T,2572,4,1472,33734,1444,32797,138
T,2573,4,1472,33734,1444,32797,137
T,2574,4,1472,33734,1444,32797,137
T,2575,4,1472,33735,1444,32797,137
T,2576,4,1472,33734,1444,32797,137
T,2577,4,1472,33734,1444,32797,137
T,2578,4,1472,33734,1444,32797,137
T,2579,4,1472,33734,1444,32797,137
T,2580,4,1472,33734,1444,32797,137
T,2581,4,1472,33734,1444,32797,137
T,2582,4,1472,33735,1444,32797,137
T,2583,4,1472,33734,1444,32797,138
T,2584,4,1472,33734,1444,32797,138
T,2585,4,1472,33734,1444,32797,138
T,2586,4,1472,33734,1444,32797,137
T,2587,4,1472,33734,1444,32797,137
T,2588,4,1472,33734,1444,32797,137
T,2589,4,1472,33734,1444,32797,138
T,2590,4,1472,33734,1444,32797,137
T,2591,4,1472,33734,1444,32797,138
T,2592,4,1472,33734,1444,32797,137
T,2593,4,1472,33734,1444,32797,137
T,2594,4,1472,33734,1444,32797,137
T,2595,4,1472,33734,1444,32797,137
T,2596,4,1472,33734,1444,32797,137
T,2597,4,1472,33734,1444,32797,137
T,2598,4,1472,33734,1444,32797,137
T,2599,4,1472,33734,1444,32797,137
T,2600,4,1472,33734,1444,32797,137
T,2601,4,1472,33735,1444,32797,137
T,2602,4,1472,33735,1444,32797,138
T,2603,4,1472,33734,1444,32797,138
T,2604,4,1472,33734,1444,32797,138
T,2605,4,1472,33734,1444,32797,137
T,2606,4,1472,33734,1444,32797,137
T,2607,4,1472,33734,1444,32797,137
T,2608,4,1472,33734,1444,32797,137
T,2609,4,1472,33735,1444,32797,138
T,2610,4,1472,33734,1444,32797,138
T,2611,4,1472,33734,1444,32797,138
T,2612,4,1472,33734,1444,32797,137
T,2613,4,1472,33734,1444,32797,137
T,2614,4,1472,33734,1444,32797,137
T,2615,4,1472,33734,1444,32797,137
T,2616,4,1472,33734,1444,32797,137
T,2617,4,1472,33734,1444,32797,137
T,2618,4,1472,33734,1444,32797,137
T,2619,4,1472,33734,1444,32797,137
T,2620,4,1472,33734,1444,32797,137
T,2621,4,1472,33734,1444,32797,138
T,2622,4,1472,33734,1444,32797,138
T,2623,4,1472,33734,1444,32797,138
T,2624,4,1472,33735,1444,32797,137
T,2625,4,1472,33734,1444,32797,137
T,2626,4,1472,33734,1444,32797,137
T,2627,4,1472,33734,1444,32797,137
T,2628,4,1472,33734,1444,32797,137
T,2629,4,1472,33734,1444,32797,137
T,2630,4,1472,33734,1444,32797,137
T,2631,4,1472,33734,1444,32797,137
T,2632,4,1472,33734,1444,32797,137
T,2633,4,1472,33734,1444,32797,137
T,2634,4,1472,33734,1444,32797,137
T,2635,4,1472,33734,1444,32797,137
T,2636,4,1472,33734,1444,32797,137
T,2637,4,1472,33734,1444,32797,137
T,2638,4,1472,33734,1444,32797,137
T,2639,4,1472,33734,1444,32797,137
T,2640,4,1472,33734,1444,32797,137
T,2641,4,1472,33735,1444,32797,138
T,2642,4,1472,33734,1444,32797,138
T,2643,4,1472,33734,1444,32797,137
T,2644,4,1472,33734,1444,32797,137
T,2645,4,1472,33734,1444,32797,137
T,2646,4,1472,33735,1444,32797,137
T,2647,4,1472,33734,1444,32797,138
T,2648,4,1472,33734,1444,32797,137
T,2649,4,1472,33734,1444,32797,137
T,2650,4,1472,33734,1444,32797,137
T,2651,4,1472,33734,1444,32797,137
T,2652,4,1472,33734,1444,32797,137
T,2653,4,1472,33735,1444,32797,137
T,2654,4,1472,33734,1444,32797,137
T,2655,4,1472,33734,1444,32797,137
T,2656,4,1472,33734,1444,32797,137
T,2657,4,1472,33734,1444,32797,137
T,2658,4,1472,33734,1444,32797,137
T,2659,4,1472,33734,1444,32797,137
T,2660,4,1472,33734,1444,32797,138
T,2661,4,1472,33735,1444,32797,138
T,2662,4,1472,33735,1444,32797,137
T,2663,4,1472,33734,1444,32797,137
T,2664,4,1472,33734,1444,32797,137
T,2665,4,1472,33734,1444,32797,137
T,2666,4,1472,33734,1444,32797,137
T,2667,4,1472,33734,1444,32797,138
T,2668,4,1472,33734,1444,32797,137
T,2669,4,1472,33735,1444,32797,137
T,2670,4,1472,33734,1444,32797,137
T,2671,4,1472,33734,1444,32797,137
T,2672,4,1472,33734,1444,32797,137
T,2673,4,1472,33734,1444,32797,137
T,2674,4,1472,33734,1444,32797,137
T,2675,4,1472,33734,1444,32797,137
T,2676,4,1472,33734,1444,32797,137
T,2677,4,1472,33734,1444,32797,137
T,2678,4,1472,33734,1444,32797,137
T,2679,4,1472,33734,1444,32797,138
T,2680,4,1472,33734,1444,32797,138
T,2681,4,1472,33734,1444,32797,137
T,2682,4,1472,33734,1444,32797,137
T,2683,4,1472,33734,1444,32797,137
T,2684,4,1472,33734,1444,32797,137
T,2685,4,1472,33734,1444,32797,138
T,2686,4,1472,33735,1444,32797,137
T,2687,4,1472,33734,1444,32797,138
T,2688,4,1472,33735,1444,32797,137
T,2689,4,1472,33734,1444,32797,137
T,2690,4,1472,33734,1444,32797,137
T,2691,4,1472,33734,1444,32797,137
T,2692,4,1472,33734,1444,32797,137
T,2693,4,1472,33734,1444,32797,137
T,2694,4,1472,33734,1444,32797,137
T1 PASS: sensor ACK at 0x52
MY_TOF: init OK (8x8 @ 15 Hz, INT/async)
CLK,84000000
H,frame,rd_calls,rd_bytes,rd_us,max_bytes,max_us,uart_us
T,1,4,1472,33734,1444,32797,0
T,2,4,1472,33734,1444,32797,121
T,3,4,1472,33734,1444,32797,131
T,4,4,1472,33734,1444,32797,131
T,5,4,1472,33734,1444,32797,131
T,6,4,1472,33734,1444,32797,133
T,7,4,1472,33734,1444,32797,132
T,8,4,1472,33734,1444,32797,125
T,9,4,1472,33734,1444,32797,125
T,10,4,1472,33734,1444,32797,125
T,11,4,1472,33734,1444,32797,133
T,12,4,1472,33734,1444,32797,133
T,13,4,1472,33734,1444,32797,133
T,14,4,1472,33734,1444,32797,133
T,15,4,1472,33734,1444,32797,133
T,16,4,1472,33734,1444,32797,134
T,17,4,1472,33734,1444,32797,133
T,18,4,1472,33734,1444,32797,133
T,19,4,1472,33734,1444,32797,133
T,20,4,1472,33734,1444,32797,133
T,21,4,1472,33734,1444,32797,133
T,22,4,1472,33734,1444,32797,134
T,23,4,1472,33734,1444,32797,134
T,24,4,1472,33734,1444,32797,133
T,25,4,1472,33734,1444,32797,133
T,26,4,1472,33734,1444,32797,133
T,27,4,1472,33734,1444,32797,133
T,28,4,1472,33734,1444,32797,133
T,29,4,1472,33734,1444,32797,133
T,30,4,1472,33734,1444,32797,133
T,31,4,1472,33734,1444,32797,133
T,32,4,1472,33735,1444,32797,133
T,33,4,1472,33734,1444,32797,133
T,34,4,1472,33734,1444,32797,133
T,35,4,1472,33734,1444,32797,134
T,36,4,1472,33734,1444,32797,134
T,37,4,1472,33734,1444,32797,133
T,38,4,1472,33734,1444,32797,133
T,39,4,1472,33734,1444,32797,133
T,40,4,1472,33734,1444,32797,133
T,41,4,1472,33734,1444,32797,133
T,42,4,1472,33734,1444,32797,133
T,43,4,1472,33734,1444,32797,133
T,44,4,1472,33735,1444,32797,133
T,45,4,1472,33734,1444,32797,133
T,46,4,1472,33734,1444,32797,133
T,47,4,1472,33734,1444,32797,133
T,48,4,1472,33734,1444,32797,134
T,49,4,1472,33734,1444,32797,133
T,50,4,1472,33735,1444,32797,133
T,51,4,1472,33734,1444,32797,133
T,52,4,1472,33734,1444,32797,133
T,53,4,1472,33734,1444,32797,133
T,54,4,1472,33734,1444,32797,134
T,55,4,1472,33734,1444,32797,134
T,56,4,1472,33734,1444,32797,133
T,57,4,1472,33734,1444,32797,133
T,58,4,1472,33734,1444,32797,133
T,59,4,1472,33734,1444,32797,133
T,60,4,1472,33734,1444,32797,133
T,61,4,1472,33734,1444,32797,133
T,62,4,1472,33735,1444,32797,133
T,63,4,1472,33734,1444,32797,133
T,64,4,1472,33734,1444,32797,133
T,65,4,1472,33734,1444,32797,133
T,66,4,1472,33734,1444,32797,133
T,67,4,1472,33734,1444,32797,133
T,68,4,1472,33734,1444,32797,133
T,69,4,1472,33734,1444,32797,133
T,70,4,1472,33734,1444,32797,133
T,71,4,1472,33734,1444,32797,133
T,72,4,1472,33735,1444,32797,133
T,73,4,1472,33734,1444,32797,134
T,74,4,1472,33734,1444,32797,134
T,75,4,1472,33734,1444,32797,133
T,76,4,1472,33734,1444,32797,133
T,77,4,1472,33734,1444,32797,133
T,78,4,1472,33734,1444,32797,133
T,79,4,1472,33734,1444,32797,133
T,80,4,1472,33734,1444,32797,133
T,81,4,1472,33734,1444,32797,133
T,82,4,1472,33734,1444,32797,133
T,83,4,1472,33734,1444,32797,133
T,84,4,1472,33734,1444,32797,133
T,85,4,1472,33734,1444,32797,133
T,86,4,1472,33734,1444,32797,134
T,87,4,1472,33734,1444,32797,134
T,88,4,1472,33734,1444,32797,133
T,89,4,1472,33734,1444,32797,133
T,90,4,1472,33734,1444,32797,133
T,91,4,1472,33734,1444,32797,133
T,92,4,1472,33734,1444,32797,133
T,93,4,1472,33734,1444,32797,133
T,94,4,1472,33734,1444,32797,133
T,95,4,1472,33734,1444,32797,133
T,96,4,1472,33734,1444,32797,133
T,97,4,1472,33734,1444,32797,133
T,98,4,1472,33734,1444,32797,133
T,99,4,1472,33734,1444,32797,133
T,100,4,1472,33734,1444,32797,133
T,101,4,1472,33734,1444,32797,135
T,102,4,1472,33734,1444,32797,135
T,103,4,1472,33735,1444,32797,135
T,104,4,1472,33735,1444,32797,135
T,105,4,1472,33734,1444,32797,135
T,106,4,1472,33734,1444,32797,135
T,107,4,1472,33735,1444,32797,135
T,108,4,1472,33734,1444,32797,136
T,109,4,1472,33735,1444,32797,136
T,110,4,1472,33734,1444,32797,136
T,111,4,1472,33735,1444,32797,135
T,112,4,1472,33735,1444,32797,135
T,113,4,1472,33735,1444,32797,135
T,114,4,1472,33734,1444,32797,135
T,115,4,1472,33734,1444,32797,135
T,116,4,1472,33734,1444,32797,135
T,117,4,1472,33734,1444,32797,135
T,118,4,1472,33734,1444,32797,135
T,119,4,1472,33734,1444,32797,135
T,120,4,1472,33734,1444,32797,135
T,121,4,1472,33734,1444,32797,136
T,122,4,1472,33734,1444,32797,136
T,123,4,1472,33734,1444,32797,135
T,124,4,1472,33734,1444,32797,135
T,125,4,1472,33734,1444,32797,135
T,126,4,1472,33735,1444,32797,135
T,127,4,1472,33734,1444,32797,135
T,128,4,1472,33734,1444,32797,136
T,129,4,1472,33734,1444,32797,135
T,130,4,1472,33734,1444,32797,135
T,131,4,1472,33735,1444,32797,135
T,132,4,1472,33734,1444,32797,135
T,133,4,1472,33734,1444,32797,135
T,134,4,1472,33734,1444,32797,135
T,135,4,1472,33734,1444,32797,135
T,136,4,1472,33734,1444,32797,135
T,137,4,1472,33734,1444,32797,135
T,138,4,1472,33734,1444,32797,135
T,139,4,1472,33734,1444,32797,135
T,140,4,1472,33734,1444,32797,135
T,141,4,1472,33734,1444,32797,135
T,142,4,1472,33734,1444,32797,135
T,143,4,1472,33734,1444,32797,135
T,144,4,1472,33734,1444,32797,135
T,145,4,1472,33734,1444,32797,135
T,146,4,1472,33734,1444,32797,135
T,147,4,1472,33734,1444,32797,135
T,148,4,1472,33734,1444,32797,135
T,149,4,1472,33734,1444,32797,135
T,150,4,1472,33734,1444,32797,135
T,151,4,1472,33734,1444,32797,135
T,152,4,1472,33734,1444,32797,135
T,153,4,1472,33735,1444,32797,135
T,154,4,1472,33735,1444,32797,135
T,155,4,1472,33734,1444,32797,135
T,156,4,1472,33734,1444,32797,135
T,157,4,1472,33734,1444,32797,135
T,158,4,1472,33735,1444,32797,135
T,159,4,1472,33734,1444,32797,135
T,160,4,1472,33734,1444,32797,136
T,161,4,1472,33734,1444,32797,136
T,162,4,1472,33734,1444,32797,135
T,163,4,1472,33734,1444,32797,135
T,164,4,1472,33734,1444,32797,135
T,165,4,1472,33734,1444,32797,135
T,166,4,1472,33734,1444,32797,135
T,167,4,1472,33734,1444,32797,135
T,168,4,1472,33735,1444,32797,135
T,169,4,1472,33734,1444,32797,135
T,170,4,1472,33734,1444,32797,135
T,171,4,1472,33734,1444,32797,135
T,172,4,1472,33734,1444,32797,136
T,173,4,1472,33734,1444,32797,136
T,174,4,1472,33734,1444,32797,135
T,175,4,1472,33734,1444,32797,135
T,176,4,1472,33734,1444,32797,135
T,177,4,1472,33735,1444,32797,135
T,178,4,1472,33735,1444,32797,135
T,179,4,1472,33734,1444,32797,136
T,180,4,1472,33734,1444,32797,135
T,181,4,1472,33734,1444,32797,135
T,182,4,1472,33734,1444,32797,135
T,183,4,1472,33734,1444,32797,135
T,184,4,1472,33734,1444,32797,135
T,185,4,1472,33734,1444,32797,135
T,186,4,1472,33734,1444,32797,135
T,187,4,1472,33734,1444,32797,135
T,188,4,1472,33734,1444,32797,135
T,189,4,1472,33734,1444,32797,135
T,190,4,1472,33734,1444,32797,135
T,191,4,1472,33734,1444,32797,135
T,192,4,1472,33734,1444,32797,136
T,193,4,1472,33734,1444,32797,135
T,194,4,1472,33734,1444,32797,135
T,195,4,1472,33735,1444,32797,135
T,196,4,1472,33734,1444,32797,135
T,197,4,1472,33734,1444,32797,135
T,198,4,1472,33734,1444,32797,135
T,199,4,1472,33734,1444,32797,135
T,200,4,1472,33734,1444,32797,135
T,201,4,1472,33734,1444,32797,135
T,202,4,1472,33734,1444,32797,135
T,203,4,1472,33734,1444,32797,136
T,204,4,1472,33734,1444,32797,136
T,205,4,1472,33734,1444,32797,135
T,206,4,1472,33734,1444,32797,135
T,207,4,1472,33734,1444,32797,135
T,208,4,1472,33734,1444,32797,135
T,209,4,1472,33734,1444,32797,135
T,210,4,1472,33735,1444,32797,135
T,211,4,1472,33734,1444,32797,136
T,212,4,1472,33735,1444,32797,136
T,213,4,1472,33734,1444,32797,135
T,214,4,1472,33734,1444,32797,135
T,215,4,1472,33735,1444,32797,135
T,216,4,1472,33734,1444,32797,135
T,217,4,1472,33734,1444,32797,135
T,218,4,1472,33734,1444,32797,135
T,219,4,1472,33734,1444,32797,135
T,220,4,1472,33734,1444,32797,135
T,221,4,1472,33734,1444,32797,135
T,222,4,1472,33734,1444,32797,135
T,223,4,1472,33734,1444,32797,135
T,224,4,1472,33734,1444,32797,136
T,225,4,1472,33734,1444,32797,136
T,226,4,1472,33734,1444,32797,135
T,227,4,1472,33734,1444,32797,135
T,228,4,1472,33734,1444,32797,135
T,229,4,1472,33734,1444,32797,135
T,230,4,1472,33734,1444,32797,135
T,231,4,1472,33734,1444,32797,135
T,232,4,1472,33735,1444,32797,135
T,233,4,1472,33734,1444,32797,135
T,234,4,1472,33734,1444,32797,135
T,235,4,1472,33734,1444,32797,135
T,236,4,1472,33734,1444,32797,135
T,237,4,1472,33734,1444,32797,135
T,238,4,1472,33734,1444,32797,135
T,239,4,1472,33734,1444,32797,135
T,240,4,1472,33734,1444,32797,135
T,241,4,1472,33734,1444,32797,135
T,242,4,1472,33734,1444,32797,135
T,243,4,1472,33734,1444,32797,136
T,244,4,1472,33734,1444,32797,135
T,245,4,1472,33734,1444,32797,135
T,246,4,1472,33734,1444,32797,135
T,247,4,1472,33734,1444,32797,135
T,248,4,1472,33734,1444,32797,135
T,249,4,1472,33734,1444,32797,135
T,250,4,1472,33735,1444,32797,135
T,251,4,1472,33734,1444,32797,135
T,252,4,1472,33734,1444,32797,135
T,253,4,1472,33735,1444,32797,135
T,254,4,1472,33734,1444,32797,135
T,255,4,1472,33734,1444,32797,135
T,256,4,1472,33734,1444,32797,136
T,257,4,1472,33734,1444,32797,136
T,258,4,1472,33734,1444,32797,135
T,259,4,1472,33734,1444,32797,135
T,260,4,1472,33734,1444,32797,135
T,261,4,1472,33734,1444,32797,135
T,262,4,1472,33734,1444,32797,135
T,263,4,1472,33734,1444,32797,135
T,264,4,1472,33734,1444,32797,135
T,265,4,1472,33735,1444,32797,135
T,266,4,1472,33734,1444,32797,135
T,267,4,1472,33734,1444,32797,135
T,268,4,1472,33734,1444,32797,136
T,269,4,1472,33734,1444,32797,136
T,270,4,1472,33735,1444,32797,135
T,271,4,1472,33735,1444,32797,135
T,272,4,1472,33734,1444,32797,135
T,273,4,1472,33734,1444,32797,135
T,274,4,1472,33734,1444,32797,135
T,275,4,1472,33735,1444,32797,136
T,276,4,1472,33734,1444,32797,135
T,277,4,1472,33734,1444,32797,135
T,278,4,1472,33734,1444,32797,135
T,279,4,1472,33734,1444,32797,135
T,280,4,1472,33734,1444,32797,135
T,281,4,1472,33734,1444,32797,135
T,282,4,1472,33735,1444,32797,135
T,283,4,1472,33734,1444,32797,135
T,284,4,1472,33734,1444,32797,135
T,285,4,1472,33734,1444,32797,135
T,286,4,1472,33734,1444,32797,135
T,287,4,1472,33734,1444,32797,135
T,288,4,1472,33734,1444,32797,135
T,289,4,1472,33734,1444,32797,135
T,290,4,1472,33734,1444,32797,135
T,291,4,1472,33734,1444,32797,135
T,292,4,1472,33734,1444,32797,135
T,293,4,1472,33734,1444,32797,136
T,294,4,1472,33735,1444,32797,136
T,295,4,1472,33734,1444,32797,135
T,296,4,1472,33735,1444,32797,135
T,297,4,1472,33734,1444,32797,135
T,298,4,1472,33735,1444,32797,135
T,299,4,1472,33734,1444,32797,135
T,300,4,1472,33734,1444,32797,135
T,301,4,1472,33734,1444,32797,135
T,302,4,1472,33734,1444,32797,135
T,303,4,1472,33734,1444,32797,135
T,304,4,1472,33735,1444,32797,135
T,305,4,1472,33734,1444,32797,135
T,306,4,1472,33735,1444,32797,135
T,307,4,1472,33734,1444,32797,135
T,308,4,1472,33734,1444,32797,135
T,309,4,1472,33734,1444,32797,135
T,310,4,1472,33734,1444,32797,135
T,311,4,1472,33734,1444,32797,135
T,312,4,1472,33734,1444,32797,135
T,313,4,1472,33734,1444,32797,135
T,314,4,1472,33734,1444,32797,135
T,315,4,1472,33734,1444,32797,135
T,316,4,1472,33734,1444,32797,135
T,317,4,1472,33734,1444,32797,135
T,318,4,1472,33734,1444,32797,135
T,319,4,1472,33734,1444,32797,136
T,320,4,1472,33734,1444,32797,136
T,321,4,1472,33734,1444,32797,136
T,322,4,1472,33734,1444,32797,135
T,323,4,1472,33734,1444,32797,135
T,324,4,1472,33734,1444,32797,135
T,325,4,1472,33734,1444,32797,135
T,326,4,1472,33735,1444,32797,135
T,327,4,1472,33734,1444,32797,136
T,328,4,1472,33734,1444,32797,135
T,329,4,1472,33734,1444,32797,135
T,330,4,1472,33734,1444,32797,135
T,331,4,1472,33734,1444,32797,135
T,332,4,1472,33734,1444,32797,135
T,333,4,1472,33734,1444,32797,135
T,334,4,1472,33734,1444,32797,135
T,335,4,1472,33734,1444,32797,135
T,336,4,1472,33734,1444,32797,135
T,337,4,1472,33734,1444,32797,135
T,338,4,1472,33734,1444,32797,135
T,339,4,1472,33734,1444,32797,137
T,340,4,1472,33734,1444,32797,135
T,341,4,1472,33735,1444,32797,135
T,342,4,1472,33734,1444,32797,135
T,343,4,1472,33734,1444,32797,135
T,344,4,1472,33734,1444,32797,135
T,345,4,1472,33734,1444,32797,135
T,346,4,1472,33734,1444,32797,135
T,347,4,1472,33734,1444,32797,135
T,348,4,1472,33734,1444,32797,135
T,349,4,1472,33734,1444,32797,135
T,350,4,1472,33734,1444,32797,137
T,351,4,1472,33735,1444,32797,135
T,352,4,1472,33734,1444,32797,135
T,353,4,1472,33735,1444,32797,135
T,354,4,1472,33734,1444,32797,135
T,355,4,1472,33734,1444,32797,135
T,356,4,1472,33734,1444,32797,137
T,357,4,1472,33734,1444,32797,137
T,358,4,1472,33734,1444,32797,137
T,359,4,1472,33734,1444,32797,135
T,360,4,1472,33734,1444,32797,135
T,361,4,1472,33734,1444,32797,135
T,362,4,1472,33734,1444,32797,135
T,363,4,1472,33734,1444,32797,135
T,364,4,1472,33734,1444,32797,135
T,365,4,1472,33734,1444,32797,135
T,366,4,1472,33734,1444,32797,135
T,367,4,1472,33734,1444,32797,135
T,368,4,1472,33734,1444,32797,135
T,369,4,1472,33734,1444,32797,135
T,370,4,1472,33734,1444,32797,135
T,371,4,1472,33734,1444,32797,135
T,372,4,1472,33734,1444,32797,135
T,373,4,1472,33734,1444,32797,135
T,374,4,1472,33734,1444,32797,135
T,375,4,1472,33734,1444,32797,135
T,376,4,1472,33734,1444,32797,135
T,377,4,1472,33734,1444,32797,135
T,378,4,1472,33734,1444,32797,135
T,379,4,1472,33734,1444,32797,135
T,380,4,1472,33734,1444,32797,135
T,381,4,1472,33734,1444,32797,135
T,382,4,1472,33734,1444,32797,137
T,383,4,1472,33734,1444,32797,135
T,384,4,1472,33734,1444,32797,137
T,385,4,1472,33734,1444,32797,135
T,386,4,1472,33735,1444,32797,135
T,387,4,1472,33734,1444,32797,135
T,388,4,1472,33734,1444,32797,135
T,389,4,1472,33734,1444,32797,135
T,390,4,1472,33734,1444,32797,135
T,391,4,1472,33734,1444,32797,135
T,392,4,1472,33734,1444,32797,135
T,393,4,1472,33735,1444,32797,135
T,394,4,1472,33734,1444,32797,135
T,395,4,1472,33735,1444,32797,137
T,396,4,1472,33734,1444,32797,137
T,397,4,1472,33735,1444,32797,137
T,398,4,1472,33734,1444,32797,135
T,399,4,1472,33734,1444,32797,135
T,400,4,1472,33734,1444,32797,135
T,401,4,1472,33734,1444,32797,135
T,402,4,1472,33734,1444,32797,135
T,403,4,1472,33734,1444,32797,137
T,404,4,1472,33734,1444,32797,137
T,405,4,1472,33734,1444,32797,135
T,406,4,1472,33734,1444,32797,135
T,407,4,1472,33734,1444,32797,135
T,408,4,1472,33734,1444,32797,135
T,409,4,1472,33734,1444,32797,135
T,410,4,1472,33734,1444,32797,135
T,411,4,1472,33734,1444,32797,135
T,412,4,1472,33734,1444,32797,135
T,413,4,1472,33734,1444,32797,135
T,414,4,1472,33734,1444,32797,135
T,415,4,1472,33734,1444,32797,135
T,416,4,1472,33734,1444,32797,137
T,417,4,1472,33734,1444,32797,137
T,418,4,1472,33734,1444,32797,135
T,419,4,1472,33734,1444,32797,135
T,420,4,1472,33734,1444,32797,135
T,421,4,1472,33734,1444,32797,135
T,422,4,1472,33734,1444,32797,135
T,423,4,1472,33734,1444,32797,135
T,424,4,1472,33734,1444,32797,135
T,425,4,1472,33734,1444,32797,135
T,426,4,1472,33734,1444,32797,135
T,427,4,1472,33734,1444,32797,137
T,428,4,1472,33734,1444,32797,137
T,429,4,1472,33734,1444,32797,135
T,430,4,1472,33734,1444,32797,135
T,431,4,1472,33734,1444,32797,135
T,432,4,1472,33734,1444,32797,135
T,433,4,1472,33734,1444,32797,135
T,434,4,1472,33734,1444,32797,135
T,435,4,1472,33734,1444,32797,137
T,436,4,1472,33734,1444,32797,135
T,437,4,1472,33734,1444,32797,135
T,438,4,1472,33734,1444,32797,135
T,439,4,1472,33734,1444,32797,135
T,440,4,1472,33734,1444,32797,135
T,441,4,1472,33734,1444,32797,135
T,442,4,1472,33734,1444,32797,135
T,443,4,1472,33734,1444,32797,135
T,444,4,1472,33734,1444,32797,135
T,445,4,1472,33734,1444,32797,135
T,446,4,1472,33734,1444,32797,135
T,447,4,1472,33734,1444,32797,135
T,448,4,1472,33734,1444,32797,137
T,449,4,1472,33734,1444,32797,135
T,450,4,1472,33734,1444,32797,135
T,451,4,1472,33734,1444,32797,135
T,452,4,1472,33734,1444,32797,135
T,453,4,1472,33734,1444,32797,135
T,454,4,1472,33734,1444,32797,135
T,455,4,1472,33734,1444,32797,135
T,456,4,1472,33734,1444,32797,135
T,457,4,1472,33734,1444,32797,135
T,458,4,1472,33734,1444,32797,135
T,459,4,1472,33734,1444,32797,135
T,460,4,1472,33735,1444,32797,137
T,461,4,1472,33734,1444,32797,137
T,462,4,1472,33734,1444,32797,135
T,463,4,1472,33734,1444,32797,135
T,464,4,1472,33734,1444,32797,135
T,465,4,1472,33735,1444,32797,135
T,466,4,1472,33734,1444,32797,135
T,467,4,1472,33734,1444,32797,137
T,468,4,1472,33734,1444,32797,135
T,469,4,1472,33734,1444,32797,135
T,470,4,1472,33734,1444,32797,135
T,471,4,1472,33734,1444,32797,135
T,472,4,1472,33734,1444,32797,135
T,473,4,1472,33734,1444,32797,135
T,474,4,1472,33735,1444,32797,135
T,475,4,1472,33734,1444,32797,135
T,476,4,1472,33734,1444,32797,135
T,477,4,1472,33734,1444,32797,135
T,478,4,1472,33734,1444,32797,137
T,479,4,1472,33735,1444,32797,135
T,480,4,1472,33734,1444,32797,137
T,481,4,1472,33734,1444,32797,135
T,482,4,1472,33734,1444,32797,135
T,483,4,1472,33734,1444,32797,135
T,484,4,1472,33734,1444,32797,135
T,485,4,1472,33734,1444,32797,135
T,486,4,1472,33734,1444,32797,135
T,487,4,1472,33734,1444,32797,135
T,488,4,1472,33734,1444,32797,135
T,489,4,1472,33734,1444,32797,135
T,490,4,1472,33734,1444,32797,135
T,491,4,1472,33735,1444,32797,135
T,492,4,1472,33734,1444,32797,137
T,493,4,1472,33734,1444,32797,137
T,494,4,1472,33734,1444,32797,135
T,495,4,1472,33734,1444,32797,135
T,496,4,1472,33734,1444,32797,135
T,497,4,1472,33734,1444,32797,135
T,498,4,1472,33734,1444,32797,135
T,499,4,1472,33735,1444,32797,135
T,500,4,1472,33734,1444,32797,135
T,501,4,1472,33735,1444,32797,135
T,502,4,1472,33734,1444,32797,135
T,503,4,1472,33735,1444,32797,135
T,504,4,1472,33734,1444,32797,135
T,505,4,1472,33734,1444,32797,137
T,506,4,1472,33734,1444,32797,137
T,507,4,1472,33734,1444,32797,135
T,508,4,1472,33734,1444,32797,135
T,509,4,1472,33734,1444,32797,135
T,510,4,1472,33735,1444,32797,135
T,511,4,1472,33734,1444,32797,137
T,512,4,1472,33734,1444,32797,135
T,513,4,1472,33734,1444,32797,137
T,514,4,1472,33734,1444,32797,135
T,515,4,1472,33734,1444,32797,135
T,516,4,1472,33734,1444,32797,135
T,517,4,1472,33734,1444,32797,135
T,518,4,1472,33734,1444,32797,135
T,519,4,1472,33734,1444,32797,135
T,520,4,1472,33734,1444,32797,135
T,521,4,1472,33734,1444,32797,135
T,522,4,1472,33734,1444,32797,135
T,523,4,1472,33735,1444,32797,137
T,524,4,1472,33734,1444,32797,137
T,525,4,1472,33735,1444,32797,135
T,526,4,1472,33735,1444,32797,135
T,527,4,1472,33735,1444,32797,135
T,528,4,1472,33734,1444,32797,135
T,529,4,1472,33734,1444,32797,135
T,530,4,1472,33734,1444,32797,135
T,531,4,1472,33734,1444,32797,135
T,532,4,1472,33734,1444,32797,135
T,533,4,1472,33734,1444,32797,135
T,534,4,1472,33734,1444,32797,135
T,535,4,1472,33734,1444,32797,135
T,536,4,1472,33734,1444,32797,135
T,537,4,1472,33734,1444,32797,135
T,538,4,1472,33734,1444,32797,135
T,539,4,1472,33735,1444,32797,135
T,540,4,1472,33734,1444,32797,135
T,541,4,1472,33734,1444,32797,135
T,542,4,1472,33734,1444,32797,135
T,543,4,1472,33734,1444,32797,135
T,544,4,1472,33735,1444,32797,137
T,545,4,1472,33734,1444,32797,135
T,546,4,1472,33734,1444,32797,135
T,547,4,1472,33734,1444,32797,135
T,548,4,1472,33734,1444,32797,135
T,549,4,1472,33734,1444,32797,135
T,550,4,1472,33734,1444,32797,135
T,551,4,1472,33735,1444,32797,135
T,552,4,1472,33734,1444,32797,135
T,553,4,1472,33734,1444,32797,135
T,554,4,1472,33734,1444,32797,135
T,555,4,1472,33734,1444,32797,135
T,556,4,1472,33734,1444,32797,135
T,557,4,1472,33734,1444,32797,135
T,558,4,1472,33734,1444,32797,135
T,559,4,1472,33734,1444,32797,135
T,560,4,1472,33734,1444,32797,135
T,561,4,1472,33734,1444,32797,135
T,562,4,1472,33734,1444,32797,135
T,563,4,1472,33734,1444,32797,137
T,564,4,1472,33734,1444,32797,135
T,565,4,1472,33734,1444,32797,135
T,566,4,1472,33734,1444,32797,135
T,567,4,1472,33734,1444,32797,135
T,568,4,1472,33734,1444,32797,135
T,569,4,1472,33734,1444,32797,135
T,570,4,1472,33734,1444,32797,135
T,571,4,1472,33734,1444,32797,135
T,572,4,1472,33734,1444,32797,135
T,573,4,1472,33734,1444,32797,135
T,574,4,1472,33734,1444,32797,135
T,575,4,1472,33734,1444,32797,135
T,576,4,1472,33734,1444,32797,135
T,577,4,1472,33734,1444,32797,135
T,578,4,1472,33734,1444,32797,135
T,579,4,1472,33734,1444,32797,135
T,580,4,1472,33734,1444,32797,137
T,581,4,1472,33734,1444,32797,137
T,582,4,1472,33734,1444,32797,137
T,583,4,1472,33734,1444,32797,135
T,584,4,1472,33734,1444,32797,135
T,585,4,1472,33734,1444,32797,135
T,586,4,1472,33734,1444,32797,135
T,587,4,1472,33734,1444,32797,135
T,588,4,1472,33734,1444,32797,135
T,589,4,1472,33734,1444,32797,135
T,590,4,1472,33734,1444,32797,135
T,591,4,1472,33734,1444,32797,135
T,592,4,1472,33734,1444,32797,135
T,593,4,1472,33734,1444,32797,135
T,594,4,1472,33734,1444,32797,137
T,595,4,1472,33734,1444,32797,137
T,596,4,1472,33734,1444,32797,135
T,597,4,1472,33734,1444,32797,135
T,598,4,1472,33734,1444,32797,135
T,599,4,1472,33734,1444,32797,135
T,600,4,1472,33734,1444,32797,135
T,601,4,1472,33734,1444,32797,135
T,602,4,1472,33734,1444,32797,135
T,603,4,1472,33734,1444,32797,135
T,604,4,1472,33734,1444,32797,135
T,605,4,1472,33734,1444,32797,135
T,606,4,1472,33734,1444,32797,135
T,607,4,1472,33734,1444,32797,135
T,608,4,1472,33734,1444,32797,135
T,609,4,1472,33734,1444,32797,135
T,610,4,1472,33734,1444,32797,135
T,611,4,1472,33734,1444,32797,135
T,612,4,1472,33734,1444,32797,135
T,613,4,1472,33734,1444,32797,137
T,614,4,1472,33734,1444,32797,135
T,615,4,1472,33734,1444,32797,135
T,616,4,1472,33735,1444,32797,135
T,617,4,1472,33735,1444,32797,135
T,618,4,1472,33735,1444,32797,135
T,619,4,1472,33734,1444,32797,135
T,620,4,1472,33734,1444,32797,135
T,621,4,1472,33734,1444,32797,135
T,622,4,1472,33734,1444,32797,135
T,623,4,1472,33734,1444,32797,135
T,624,4,1472,33734,1444,32797,135
T,625,4,1472,33734,1444,32797,135
T,626,4,1472,33734,1444,32797,135
T,627,4,1472,33734,1444,32797,135
T,628,4,1472,33734,1444,32797,135
T,629,4,1472,33734,1444,32797,135
T,630,4,1472,33734,1444,32797,135
T,631,4,1472,33734,1444,32797,135
T,632,4,1472,33734,1444,32797,137
T,633,4,1472,33734,1444,32797,137
T,634,4,1472,33735,1444,32797,135
T,635,4,1472,33734,1444,32797,135
T,636,4,1472,33735,1444,32797,135
T,637,4,1472,33734,1444,32797,135
T,638,4,1472,33734,1444,32797,135
T,639,4,1472,33734,1444,32797,135
T,640,4,1472,33734,1444,32797,135
T,641,4,1472,33734,1444,32797,135
T,642,4,1472,33734,1444,32797,135
T,643,4,1472,33734,1444,32797,135
T,644,4,1472,33734,1444,32797,135
T,645,4,1472,33734,1444,32797,135
T,646,4,1472,33734,1444,32797,135
T,647,4,1472,33734,1444,32797,135
T,648,4,1472,33734,1444,32797,135
T,649,4,1472,33734,1444,32797,135
T,650,4,1472,33734,1444,32797,135
T,651,4,1472,33734,1444,32797,135
T,652,4,1472,33734,1444,32797,135
T,653,4,1472,33734,1444,32797,135
T,654,4,1472,33734,1444,32797,135
T,655,4,1472,33734,1444,32797,135
T,656,4,1472,33734,1444,32797,135
T,657,4,1472,33734,1444,32797,135
T,658,4,1472,33734,1444,32797,135
T,659,4,1472,33734,1444,32797,135
T,660,4,1472,33734,1444,32797,135
T,661,4,1472,33734,1444,32797,135
T,662,4,1472,33734,1444,32797,135
T,663,4,1472,33734,1444,32797,135
T,664,4,1472,33734,1444,32797,135
T,665,4,1472,33734,1444,32797,135
T,666,4,1472,33735,1444,32797,135
T,667,4,1472,33734,1444,32797,135
T,668,4,1472,33734,1444,32797,135
T,669,4,1472,33734,1444,32797,135
T,670,4,1472,33734,1444,32797,137
T,671,4,1472,33734,1444,32797,137
T,672,4,1472,33734,1444,32797,137
T,673,4,1472,33734,1444,32797,135
T,674,4,1472,33734,1444,32797,135
T,675,4,1472,33734,1444,32797,135
T,676,4,1472,33734,1444,32797,135
T,677,4,1472,33734,1444,32797,135
T,678,4,1472,33734,1444,32797,135
T,679,4,1472,33734,1444,32797,135
T,680,4,1472,33734,1444,32797,135
T,681,4,1472,33734,1444,32797,135
T,682,4,1472,33734,1444,32797,135
T,683,4,1472,33734,1444,32797,135
T,684,4,1472,33734,1444,32797,135
T,685,4,1472,33734,1444,32797,135
T,686,4,1472,33734,1444,32797,135
T,687,4,1472,33734,1444,32797,135
T,688,4,1472,33734,1444,32797,135
T,689,4,1472,33734,1444,32797,135
T,690,4,1472,33734,1444,32797,137
T,691,4,1472,33734,1444,32797,137
T,692,4,1472,33734,1444,32797,135
T,693,4,1472,33735,1444,32797,135
T,694,4,1472,33734,1444,32797,135
T,695,4,1472,33734,1444,32797,135
T,696,4,1472,33734,1444,32797,137
T,697,4,1472,33735,1444,32797,135
T,698,4,1472,33734,1444,32797,135
T,699,4,1472,33734,1444,32797,135
T,700,4,1472,33734,1444,32797,135
T,701,4,1472,33734,1444,32797,135
T,702,4,1472,33734,1444,32797,135
T,703,4,1472,33734,1444,32797,135
T,704,4,1472,33735,1444,32797,135
T,705,4,1472,33734,1444,32797,135
T,706,4,1472,33734,1444,32797,135
T,707,4,1472,33734,1444,32797,135
T,708,4,1472,33734,1444,32797,137
T,709,4,1472,33734,1444,32797,135
T,710,4,1472,33735,1444,32797,135
T,711,4,1472,33734,1444,32797,135
T,712,4,1472,33734,1444,32797,135
T,713,4,1472,33734,1444,32797,135
T,714,4,1472,33734,1444,32797,137
T,715,4,1472,33734,1444,32797,137
T,716,4,1472,33734,1444,32797,135
T,717,4,1472,33734,1444,32797,135
T,718,4,1472,33734,1444,32797,135
T,719,4,1472,33734,1444,32797,135
T,720,4,1472,33734,1444,32797,135
T,721,4,1472,33734,1444,32797,135
T,722,4,1472,33735,1444,32797,135
T,723,4,1472,33734,1444,32797,135
T,724,4,1472,33734,1444,32797,135
T,725,4,1472,33734,1444,32797,135
T,726,4,1472,33734,1444,32797,135
T,727,4,1472,33734,1444,32797,135
T,728,4,1472,33734,1444,32797,135
T,729,4,1472,33734,1444,32797,135
T,730,4,1472,33734,1444,32797,135
T,731,4,1472,33734,1444,32797,135
T,732,4,1472,33734,1444,32797,135
T,733,4,1472,33734,1444,32797,137
T,734,4,1472,33734,1444,32797,137
T,735,4,1472,33734,1444,32797,137
T,736,4,1472,33734,1444,32797,135
T,737,4,1472,33734,1444,32797,135
T,738,4,1472,33734,1444,32797,135
T,739,4,1472,33734,1444,32797,135
T,740,4,1472,33734,1444,32797,135
T,741,4,1472,33734,1444,32797,135
T,742,4,1472,33734,1444,32797,135
T,743,4,1472,33734,1444,32797,135
T,744,4,1472,33734,1444,32797,135
T,745,4,1472,33734,1444,32797,135
T,746,4,1472,33734,1444,32797,135
T,747,4,1472,33734,1444,32797,135
T,748,4,1472,33734,1444,32797,135
T,749,4,1472,33734,1444,32797,135
T,750,4,1472,33734,1444,32797,135
T,751,4,1472,33734,1444,32797,135
T,752,4,1472,33734,1444,32797,135
T,753,4,1472,33734,1444,32797,137
T,754,4,1472,33734,1444,32797,135
T,755,4,1472,33734,1444,32797,135
T,756,4,1472,33734,1444,32797,135
T,757,4,1472,33734,1444,32797,135
T,758,4,1472,33734,1444,32797,135
T,759,4,1472,33735,1444,32797,135
T,760,4,1472,33734,1444,32797,135
T,761,4,1472,33734,1444,32797,135
T,762,4,1472,33734,1444,32797,135
T,763,4,1472,33734,1444,32797,135
T,764,4,1472,33734,1444,32797,137
T,765,4,1472,33734,1444,32797,137
T,766,4,1472,33734,1444,32797,137
T,767,4,1472,33734,1444,32797,135
T,768,4,1472,33734,1444,32797,135
T,769,4,1472,33734,1444,32797,135
T,770,4,1472,33734,1444,32797,135
T,771,4,1472,33734,1444,32797,135
T,772,4,1472,33734,1444,32797,135
T,773,4,1472,33734,1444,32797,135
T,774,4,1472,33734,1444,32797,135
T,775,4,1472,33734,1444,32797,135
T,776,4,1472,33734,1444,32797,135
T,777,4,1472,33734,1444,32797,135
T,778,4,1472,33734,1444,32797,135
T,779,4,1472,33734,1444,32797,135
T,780,4,1472,33734,1444,32797,135
T,781,4,1472,33734,1444,32797,135
T,782,4,1472,33734,1444,32797,135
T,783,4,1472,33734,1444,32797,135
T,784,4,1472,33734,1444,32797,135
T,785,4,1472,33734,1444,32797,135
T,786,4,1472,33734,1444,32797,137
T,787,4,1472,33734,1444,32797,137
T,788,4,1472,33734,1444,32797,135
T,789,4,1472,33734,1444,32797,135
T,790,4,1472,33735,1444,32797,137
T,791,4,1472,33734,1444,32797,137
T,792,4,1472,33734,1444,32797,137
T,793,4,1472,33734,1444,32797,135
T,794,4,1472,33734,1444,32797,135
T,795,4,1472,33734,1444,32797,135
T,796,4,1472,33734,1444,32797,135
T,797,4,1472,33734,1444,32797,135
T,798,4,1472,33735,1444,32797,135
T,799,4,1472,33734,1444,32797,135
T,800,4,1472,33734,1444,32797,135
T,801,4,1472,33734,1444,32797,135
T,802,4,1472,33734,1444,32797,135
T,803,4,1472,33734,1444,32797,135
T,804,4,1472,33734,1444,32797,135
T,805,4,1472,33734,1444,32797,135
T,806,4,1472,33734,1444,32797,135
T,807,4,1472,33734,1444,32797,135
T,808,4,1472,33734,1444,32797,137
T,809,4,1472,33734,1444,32797,137
T,810,4,1472,33735,1444,32797,135
T,811,4,1472,33735,1444,32797,135
T,812,4,1472,33734,1444,32797,135
T,813,4,1472,33734,1444,32797,135
T,814,4,1472,33735,1444,32797,135
T,815,4,1472,33734,1444,32797,135
T,816,4,1472,33734,1444,32797,137
T,817,4,1472,33734,1444,32797,135
T,818,4,1472,33734,1444,32797,137
T,819,4,1472,33734,1444,32797,135
T,820,4,1472,33734,1444,32797,135
T,821,4,1472,33734,1444,32797,135
T,822,4,1472,33735,1444,32797,135
T,823,4,1472,33734,1444,32797,135
T,824,4,1472,33734,1444,32797,135
T,825,4,1472,33734,1444,32797,135
T,826,4,1472,33734,1444,32797,135
T,827,4,1472,33734,1444,32797,137
T,828,4,1472,33734,1444,32797,137
T,829,4,1472,33734,1444,32797,137
T,830,4,1472,33735,1444,32797,135
T,831,4,1472,33734,1444,32797,135
T,832,4,1472,33734,1444,32797,135
T,833,4,1472,33734,1444,32797,135
T,834,4,1472,33734,1444,32797,135
T,835,4,1472,33734,1444,32797,137
T,836,4,1472,33734,1444,32797,135
T,837,4,1472,33734,1444,32797,135
T,838,4,1472,33734,1444,32797,135
T,839,4,1472,33734,1444,32797,135
T,840,4,1472,33734,1444,32797,135
T,841,4,1472,33734,1444,32797,135
T,842,4,1472,33734,1444,32797,135
T,843,4,1472,33734,1444,32797,135
T,844,4,1472,33734,1444,32797,135
T,845,4,1472,33734,1444,32797,135
T,846,4,1472,33734,1444,32797,135
T,847,4,1472,33734,1444,32797,135
T,848,4,1472,33734,1444,32797,135
T,849,4,1472,33734,1444,32797,135
T,850,4,1472,33734,1444,32797,135
T,851,4,1472,33734,1444,32797,135
T,852,4,1472,33735,1444,32797,135
T,853,4,1472,33734,1444,32797,137
T,854,4,1472,33734,1444,32797,135
T,855,4,1472,33734,1444,32797,135
T,856,4,1472,33734,1444,32797,135
T,857,4,1472,33734,1444,32797,135
T,858,4,1472,33734,1444,32797,137
T,859,4,1472,33734,1444,32797,137
T,860,4,1472,33734,1444,32797,137
T,861,4,1472,33734,1444,32797,135
T,862,4,1472,33735,1444,32797,135
T,863,4,1472,33734,1444,32797,135
T,864,4,1472,33734,1444,32797,135
T,865,4,1472,33734,1444,32797,135
T,866,4,1472,33734,1444,32797,135
T,867,4,1472,33734,1444,32797,135
T,868,4,1472,33734,1444,32797,135
T,869,4,1472,33734,1444,32797,135
T,870,4,1472,33734,1444,32797,135
T,871,4,1472,33734,1444,32797,137
T,872,4,1472,33734,1444,32797,137
T,873,4,1472,33734,1444,32797,137
T,874,4,1472,33735,1444,32797,135
T,875,4,1472,33734,1444,32797,135
T,876,4,1472,33734,1444,32797,135
T,877,4,1472,33734,1444,32797,135
T,878,4,1472,33735,1444,32797,135
T,879,4,1472,33734,1444,32797,137
T,880,4,1472,33734,1444,32797,135
T,881,4,1472,33734,1444,32797,135
T,882,4,1472,33734,1444,32797,135
T,883,4,1472,33735,1444,32797,135
T,884,4,1472,33734,1444,32797,135
T,885,4,1472,33734,1444,32797,135
T,886,4,1472,33734,1444,32797,135
T,887,4,1472,33734,1444,32797,135
T,888,4,1472,33734,1444,32797,135
T,889,4,1472,33734,1444,32797,135
T,890,4,1472,33734,1444,32797,137
T,891,4,1472,33735,1444,32797,137
T,892,4,1472,33734,1444,32797,137
T,893,4,1472,33734,1444,32797,135
T,894,4,1472,33734,1444,32797,135
T,895,4,1472,33734,1444,32797,135
T,896,4,1472,33735,1444,32797,135
T,897,4,1472,33735,1444,32797,135
T,898,4,1472,33734,1444,32797,135
T,899,4,1472,33735,1444,32797,135
T,900,4,1472,33734,1444,32797,135
T,901,4,1472,33734,1444,32797,135
T,902,4,1472,33734,1444,32797,135
T,903,4,1472,33734,1444,32797,137
T,904,4,1472,33734,1444,32797,137
T,905,4,1472,33734,1444,32797,135
T,906,4,1472,33735,1444,32797,135
T,907,4,1472,33734,1444,32797,135
T,908,4,1472,33734,1444,32797,135
T,909,4,1472,33734,1444,32797,135
T,910,4,1472,33734,1444,32797,135
T,911,4,1472,33735,1444,32797,135
T,912,4,1472,33734,1444,32797,135
T,913,4,1472,33734,1444,32797,135
T,914,4,1472,33734,1444,32797,135
T,915,4,1472,33734,1444,32797,135
T,916,4,1472,33734,1444,32797,135
T,917,4,1472,33734,1444,32797,135
T,918,4,1472,33734,1444,32797,135
T,919,4,1472,33734,1444,32797,135
T,920,4,1472,33734,1444,32797,135
T,921,4,1472,33734,1444,32797,135
T,922,4,1472,33734,1444,32797,137
T,923,4,1472,33734,1444,32797,137
T,924,4,1472,33734,1444,32797,135
T,925,4,1472,33734,1444,32797,135
T,926,4,1472,33734,1444,32797,135
T,927,4,1472,33734,1444,32797,135
T,928,4,1472,33734,1444,32797,135
T,929,4,1472,33734,1444,32797,135
T,930,4,1472,33734,1444,32797,135
T,931,4,1472,33734,1444,32797,137
T,932,4,1472,33734,1444,32797,135
T,933,4,1472,33734,1444,32797,135
T,934,4,1472,33735,1444,32797,135
T,935,4,1472,33734,1444,32797,135
T,936,4,1472,33734,1444,32797,135
T,937,4,1472,33734,1444,32797,135
T,938,4,1472,33734,1444,32797,135
T,939,4,1472,33734,1444,32797,135
T,940,4,1472,33734,1444,32797,135
T,941,4,1472,33735,1444,32797,135
T,942,4,1472,33734,1444,32797,137
T,943,4,1472,33734,1444,32797,137
T,944,4,1472,33734,1444,32797,135
T,945,4,1472,33734,1444,32797,135
T,946,4,1472,33734,1444,32797,135
T,947,4,1472,33734,1444,32797,135
T,948,4,1472,33734,1444,32797,135
T,949,4,1472,33734,1444,32797,135
T,950,4,1472,33734,1444,32797,135
T,951,4,1472,33734,1444,32797,135
T,952,4,1472,33734,1444,32797,135
T,953,4,1472,33734,1444,32797,135
T,954,4,1472,33734,1444,32797,137
T,955,4,1472,33734,1444,32797,135
T,956,4,1472,33734,1444,32797,135
T,957,4,1472,33734,1444,32797,135
T,958,4,1472,33734,1444,32797,135
T,959,4,1472,33734,1444,32797,135
T,960,4,1472,33734,1444,32797,135
T,961,4,1472,33734,1444,32797,135
T,962,4,1472,33734,1444,32797,137
T,963,4,1472,33734,1444,32797,137
T,964,4,1472,33734,1444,32797,135
T,965,4,1472,33734,1444,32797,135
T,966,4,1472,33734,1444,32797,135
T,967,4,1472,33734,1444,32797,135
T,968,4,1472,33734,1444,32797,135
T,969,4,1472,33734,1444,32797,135
T,970,4,1472,33734,1444,32797,135
T,971,4,1472,33734,1444,32797,135
T,972,4,1472,33734,1444,32797,135
T,973,4,1472,33734,1444,32797,135
T,974,4,1472,33734,1444,32797,135
T,975,4,1472,33734,1444,32797,135
T,976,4,1472,33734,1444,32797,135
T,977,4,1472,33734,1444,32797,135
T,978,4,1472,33734,1444,32797,135
T,979,4,1472,33734,1444,32797,135
T,980,4,1472,33734,1444,32797,137
T,981,4,1472,33734,1444,32797,135
T,982,4,1472,33735,1444,32797,135
T,983,4,1472,33734,1444,32797,135
T,984,4,1472,33734,1444,32797,135
T,985,4,1472,33734,1444,32797,135
T,986,4,1472,33734,1444,32797,135
T,987,4,1472,33734,1444,32797,135
T,988,4,1472,33734,1444,32797,135
T,989,4,1472,33734,1444,32797,135
T,990,4,1472,33734,1444,32797,135
T,991,4,1472,33734,1444,32797,135
T,992,4,1472,33734,1444,32797,135
T,993,4,1472,33735,1444,32797,135
T,994,4,1472,33734,1444,32797,135
T,995,4,1472,33734,1444,32797,135
T,996,4,1472,33734,1444,32797,135
T,997,4,1472,33734,1444,32797,135
T,998,4,1472,33734,1444,32797,135
T,999,4,1472,33734,1444,32797,135
T,1000,4,1472,33734,1444,32797,137
T,1001,4,1472,33734,1444,32797,137
T,1002,4,1472,33734,1444,32797,139
T,1003,4,1472,33734,1444,32797,137
T,1004,4,1472,33734,1444,32797,137
T,1005,4,1472,33734,1444,32797,137
T,1006,4,1472,33734,1444,32797,137
T,1007,4,1472,33734,1444,32797,137
T,1008,4,1472,33734,1444,32797,137
T,1009,4,1472,33734,1444,32797,137
T,1010,4,1472,33734,1444,32797,137
T,1011,4,1472,33734,1444,32797,137
T,1012,4,1472,33734,1444,32797,137
T,1013,4,1472,33734,1444,32797,137
T,1014,4,1472,33734,1444,32797,138
T,1015,4,1472,33734,1444,32797,139
T,1016,4,1472,33734,1444,32797,137
T,1017,4,1472,33734,1444,32797,137
T,1018,4,1472,33735,1444,32797,137
T,1019,4,1472,33735,1444,32797,137
T,1020,4,1472,33734,1444,32797,137
T,1021,4,1472,33734,1444,32797,137
T,1022,4,1472,33734,1444,32797,137
T,1023,4,1472,33735,1444,32797,137
T,1024,4,1472,33734,1444,32797,137
T,1025,4,1472,33734,1444,32797,137
T,1026,4,1472,33734,1444,32797,137
T,1027,4,1472,33734,1444,32797,137
T,1028,4,1472,33734,1444,32797,137
T,1029,4,1472,33734,1444,32797,137
T,1030,4,1472,33734,1444,32797,137
T,1031,4,1472,33735,1444,32797,137
T,1032,4,1472,33734,1444,32797,137
T,1033,4,1472,33734,1444,32797,138
T,1034,4,1472,33734,1444,32797,138
T,1035,4,1472,33734,1444,32797,139
T,1036,4,1472,33734,1444,32797,137
T,1037,4,1472,33734,1444,32797,137
T,1038,4,1472,33734,1444,32797,137
T,1039,4,1472,33734,1444,32797,137
T,1040,4,1472,33734,1444,32797,137
T,1041,4,1472,33734,1444,32797,137
T,1042,4,1472,33734,1444,32797,137
T,1043,4,1472,33735,1444,32797,137
T,1044,4,1472,33734,1444,32797,137
T,1045,4,1472,33734,1444,32797,137
T,1046,4,1472,33734,1444,32797,138
T,1047,4,1472,33734,1444,32797,137
T,1048,4,1472,33734,1444,32797,137
T,1049,4,1472,33735,1444,32797,137
T,1050,4,1472,33734,1444,32797,137
T,1051,4,1472,33734,1444,32797,137
T,1052,4,1472,33734,1444,32797,138
T,1053,4,1472,33734,1444,32797,138
T,1054,4,1472,33734,1444,32797,137
T,1055,4,1472,33734,1444,32797,137
T,1056,4,1472,33734,1444,32797,137
T,1057,4,1472,33734,1444,32797,137
T,1058,4,1472,33734,1444,32797,137
T,1059,4,1472,33734,1444,32797,137
T,1060,4,1472,33734,1444,32797,137
T,1061,4,1472,33734,1444,32797,137
T,1062,4,1472,33734,1444,32797,137
T,1063,4,1472,33734,1444,32797,137
T,1064,4,1472,33734,1444,32797,138
T,1065,4,1472,33735,1444,32797,138
T,1066,4,1472,33734,1444,32797,138
T,1067,4,1472,33734,1444,32797,137
T,1068,4,1472,33734,1444,32797,137
T,1069,4,1472,33734,1444,32797,137
T,1070,4,1472,33734,1444,32797,137
T,1071,4,1472,33734,1444,32797,137
T,1072,4,1472,33734,1444,32797,137
T,1073,4,1472,33734,1444,32797,139
T,1074,4,1472,33734,1444,32797,137
T,1075,4,1472,33735,1444,32797,137
T,1076,4,1472,33734,1444,32797,137
T,1077,4,1472,33735,1444,32797,137
T,1078,4,1472,33734,1444,32797,137
T,1079,4,1472,33734,1444,32797,137
T,1080,4,1472,33734,1444,32797,137
T,1081,4,1472,33734,1444,32797,137
T,1082,4,1472,33734,1444,32797,137
T,1083,4,1472,33734,1444,32797,138
T,1084,4,1472,33734,1444,32797,138
T,1085,4,1472,33734,1444,32797,137
T,1086,4,1472,33734,1444,32797,137
T,1087,4,1472,33735,1444,32797,137
T,1088,4,1472,33735,1444,32797,137
T,1089,4,1472,33734,1444,32797,137
T,1090,4,1472,33734,1444,32797,137
T,1091,4,1472,33734,1444,32797,137
T,1092,4,1472,33734,1444,32797,137
T,1093,4,1472,33734,1444,32797,137
T,1094,4,1472,33734,1444,32797,137
T,1095,4,1472,33734,1444,32797,137
T,1096,4,1472,33734,1444,32797,137
T,1097,4,1472,33734,1444,32797,137
T,1098,4,1472,33734,1444,32797,137
T,1099,4,1472,33734,1444,32797,137
T,1100,4,1472,33734,1444,32797,137
T,1101,4,1472,33734,1444,32797,137
T,1102,4,1472,33734,1444,32797,137
T,1103,4,1472,33734,1444,32797,138
T,1104,4,1472,33734,1444,32797,138
T,1105,4,1472,33735,1444,32797,137
T,1106,4,1472,33734,1444,32797,137
T,1107,4,1472,33734,1444,32797,137
T,1108,4,1472,33734,1444,32797,137
T,1109,4,1472,33734,1444,32797,137
T,1110,4,1472,33734,1444,32797,137
T,1111,4,1472,33734,1444,32797,137
T,1112,4,1472,33734,1444,32797,137
T,1113,4,1472,33735,1444,32797,137
T,1114,4,1472,33734,1444,32797,137
T,1115,4,1472,33734,1444,32797,137
T,1116,4,1472,33734,1444,32797,138
T,1117,4,1472,33734,1444,32797,137
T,1118,4,1472,33734,1444,32797,137
T,1119,4,1472,33734,1444,32797,137
T,1120,4,1472,33734,1444,32797,137
T,1121,4,1472,33734,1444,32797,137
T,1122,4,1472,33734,1444,32797,137
T,1123,4,1472,33734,1444,32797,139
T,1124,4,1472,33734,1444,32797,137
T,1125,4,1472,33734,1444,32797,137
T,1126,4,1472,33734,1444,32797,137
T,1127,4,1472,33734,1444,32797,137
T,1128,4,1472,33734,1444,32797,137
T,1129,4,1472,33734,1444,32797,137
T,1130,4,1472,33734,1444,32797,137
T,1131,4,1472,33734,1444,32797,137
T,1132,4,1472,33734,1444,32797,137
T,1133,4,1472,33734,1444,32797,137
T,1134,4,1472,33734,1444,32797,137
T,1135,4,1472,33734,1444,32797,137
T,1136,4,1472,33734,1444,32797,139
T,1137,4,1472,33734,1444,32797,137
T,1138,4,1472,33734,1444,32797,137
T,1139,4,1472,33734,1444,32797,137
T,1140,4,1472,33734,1444,32797,137
T,1141,4,1472,33734,1444,32797,137
T,1142,4,1472,33734,1444,32797,137
T,1143,4,1472,33735,1444,32797,137
T,1144,4,1472,33734,1444,32797,137
T,1145,4,1472,33734,1444,32797,137
T,1146,4,1472,33734,1444,32797,137
T,1147,4,1472,33734,1444,32797,137
T,1148,4,1472,33734,1444,32797,138
T,1149,4,1472,33734,1444,32797,138
T,1150,4,1472,33734,1444,32797,139
T,1151,4,1472,33734,1444,32797,137
T,1152,4,1472,33734,1444,32797,137
T,1153,4,1472,33734,1444,32797,137
T,1154,4,1472,33734,1444,32797,137
T,1155,4,1472,33734,1444,32797,137
T,1156,4,1472,33734,1444,32797,137
T,1157,4,1472,33734,1444,32797,137
T,1158,4,1472,33734,1444,32797,137
T,1159,4,1472,33734,1444,32797,137
T,1160,4,1472,33734,1444,32797,137
T,1161,4,1472,33734,1444,32797,138
T,1162,4,1472,33734,1444,32797,139
T,1163,4,1472,33734,1444,32797,137
T,1164,4,1472,33734,1444,32797,137
T,1165,4,1472,33734,1444,32797,137
T,1166,4,1472,33735,1444,32797,137
T,1167,4,1472,33734,1444,32797,137
T,1168,4,1472,33734,1444,32797,137
T,1169,4,1472,33734,1444,32797,138
T,1170,4,1472,33734,1444,32797,137
T,1171,4,1472,33734,1444,32797,137
T,1172,4,1472,33734,1444,32797,137
T,1173,4,1472,33734,1444,32797,137
T,1174,4,1472,33734,1444,32797,137
T,1175,4,1472,33735,1444,32797,137
T,1176,4,1472,33734,1444,32797,137
T,1177,4,1472,33734,1444,32797,137
T,1178,4,1472,33734,1444,32797,137
T,1179,4,1472,33734,1444,32797,138
T,1180,4,1472,33734,1444,32797,138
T,1181,4,1472,33735,1444,32797,137
T,1182,4,1472,33734,1444,32797,139
T,1183,4,1472,33734,1444,32797,137
T,1184,4,1472,33735,1444,32797,137
T,1185,4,1472,33734,1444,32797,137
T,1186,4,1472,33734,1444,32797,137
T,1187,4,1472,33734,1444,32797,137
T,1188,4,1472,33734,1444,32797,137
T,1189,4,1472,33734,1444,32797,137
T,1190,4,1472,33734,1444,32797,137
T,1191,4,1472,33734,1444,32797,137
T,1192,4,1472,33734,1444,32797,138
T,1193,4,1472,33735,1444,32797,137
T,1194,4,1472,33734,1444,32797,137
T,1195,4,1472,33734,1444,32797,137
T,1196,4,1472,33734,1444,32797,137
T,1197,4,1472,33734,1444,32797,137
T,1198,4,1472,33734,1444,32797,137
T,1199,4,1472,33735,1444,32797,137
T,1200,4,1472,33734,1444,32797,139
T,1201,4,1472,33734,1444,32797,139
T,1202,4,1472,33734,1444,32797,139
T,1203,4,1472,33734,1444,32797,137
T,1204,4,1472,33734,1444,32797,137
T,1205,4,1472,33734,1444,32797,137
T,1206,4,1472,33734,1444,32797,137
T,1207,4,1472,33734,1444,32797,137
T,1208,4,1472,33734,1444,32797,137
T,1209,4,1472,33734,1444,32797,137
T,1210,4,1472,33735,1444,32797,137
T,1211,4,1472,33734,1444,32797,137
T,1212,4,1472,33735,1444,32797,138
T,1213,4,1472,33735,1444,32797,138
T,1214,4,1472,33734,1444,32797,137
T,1215,4,1472,33734,1444,32797,137
T,1216,4,1472,33734,1444,32797,137
T,1217,4,1472,33734,1444,32797,137
T,1218,4,1472,33734,1444,32797,137
T,1219,4,1472,33734,1444,32797,137
T,1220,4,1472,33734,1444,32797,137
T,1221,4,1472,33734,1444,32797,137
T,1222,4,1472,33735,1444,32797,137
T,1223,4,1472,33734,1444,32797,137
T,1224,4,1472,33734,1444,32797,137
T,1225,4,1472,33734,1444,32797,137
T,1226,4,1472,33734,1444,32797,137
T,1227,4,1472,33734,1444,32797,137
T,1228,4,1472,33734,1444,32797,137
T,1229,4,1472,33734,1444,32797,137
T,1230,4,1472,33734,1444,32797,137
T,1231,4,1472,33734,1444,32797,137
T,1232,4,1472,33734,1444,32797,138
T,1233,4,1472,33734,1444,32797,137
T,1234,4,1472,33734,1444,32797,137
T,1235,4,1472,33734,1444,32797,137
T,1236,4,1472,33734,1444,32797,137
T,1237,4,1472,33734,1444,32797,137
T,1238,4,1472,33734,1444,32797,137
T,1239,4,1472,33734,1444,32797,137
T,1240,4,1472,33734,1444,32797,137
T,1241,4,1472,33734,1444,32797,137
T,1242,4,1472,33734,1444,32797,137
T,1243,4,1472,33735,1444,32797,138
T,1244,4,1472,33734,1444,32797,138
T,1245,4,1472,33734,1444,32797,138
T,1246,4,1472,33735,1444,32797,137
T,1247,4,1472,33734,1444,32797,137
T,1248,4,1472,33734,1444,32797,137
T,1249,4,1472,33734,1444,32797,137
T,1250,4,1472,33734,1444,32797,137
T,1251,4,1472,33734,1444,32797,139
T,1252,4,1472,33734,1444,32797,137
T,1253,4,1472,33734,1444,32797,137
T,1254,4,1472,33734,1444,32797,137
T,1255,4,1472,33734,1444,32797,137
T,1256,4,1472,33734,1444,32797,137
T,1257,4,1472,33734,1444,32797,137
T,1258,4,1472,33734,1444,32797,137
T,1259,4,1472,33734,1444,32797,137
T,1260,4,1472,33734,1444,32797,137
T,1261,4,1472,33734,1444,32797,137
T,1262,4,1472,33734,1444,32797,137
T,1263,4,1472,33734,1444,32797,137
T,1264,4,1472,33734,1444,32797,138
T,1265,4,1472,33734,1444,32797,137
T,1266,4,1472,33735,1444,32797,137
T,1267,4,1472,33734,1444,32797,137
T,1268,4,1472,33734,1444,32797,137
T,1269,4,1472,33735,1444,32797,137
T,1270,4,1472,33735,1444,32797,137
T,1271,4,1472,33734,1444,32797,137
T,1272,4,1472,33734,1444,32797,137
T,1273,4,1472,33734,1444,32797,137
T,1274,4,1472,33734,1444,32797,137
T,1275,4,1472,33734,1444,32797,137
T,1276,4,1472,33734,1444,32797,137
T,1277,4,1472,33734,1444,32797,138
T,1278,4,1472,33734,1444,32797,137
T,1279,4,1472,33734,1444,32797,137
T,1280,4,1472,33734,1444,32797,137
T,1281,4,1472,33734,1444,32797,137
T,1282,4,1472,33734,1444,32797,137
T,1283,4,1472,33735,1444,32797,137
T,1284,4,1472,33734,1444,32797,137
T,1285,4,1472,33734,1444,32797,137
T,1286,4,1472,33734,1444,32797,137
T,1287,4,1472,33735,1444,32797,137
T,1288,4,1472,33734,1444,32797,137
T,1289,4,1472,33734,1444,32797,138
T,1290,4,1472,33734,1444,32797,139
T,1291,4,1472,33734,1444,32797,139
T,1292,4,1472,33734,1444,32797,137
T,1293,4,1472,33734,1444,32797,137
T,1294,4,1472,33735,1444,32797,137
T,1295,4,1472,33734,1444,32797,137
T,1296,4,1472,33734,1444,32797,137
T,1297,4,1472,33734,1444,32797,137
T,1298,4,1472,33734,1444,32797,137
T,1299,4,1472,33734,1444,32797,137
T,1300,4,1472,33734,1444,32797,137
T,1301,4,1472,33734,1444,32797,137
T,1302,4,1472,33734,1444,32797,137
T,1303,4,1472,33734,1444,32797,137
T,1304,4,1472,33734,1444,32797,137
T,1305,4,1472,33734,1444,32797,137
T,1306,4,1472,33734,1444,32797,137
T,1307,4,1472,33734,1444,32797,137
T,1308,4,1472,33734,1444,32797,138
T,1309,4,1472,33734,1444,32797,139
T,1310,4,1472,33734,1444,32797,139
T,1311,4,1472,33734,1444,32797,137
T,1312,4,1472,33734,1444,32797,137
T,1313,4,1472,33734,1444,32797,137
T,1314,4,1472,33734,1444,32797,137
T,1315,4,1472,33734,1444,32797,137
T,1316,4,1472,33735,1444,32797,137
T,1317,4,1472,33734,1444,32797,137
T,1318,4,1472,33734,1444,32797,137
T,1319,4,1472,33734,1444,32797,137
T,1320,4,1472,33734,1444,32797,137
T,1321,4,1472,33734,1444,32797,138
T,1322,4,1472,33734,1444,32797,139
T,1323,4,1472,33734,1444,32797,137
T,1324,4,1472,33734,1444,32797,137
T,1325,4,1472,33734,1444,32797,137
T,1326,4,1472,33734,1444,32797,138
T,1327,4,1472,33734,1444,32797,138
T,1328,4,1472,33734,1444,32797,137
T,1329,4,1472,33734,1444,32797,137
T,1330,4,1472,33734,1444,32797,137
T,1331,4,1472,33734,1444,32797,137
T,1332,4,1472,33734,1444,32797,137
T,1333,4,1472,33734,1444,32797,137
T,1334,4,1472,33734,1444,32797,137
T,1335,4,1472,33734,1444,32797,137
T,1336,4,1472,33734,1444,32797,137
T,1337,4,1472,33734,1444,32797,137
T,1338,4,1472,33734,1444,32797,137
T,1339,4,1472,33734,1444,32797,138
T,1340,4,1472,33734,1444,32797,138
T,1341,4,1472,33734,1444,32797,139
T,1342,4,1472,33735,1444,32797,137
T,1343,4,1472,33734,1444,32797,137
T,1344,4,1472,33734,1444,32797,137
T,1345,4,1472,33735,1444,32797,137
T,1346,4,1472,33734,1444,32797,137
T,1347,4,1472,33734,1444,32797,137
T,1348,4,1472,33734,1444,32797,137
T,1349,4,1472,33734,1444,32797,137
T,1350,4,1472,33734,1444,32797,137
T,1351,4,1472,33734,1444,32797,137
T,1352,4,1472,33734,1444,32797,137
T,1353,4,1472,33735,1444,32797,137
T,1354,4,1472,33734,1444,32797,137
T,1355,4,1472,33734,1444,32797,137
T,1356,4,1472,33734,1444,32797,137
T,1357,4,1472,33734,1444,32797,137
T,1358,4,1472,33734,1444,32797,137
T,1359,4,1472,33734,1444,32797,138
T,1360,4,1472,33734,1444,32797,139
T,1361,4,1472,33734,1444,32797,139
T,1362,4,1472,33734,1444,32797,139
T,1363,4,1472,33734,1444,32797,137
T,1364,4,1472,33734,1444,32797,137
T,1365,4,1472,33734,1444,32797,137
T,1366,4,1472,33734,1444,32797,137
T,1367,4,1472,33734,1444,32797,137
T,1368,4,1472,33734,1444,32797,137
T,1369,4,1472,33734,1444,32797,137
T,1370,4,1472,33734,1444,32797,137
T,1371,4,1472,33734,1444,32797,137
T,1372,4,1472,33734,1444,32797,137
T,1373,4,1472,33734,1444,32797,137
T,1374,4,1472,33734,1444,32797,137
T,1375,4,1472,33734,1444,32797,137
T,1376,4,1472,33734,1444,32797,137
T,1377,4,1472,33734,1444,32797,137
T,1378,4,1472,33734,1444,32797,137
T,1379,4,1472,33734,1444,32797,139
T,1380,4,1472,33734,1444,32797,137
T,1381,4,1472,33734,1444,32797,137
T,1382,4,1472,33734,1444,32797,137
T,1383,4,1472,33734,1444,32797,137
T,1384,4,1472,33734,1444,32797,137
T,1385,4,1472,33734,1444,32797,138
T,1386,4,1472,33734,1444,32797,137
T,1387,4,1472,33734,1444,32797,137
T,1388,4,1472,33734,1444,32797,137
T,1389,4,1472,33735,1444,32797,137
T,1390,4,1472,33735,1444,32797,137
T,1391,4,1472,33734,1444,32797,137
T,1392,4,1472,33734,1444,32797,137
T,1393,4,1472,33734,1444,32797,137
T,1394,4,1472,33734,1444,32797,137
T,1395,4,1472,33734,1444,32797,137
T,1396,4,1472,33734,1444,32797,137
T,1397,4,1472,33734,1444,32797,137
T,1398,4,1472,33734,1444,32797,138
T,1399,4,1472,33735,1444,32797,137
T,1400,4,1472,33734,1444,32797,137
T,1401,4,1472,33734,1444,32797,137
T,1402,4,1472,33734,1444,32797,137
T,1403,4,1472,33734,1444,32797,137
T,1404,4,1472,33734,1444,32797,137
T,1405,4,1472,33734,1444,32797,137
T,1406,4,1472,33734,1444,32797,137
T,1407,4,1472,33734,1444,32797,137
T,1408,4,1472,33734,1444,32797,137
T,1409,4,1472,33734,1444,32797,137
T,1410,4,1472,33734,1444,32797,138
T,1411,4,1472,33735,1444,32797,139
T,1412,4,1472,33734,1444,32797,137
T,1413,4,1472,33734,1444,32797,137
T,1414,4,1472,33734,1444,32797,137
T,1415,4,1472,33734,1444,32797,137
T,1416,4,1472,33734,1444,32797,137
T,1417,4,1472,33734,1444,32797,138
T,1418,4,1472,33734,1444,32797,137
T,1419,4,1472,33734,1444,32797,137
T,1420,4,1472,33734,1444,32797,137
T,1421,4,1472,33734,1444,32797,137
T,1422,4,1472,33734,1444,32797,137
T,1423,4,1472,33734,1444,32797,137
T,1424,4,1472,33734,1444,32797,137
T,1425,4,1472,33734,1444,32797,137
T,1426,4,1472,33734,1444,32797,137
T,1427,4,1472,33734,1444,32797,137
T,1428,4,1472,33734,1444,32797,137
T,1429,4,1472,33734,1444,32797,137
T,1430,4,1472,33734,1444,32797,139
T,1431,4,1472,33735,1444,32797,137
T,1432,4,1472,33734,1444,32797,137
T,1433,4,1472,33735,1444,32797,137
T,1434,4,1472,33734,1444,32797,137
T,1435,4,1472,33734,1444,32797,137
T,1436,4,1472,33735,1444,32797,137
T,1437,4,1472,33734,1444,32797,137
T,1438,4,1472,33734,1444,32797,137
T,1439,4,1472,33734,1444,32797,137
T,1440,4,1472,33734,1444,32797,137
T,1441,4,1472,33734,1444,32797,137
T,1442,4,1472,33734,1444,32797,137
T,1443,4,1472,33734,1444,32797,139
T,1444,4,1472,33734,1444,32797,137
T,1445,4,1472,33734,1444,32797,137
T,1446,4,1472,33734,1444,32797,137
T,1447,4,1472,33735,1444,32797,137
T,1448,4,1472,33734,1444,32797,137
T,1449,4,1472,33734,1444,32797,137
T,1450,4,1472,33735,1444,32797,137
T,1451,4,1472,33734,1444,32797,137
T,1452,4,1472,33734,1444,32797,137
T,1453,4,1472,33734,1444,32797,137
T,1454,4,1472,33735,1444,32797,137
T,1455,4,1472,33734,1444,32797,138
T,1456,4,1472,33735,1444,32797,138
T,1457,4,1472,33735,1444,32797,139
T,1458,4,1472,33734,1444,32797,137
T,1459,4,1472,33734,1444,32797,137
T,1460,4,1472,33734,1444,32797,137
T,1461,4,1472,33735,1444,32797,137
T,1462,4,1472,33734,1444,32797,137
T,1463,4,1472,33734,1444,32797,137
T,1464,4,1472,33734,1444,32797,137
T,1465,4,1472,33734,1444,32797,137
T,1466,4,1472,33734,1444,32797,137
T,1467,4,1472,33734,1444,32797,138
T,1468,4,1472,33734,1444,32797,137
T,1469,4,1472,33734,1444,32797,138
T,1470,4,1472,33734,1444,32797,137
T,1471,4,1472,33734,1444,32797,137
T,1472,4,1472,33735,1444,32797,137
T,1473,4,1472,33734,1444,32797,137
T,1474,4,1472,33735,1444,32797,137
T,1475,4,1472,33734,1444,32797,139
T,1476,4,1472,33734,1444,32797,137
T,1477,4,1472,33734,1444,32797,137
T,1478,4,1472,33734,1444,32797,137
T,1479,4,1472,33734,1444,32797,137
T,1480,4,1472,33735,1444,32797,137
T,1481,4,1472,33734,1444,32797,137
T,1482,4,1472,33734,1444,32797,137
T,1483,4,1472,33735,1444,32797,137
T,1484,4,1472,33734,1444,32797,137
T,1485,4,1472,33734,1444,32797,137
T,1486,4,1472,33735,1444,32797,137
T,1487,4,1472,33735,1444,32797,138
T,1488,4,1472,33734,1444,32797,139
T,1489,4,1472,33734,1444,32797,139
T,1490,4,1472,33735,1444,32797,137
T,1491,4,1472,33734,1444,32797,137
T,1492,4,1472,33734,1444,32797,137
T,1493,4,1472,33734,1444,32797,137
T,1494,4,1472,33734,1444,32797,137
T,1495,4,1472,33734,1444,32797,137
T,1496,4,1472,33734,1444,32797,137
T,1497,4,1472,33734,1444,32797,137
T,1498,4,1472,33734,1444,32797,137
T,1499,4,1472,33734,1444,32797,137
T,1500,4,1472,33734,1444,32797,138
T,1501,4,1472,33734,1444,32797,137
T,1502,4,1472,33734,1444,32797,137
T,1503,4,1472,33734,1444,32797,137
T,1504,4,1472,33734,1444,32797,137
T,1505,4,1472,33734,1444,32797,137
T,1506,4,1472,33734,1444,32797,137
T,1507,4,1472,33734,1444,32797,137
T,1508,4,1472,33735,1444,32797,137
T,1509,4,1472,33734,1444,32797,137
T,1510,4,1472,33734,1444,32797,137
T,1511,4,1472,33734,1444,32797,137
T,1512,4,1472,33734,1444,32797,137
T,1513,4,1472,33734,1444,32797,137
T,1514,4,1472,33734,1444,32797,137
T,1515,4,1472,33734,1444,32797,137
T,1516,4,1472,33734,1444,32797,137
T,1517,4,1472,33734,1444,32797,137
T,1518,4,1472,33734,1444,32797,137
T,1519,4,1472,33734,1444,32797,138
T,1520,4,1472,33734,1444,32797,139
T,1521,4,1472,33734,1444,32797,139
T,1522,4,1472,33734,1444,32797,139
T,1523,4,1472,33734,1444,32797,137
T,1524,4,1472,33734,1444,32797,137
T,1525,4,1472,33734,1444,32797,137
T,1526,4,1472,33734,1444,32797,137
T,1527,4,1472,33734,1444,32797,137
T,1528,4,1472,33734,1444,32797,137
T,1529,4,1472,33734,1444,32797,137
T,1530,4,1472,33734,1444,32797,137
T,1531,4,1472,33734,1444,32797,137
T,1532,4,1472,33734,1444,32797,138
T,1533,4,1472,33734,1444,32797,137
T,1534,4,1472,33734,1444,32797,137
T,1535,4,1472,33734,1444,32797,137
T,1536,4,1472,33734,1444,32797,137
T,1537,4,1472,33734,1444,32797,137
T,1538,4,1472,33734,1444,32797,137
T,1539,4,1472,33734,1444,32797,137
T,1540,4,1472,33734,1444,32797,137
T,1541,4,1472,33734,1444,32797,137
T,1542,4,1472,33734,1444,32797,137
T,1543,4,1472,33734,1444,32797,137
T,1544,4,1472,33734,1444,32797,137
T,1545,4,1472,33734,1444,32797,139
T,1546,4,1472,33734,1444,32797,139
T,1547,4,1472,33734,1444,32797,139
T,1548,4,1472,33734,1444,32797,137
T,1549,4,1472,33734,1444,32797,137
T,1550,4,1472,33734,1444,32797,137
T,1551,4,1472,33734,1444,32797,137
T,1552,4,1472,33734,1444,32797,137
T,1553,4,1472,33734,1444,32797,137
T,1554,4,1472,33734,1444,32797,137
T,1555,4,1472,33734,1444,32797,137
T,1556,4,1472,33734,1444,32797,137
T,1557,4,1472,33734,1444,32797,137
T,1558,4,1472,33734,1444,32797,138
T,1559,4,1472,33734,1444,32797,139
T,1560,4,1472,33734,1444,32797,137
T,1561,4,1472,33734,1444,32797,137
T,1562,4,1472,33734,1444,32797,137
T,1563,4,1472,33734,1444,32797,137
T,1564,4,1472,33735,1444,32797,138
T,1565,4,1472,33734,1444,32797,139
T,1566,4,1472,33735,1444,32797,137
T,1567,4,1472,33734,1444,32797,137
T,1568,4,1472,33734,1444,32797,137
T,1569,4,1472,33734,1444,32797,137
T,1570,4,1472,33734,1444,32797,137
T,1571,4,1472,33734,1444,32797,137
T,1572,4,1472,33735,1444,32797,137
T,1573,4,1472,33734,1444,32797,137
T,1574,4,1472,33734,1444,32797,137
T,1575,4,1472,33734,1444,32797,137
T,1576,4,1472,33735,1444,32797,137
T,1577,4,1472,33735,1444,32797,138
T,1578,4,1472,33734,1444,32797,138
T,1579,4,1472,33735,1444,32797,137
T,1580,4,1472,33734,1444,32797,137
T,1581,4,1472,33734,1444,32797,137
T,1582,4,1472,33734,1444,32797,137
T,1583,4,1472,33734,1444,32797,137
T,1584,4,1472,33734,1444,32797,137
T,1585,4,1472,33734,1444,32797,137
T,1586,4,1472,33734,1444,32797,137
T,1587,4,1472,33734,1444,32797,137
T,1588,4,1472,33734,1444,32797,137
T,1589,4,1472,33734,1444,32797,137
T,1590,4,1472,33734,1444,32797,139
T,1591,4,1472,33734,1444,32797,139
T,1592,4,1472,33734,1444,32797,137
T,1593,4,1472,33734,1444,32797,137
T,1594,4,1472,33734,1444,32797,137
T,1595,4,1472,33734,1444,32797,137
T,1596,4,1472,33734,1444,32797,137
T,1597,4,1472,33734,1444,32797,137
T,1598,4,1472,33734,1444,32797,137
T,1599,4,1472,33734,1444,32797,137
T,1600,4,1472,33734,1444,32797,137
T,1601,4,1472,33735,1444,32797,137
T,1602,4,1472,33734,1444,32797,137
T,1603,4,1472,33734,1444,32797,137
T,1604,4,1472,33734,1444,32797,139
T,1605,4,1472,33734,1444,32797,139
T,1606,4,1472,33734,1444,32797,137
T,1607,4,1472,33734,1444,32797,137
T,1608,4,1472,33734,1444,32797,137
T,1609,4,1472,33734,1444,32797,137
T,1610,4,1472,33735,1444,32797,137
T,1611,4,1472,33734,1444,32797,137
T,1612,4,1472,33734,1444,32797,137
T,1613,4,1472,33734,1444,32797,137
T,1614,4,1472,33734,1444,32797,137
T,1615,4,1472,33734,1444,32797,137
T,1616,4,1472,33734,1444,32797,138
T,1617,4,1472,33735,1444,32797,137
T,1618,4,1472,33734,1444,32797,137
T,1619,4,1472,33734,1444,32797,137
T,1620,4,1472,33734,1444,32797,137
T,1621,4,1472,33735,1444,32797,137
T,1622,4,1472,33734,1444,32797,138
T,1623,4,1472,33734,1444,32797,139
T,1624,4,1472,33734,1444,32797,137
T,1625,4,1472,33734,1444,32797,137
T,1626,4,1472,33734,1444,32797,137
T,1627,4,1472,33734,1444,32797,137
T,1628,4,1472,33735,1444,32797,137
T,1629,4,1472,33734,1444,32797,137
T,1630,4,1472,33734,1444,32797,137
T,1631,4,1472,33735,1444,32797,137
T,1632,4,1472,33734,1444,32797,137
T,1633,4,1472,33734,1444,32797,137
T,1634,4,1472,33734,1444,32797,137
T,1635,4,1472,33734,1444,32797,138
T,1636,4,1472,33734,1444,32797,139
T,1637,4,1472,33734,1444,32797,137
T,1638,4,1472,33734,1444,32797,137
T,1639,4,1472,33734,1444,32797,137
T,1640,4,1472,33734,1444,32797,137
T,1641,4,1472,33734,1444,32797,138
T,1642,4,1472,33734,1444,32797,138
T,1643,4,1472,33734,1444,32797,137
T,1644,4,1472,33734,1444,32797,137
T,1645,4,1472,33734,1444,32797,137
T,1646,4,1472,33734,1444,32797,137
T,1647,4,1472,33734,1444,32797,137
T,1648,4,1472,33734,1444,32797,137
T,1649,4,1472,33734,1444,32797,137
T,1650,4,1472,33734,1444,32797,137
T,1651,4,1472,33734,1444,32797,137
T,1652,4,1472,33734,1444,32797,137
T,1653,4,1472,33734,1444,32797,139
T,1654,4,1472,33734,1444,32797,138
T,1655,4,1472,33734,1444,32797,138
T,1656,4,1472,33734,1444,32797,137
T,1657,4,1472,33735,1444,32797,137
T,1658,4,1472,33734,1444,32797,137
T,1659,4,1472,33735,1444,32797,137
T,1660,4,1472,33734,1444,32797,137
T,1661,4,1472,33734,1444,32797,137
T,1662,4,1472,33734,1444,32797,137
T,1663,4,1472,33734,1444,32797,137
T,1664,4,1472,33734,1444,32797,137
T,1665,4,1472,33734,1444,32797,137
T,1666,4,1472,33734,1444,32797,137
T,1667,4,1472,33734,1444,32797,137
T,1668,4,1472,33734,1444,32797,138
T,1669,4,1472,33734,1444,32797,137
T,1670,4,1472,33734,1444,32797,137
T,1671,4,1472,33734,1444,32797,137
T,1672,4,1472,33734,1444,32797,137
T,1673,4,1472,33734,1444,32797,137
T,1674,4,1472,33734,1444,32797,137
T,1675,4,1472,33734,1444,32797,137
T,1676,4,1472,33734,1444,32797,137
T,1677,4,1472,33734,1444,32797,137
T,1678,4,1472,33734,1444,32797,137
T,1679,4,1472,33734,1444,32797,137
T,1680,4,1472,33734,1444,32797,137
T,1681,4,1472,33734,1444,32797,139
T,1682,4,1472,33734,1444,32797,138
T,1683,4,1472,33734,1444,32797,137
T,1684,4,1472,33735,1444,32797,137
T,1685,4,1472,33734,1444,32797,137
T,1686,4,1472,33735,1444,32797,137
T,1687,4,1472,33734,1444,32797,137
T,1688,4,1472,33734,1444,32797,137
T,1689,4,1472,33734,1444,32797,137
T,1690,4,1472,33734,1444,32797,137
T,1691,4,1472,33734,1444,32797,137
T,1692,4,1472,33734,1444,32797,139
T,1693,4,1472,33734,1444,32797,139
T,1694,4,1472,33734,1444,32797,139
T,1695,4,1472,33734,1444,32797,137
T,1696,4,1472,33734,1444,32797,137
T,1697,4,1472,33734,1444,32797,137
T,1698,4,1472,33734,1444,32797,137
T,1699,4,1472,33734,1444,32797,138
T,1700,4,1472,33734,1444,32797,137
T,1701,4,1472,33734,1444,32797,137
T,1702,4,1472,33734,1444,32797,137
T,1703,4,1472,33735,1444,32797,137
T,1704,4,1472,33734,1444,32797,137
T,1705,4,1472,33734,1444,32797,137
T,1706,4,1472,33734,1444,32797,137
T,1707,4,1472,33734,1444,32797,137
T,1708,4,1472,33734,1444,32797,137
T,1709,4,1472,33734,1444,32797,137
T,1710,4,1472,33734,1444,32797,137
T,1711,4,1472,33734,1444,32797,137
T,1712,4,1472,33734,1444,32797,137
T,1713,4,1472,33734,1444,32797,139
T,1714,4,1472,33734,1444,32797,138
T,1715,4,1472,33734,1444,32797,137
T,1716,4,1472,33734,1444,32797,137
T,1717,4,1472,33734,1444,32797,137
T,1718,4,1472,33734,1444,32797,137
T,1719,4,1472,33734,1444,32797,137
T,1720,4,1472,33734,1444,32797,137
T,1721,4,1472,33734,1444,32797,137
T,1722,4,1472,33734,1444,32797,137
T,1723,4,1472,33734,1444,32797,137
T,1724,4,1472,33734,1444,32797,137
T,1725,4,1472,33734,1444,32797,137
T,1726,4,1472,33734,1444,32797,139
T,1727,4,1472,33734,1444,32797,139
T,1728,4,1472,33734,1444,32797,137
T,1729,4,1472,33734,1444,32797,137
T,1730,4,1472,33734,1444,32797,137
T,1731,4,1472,33734,1444,32797,137
T,1732,4,1472,33734,1444,32797,137
T,1733,4,1472,33734,1444,32797,137
T,1734,4,1472,33735,1444,32797,137
T,1735,4,1472,33734,1444,32797,137
T,1736,4,1472,33735,1444,32797,137
T,1737,4,1472,33735,1444,32797,137
T,1738,4,1472,33734,1444,32797,137
T,1739,4,1472,33734,1444,32797,137
T,1740,4,1472,33734,1444,32797,137
T,1741,4,1472,33734,1444,32797,137
T,1742,4,1472,33734,1444,32797,137
T,1743,4,1472,33734,1444,32797,137
T,1744,4,1472,33734,1444,32797,137
T,1745,4,1472,33734,1444,32797,139
T,1746,4,1472,33734,1444,32797,139
T,1747,4,1472,33734,1444,32797,138
T,1748,4,1472,33734,1444,32797,137
T,1749,4,1472,33734,1444,32797,137
T,1750,4,1472,33735,1444,32797,137
T,1751,4,1472,33734,1444,32797,137
T,1752,4,1472,33734,1444,32797,137
T,1753,4,1472,33734,1444,32797,137
T,1754,4,1472,33735,1444,32797,137
T,1755,4,1472,33735,1444,32797,137
T,1756,4,1472,33734,1444,32797,137
T,1757,4,1472,33734,1444,32797,138
T,1758,4,1472,33734,1444,32797,139
T,1759,4,1472,33734,1444,32797,137
T,1760,4,1472,33734,1444,32797,137
T,1761,4,1472,33734,1444,32797,137
T,1762,4,1472,33734,1444,32797,137
T,1763,4,1472,33734,1444,32797,137
T,1764,4,1472,33734,1444,32797,137
T,1765,4,1472,33734,1444,32797,137
T,1766,4,1472,33735,1444,32797,137
T,1767,4,1472,33734,1444,32797,137
T,1768,4,1472,33734,1444,32797,137
T,1769,4,1472,33734,1444,32797,137
T,1770,4,1472,33734,1444,32797,137
T,1771,4,1472,33734,1444,32797,137
T,1772,4,1472,33734,1444,32797,137
T,1773,4,1472,33734,1444,32797,137
T,1774,4,1472,33735,1444,32797,137
T,1775,4,1472,33735,1444,32797,137
T,1776,4,1472,33734,1444,32797,137
T,1777,4,1472,33734,1444,32797,139
T,1778,4,1472,33734,1444,32797,139
T,1779,4,1472,33734,1444,32797,138
T,1780,4,1472,33734,1444,32797,137
T,1781,4,1472,33734,1444,32797,137
T,1782,4,1472,33734,1444,32797,137
T,1783,4,1472,33734,1444,32797,137
T,1784,4,1472,33734,1444,32797,137
T,1785,4,1472,33734,1444,32797,137
T,1786,4,1472,33735,1444,32797,137
T,1787,4,1472,33734,1444,32797,137
T,1788,4,1472,33735,1444,32797,137
T,1789,4,1472,33734,1444,32797,137
T,1790,4,1472,33734,1444,32797,137
T,1791,4,1472,33734,1444,32797,137
T,1792,4,1472,33734,1444,32797,137
T,1793,4,1472,33734,1444,32797,137
T,1794,4,1472,33734,1444,32797,137
T,1795,4,1472,33734,1444,32797,137
T,1796,4,1472,33734,1444,32797,137
T,1797,4,1472,33734,1444,32797,137
T,1798,4,1472,33734,1444,32797,137
T,1799,4,1472,33734,1444,32797,137
T,1800,4,1472,33734,1444,32797,137
T,1801,4,1472,33734,1444,32797,137
T,1802,4,1472,33734,1444,32797,137
T,1803,4,1472,33734,1444,32797,137
T,1804,4,1472,33734,1444,32797,137
T,1805,4,1472,33734,1444,32797,137
T,1806,4,1472,33734,1444,32797,137
T,1807,4,1472,33734,1444,32797,137
T,1808,4,1472,33735,1444,32797,138
T,1809,4,1472,33734,1444,32797,137
T,1810,4,1472,33734,1444,32797,139
T,1811,4,1472,33734,1444,32797,137
T,1812,4,1472,33734,1444,32797,137
T,1813,4,1472,33734,1444,32797,137
T,1814,4,1472,33734,1444,32797,138
T,1815,4,1472,33734,1444,32797,139
T,1816,4,1472,33734,1444,32797,139
T,1817,4,1472,33734,1444,32797,137
T,1818,4,1472,33734,1444,32797,137
T,1819,4,1472,33735,1444,32797,137
T,1820,4,1472,33734,1444,32797,137
T,1821,4,1472,33734,1444,32797,137
T,1822,4,1472,33734,1444,32797,137
T,1823,4,1472,33735,1444,32797,137
T,1824,4,1472,33734,1444,32797,137
T,1825,4,1472,33734,1444,32797,137
T,1826,4,1472,33734,1444,32797,137
T,1827,4,1472,33734,1444,32797,137
T,1828,4,1472,33734,1444,32797,139
T,1829,4,1472,33734,1444,32797,137
T,1830,4,1472,33734,1444,32797,137
T,1831,4,1472,33734,1444,32797,137
T,1832,4,1472,33734,1444,32797,138
T,1833,4,1472,33734,1444,32797,139
T,1834,4,1472,33734,1444,32797,137
T,1835,4,1472,33735,1444,32797,139
T,1836,4,1472,33735,1444,32797,137
T,1837,4,1472,33735,1444,32797,137
T,1838,4,1472,33734,1444,32797,137
T,1839,4,1472,33734,1444,32797,137
T,1840,4,1472,33735,1444,32797,137
T,1841,4,1472,33734,1444,32797,137
T,1842,4,1472,33735,1444,32797,137
T,1843,4,1472,33734,1444,32797,137
T,1844,4,1472,33734,1444,32797,137
T,1845,4,1472,33734,1444,32797,137
T,1846,4,1472,33734,1444,32797,138
T,1847,4,1472,33734,1444,32797,137
T,1848,4,1472,33735,1444,32797,137
T,1849,4,1472,33735,1444,32797,137
T,1850,4,1472,33734,1444,32797,137
T,1851,4,1472,33734,1444,32797,137
T,1852,4,1472,33734,1444,32797,137
T,1853,4,1472,33734,1444,32797,137
T,1854,4,1472,33734,1444,32797,137
T,1855,4,1472,33734,1444,32797,137
T,1856,4,1472,33734,1444,32797,137
T,1857,4,1472,33734,1444,32797,137
T,1858,4,1472,33734,1444,32797,137
T,1859,4,1472,33735,1444,32797,137
T,1860,4,1472,33734,1444,32797,139
T,1861,4,1472,33734,1444,32797,137
T,1862,4,1472,33734,1444,32797,137
T,1863,4,1472,33735,1444,32797,137
T,1864,4,1472,33734,1444,32797,137
T,1865,4,1472,33734,1444,32797,137
T,1866,4,1472,33734,1444,32797,137
T,1867,4,1472,33734,1444,32797,137
T,1868,4,1472,33734,1444,32797,137
T,1869,4,1472,33734,1444,32797,137
T,1870,4,1472,33734,1444,32797,137
T,1871,4,1472,33734,1444,32797,137
T,1872,4,1472,33734,1444,32797,137
T,1873,4,1472,33734,1444,32797,139
T,1874,4,1472,33734,1444,32797,137
T,1875,4,1472,33734,1444,32797,139
T,1876,4,1472,33734,1444,32797,137
T,1877,4,1472,33734,1444,32797,137
T,1878,4,1472,33734,1444,32797,137
T,1879,4,1472,33734,1444,32797,137
T,1880,4,1472,33734,1444,32797,137
T,1881,4,1472,33734,1444,32797,137
T,1882,4,1472,33734,1444,32797,137
T,1883,4,1472,33734,1444,32797,137
T,1884,4,1472,33734,1444,32797,139
T,1885,4,1472,33734,1444,32797,138
T,1886,4,1472,33734,1444,32797,137
T,1887,4,1472,33735,1444,32797,139
T,1888,4,1472,33734,1444,32797,137
T,1889,4,1472,33735,1444,32797,137
T,1890,4,1472,33734,1444,32797,137
T,1891,4,1472,33734,1444,32797,137
T,1892,4,1472,33734,1444,32797,137
T,1893,4,1472,33735,1444,32797,137
T,1894,4,1472,33734,1444,32797,137
T,1895,4,1472,33735,1444,32797,137
T,1896,4,1472,33734,1444,32797,137
T,1897,4,1472,33734,1444,32797,137
T,1898,4,1472,33734,1444,32797,137
T,1899,4,1472,33734,1444,32797,137
T,1900,4,1472,33734,1444,32797,137
T,1901,4,1472,33734,1444,32797,137
T,1902,4,1472,33734,1444,32797,137
T,1903,4,1472,33734,1444,32797,137
T,1904,4,1472,33734,1444,32797,137
T,1905,4,1472,33734,1444,32797,137
T,1906,4,1472,33735,1444,32797,137
T,1907,4,1472,33734,1444,32797,137
T,1908,4,1472,33735,1444,32797,137
T,1909,4,1472,33734,1444,32797,137
T,1910,4,1472,33734,1444,32797,137
T,1911,4,1472,33734,1444,32797,138
T,1912,4,1472,33734,1444,32797,139
T,1913,4,1472,33735,1444,32797,137
T,1914,4,1472,33734,1444,32797,137
T,1915,4,1472,33734,1444,32797,137
T,1916,4,1472,33734,1444,32797,137
T,1917,4,1472,33734,1444,32797,137
T,1918,4,1472,33734,1444,32797,137
T,1919,4,1472,33734,1444,32797,137
T,1920,4,1472,33734,1444,32797,137
T,1921,4,1472,33734,1444,32797,137
T,1922,4,1472,33734,1444,32797,137
T,1923,4,1472,33734,1444,32797,137
T,1924,4,1472,33734,1444,32797,137
T,1925,4,1472,33734,1444,32797,139
T,1926,4,1472,33734,1444,32797,137
T,1927,4,1472,33734,1444,32797,137
T,1928,4,1472,33734,1444,32797,137
T,1929,4,1472,33734,1444,32797,137
T,1930,4,1472,33734,1444,32797,137
T,1931,4,1472,33734,1444,32797,137
T,1932,4,1472,33734,1444,32797,137
T,1933,4,1472,33734,1444,32797,137
T,1934,4,1472,33734,1444,32797,137
T,1935,4,1472,33734,1444,32797,137
T,1936,4,1472,33734,1444,32797,137
T,1937,4,1472,33734,1444,32797,137
T,1938,4,1472,33734,1444,32797,139
T,1939,4,1472,33734,1444,32797,139
T,1940,4,1472,33734,1444,32797,137
T,1941,4,1472,33734,1444,32797,137
T,1942,4,1472,33734,1444,32797,137
T,1943,4,1472,33734,1444,32797,137
T,1944,4,1472,33734,1444,32797,137
T,1945,4,1472,33734,1444,32797,137
T,1946,4,1472,33734,1444,32797,137
T,1947,4,1472,33735,1444,32797,137
T,1948,4,1472,33734,1444,32797,137
T,1949,4,1472,33734,1444,32797,139
T,1950,4,1472,33734,1444,32797,138
T,1951,4,1472,33734,1444,32797,139
T,1952,4,1472,33734,1444,32797,139
T,1953,4,1472,33734,1444,32797,137
T,1954,4,1472,33734,1444,32797,137
T,1955,4,1472,33734,1444,32797,137
T,1956,4,1472,33734,1444,32797,137
T,1957,4,1472,33734,1444,32797,139
T,1958,4,1472,33735,1444,32797,139
T,1959,4,1472,33734,1444,32797,137
T,1960,4,1472,33734,1444,32797,137
T,1961,4,1472,33734,1444,32797,137
T,1962,4,1472,33734,1444,32797,137
T,1963,4,1472,33734,1444,32797,137
T,1964,4,1472,33734,1444,32797,137
T,1965,4,1472,33734,1444,32797,137
T,1966,4,1472,33734,1444,32797,137
T,1967,4,1472,33735,1444,32797,137
T,1968,4,1472,33734,1444,32797,137
T,1969,4,1472,33734,1444,32797,138
T,1970,4,1472,33734,1444,32797,138
T,1971,4,1472,33734,1444,32797,139
T,1972,4,1472,33734,1444,32797,137
T,1973,4,1472,33734,1444,32797,137
T,1974,4,1472,33734,1444,32797,137
T,1975,4,1472,33734,1444,32797,137
T,1976,4,1472,33734,1444,32797,137
T,1977,4,1472,33734,1444,32797,137
T,1978,4,1472,33734,1444,32797,137
T,1979,4,1472,33734,1444,32797,137
T,1980,4,1472,33734,1444,32797,137
T,1981,4,1472,33735,1444,32797,137
T,1982,4,1472,33734,1444,32797,138
T,1983,4,1472,33734,1444,32797,139
T,1984,4,1472,33734,1444,32797,139
T,1985,4,1472,33734,1444,32797,137
T,1986,4,1472,33734,1444,32797,137
T,1987,4,1472,33734,1444,32797,137
T,1988,4,1472,33734,1444,32797,137
T,1989,4,1472,33734,1444,32797,137
T,1990,4,1472,33734,1444,32797,137
T,1991,4,1472,33734,1444,32797,137
T,1992,4,1472,33734,1444,32797,137
T,1993,4,1472,33734,1444,32797,137
T,1994,4,1472,33734,1444,32797,137
T,1995,4,1472,33734,1444,32797,138
T,1996,4,1472,33734,1444,32797,139
T,1997,4,1472,33734,1444,32797,139
T,1998,4,1472,33734,1444,32797,137
T,1999,4,1472,33734,1444,32797,137
T,2000,4,1472,33734,1444,32797,137
T,2001,4,1472,33734,1444,32797,137
T,2002,4,1472,33734,1444,32797,137
T,2003,4,1472,33734,1444,32797,137
T,2004,4,1472,33734,1444,32797,137
T,2005,4,1472,33734,1444,32797,137
T,2006,4,1472,33734,1444,32797,137
T,2007,4,1472,33734,1444,32797,137
T,2008,4,1472,33734,1444,32797,137
T,2009,4,1472,33734,1444,32797,139
T,2010,4,1472,33734,1444,32797,137
T,2011,4,1472,33734,1444,32797,137
T,2012,4,1472,33735,1444,32797,137
T,2013,4,1472,33734,1444,32797,137
T,2014,4,1472,33734,1444,32797,137
T,2015,4,1472,33734,1444,32797,137
T,2016,4,1472,33734,1444,32797,137
T,2017,4,1472,33734,1444,32797,137
T,2018,4,1472,33734,1444,32797,137
T,2019,4,1472,33734,1444,32797,137
T,2020,4,1472,33734,1444,32797,137
T,2021,4,1472,33734,1444,32797,137
T,2022,4,1472,33734,1444,32797,137
T,2023,4,1472,33734,1444,32797,137
T,2024,4,1472,33734,1444,32797,137
T,2025,4,1472,33734,1444,32797,137
T,2026,4,1472,33734,1444,32797,137
T,2027,4,1472,33734,1444,32797,138
T,2028,4,1472,33734,1444,32797,137
T,2029,4,1472,33734,1444,32797,139
T,2030,4,1472,33734,1444,32797,137
T,2031,4,1472,33734,1444,32797,137
T,2032,4,1472,33734,1444,32797,137
T,2033,4,1472,33734,1444,32797,137
T,2034,4,1472,33734,1444,32797,137
T,2035,4,1472,33734,1444,32797,137
T,2036,4,1472,33734,1444,32797,137
T,2037,4,1472,33734,1444,32797,137
T,2038,4,1472,33734,1444,32797,137
T,2039,4,1472,33734,1444,32797,137
T,2040,4,1472,33734,1444,32797,137
T,2041,4,1472,33734,1444,32797,139
T,2042,4,1472,33734,1444,32797,137
T,2043,4,1472,33734,1444,32797,137
T,2044,4,1472,33734,1444,32797,137
T,2045,4,1472,33734,1444,32797,137
T,2046,4,1472,33734,1444,32797,137
T,2047,4,1472,33734,1444,32797,137
T,2048,4,1472,33734,1444,32797,137
T,2049,4,1472,33734,1444,32797,137
T,2050,4,1472,33734,1444,32797,137
T,2051,4,1472,33734,1444,32797,137
T,2052,4,1472,33734,1444,32797,139
T,2053,4,1472,33735,1444,32797,139
T,2054,4,1472,33734,1444,32797,139
T,2055,4,1472,33734,1444,32797,137
T,2056,4,1472,33734,1444,32797,137
T,2057,4,1472,33734,1444,32797,137
T,2058,4,1472,33734,1444,32797,137
T,2059,4,1472,33734,1444,32797,138
T,2060,4,1472,33734,1444,32797,137
T,2061,4,1472,33734,1444,32797,137
T,2062,4,1472,33734,1444,32797,137
T,2063,4,1472,33735,1444,32797,137
T,2064,4,1472,33735,1444,32797,137
T,2065,4,1472,33735,1444,32797,137
T,2066,4,1472,33734,1444,32797,137
T,2067,4,1472,33734,1444,32797,137
T,2068,4,1472,33734,1444,32797,137
T,2069,4,1472,33734,1444,32797,137
T,2070,4,1472,33734,1444,32797,137
T,2071,4,1472,33734,1444,32797,137
T,2072,4,1472,33734,1444,32797,139
T,2073,4,1472,33735,1444,32797,139
T,2074,4,1472,33734,1444,32797,137
T,2075,4,1472,33734,1444,32797,137
T,2076,4,1472,33734,1444,32797,137
T,2077,4,1472,33734,1444,32797,137
T,2078,4,1472,33734,1444,32797,137
T,2079,4,1472,33734,1444,32797,137
T,2080,4,1472,33734,1444,32797,137
T,2081,4,1472,33735,1444,32797,137
T,2082,4,1472,33735,1444,32797,137
T,2083,4,1472,33735,1444,32797,137
T,2084,4,1472,33734,1444,32797,139
T,2085,4,1472,33734,1444,32797,138
T,2086,4,1472,33734,1444,32797,139
T,2087,4,1472,33734,1444,32797,139
T,2088,4,1472,33734,1444,32797,137
T,2089,4,1472,33734,1444,32797,137
T,2090,4,1472,33734,1444,32797,137
T,2091,4,1472,33734,1444,32797,137
T,2092,4,1472,33735,1444,32797,137
T,2093,4,1472,33735,1444,32797,137
T,2094,4,1472,33734,1444,32797,137
T,2095,4,1472,33734,1444,32797,137
T,2096,4,1472,33734,1444,32797,137
T,2097,4,1472,33734,1444,32797,137
T,2098,4,1472,33734,1444,32797,137
T,2099,4,1472,33734,1444,32797,137
T,2100,4,1472,33734,1444,32797,137
T,2101,4,1472,33734,1444,32797,137
T,2102,4,1472,33734,1444,32797,137
T,2103,4,1472,33735,1444,32797,137
T,2104,4,1472,33734,1444,32797,138
T,2105,4,1472,33734,1444,32797,137
T,2106,4,1472,33734,1444,32797,137
T,2107,4,1472,33735,1444,32797,137
T,2108,4,1472,33734,1444,32797,137
T,2109,4,1472,33734,1444,32797,137
T,2110,4,1472,33735,1444,32797,137
T,2111,4,1472,33734,1444,32797,139
T,2112,4,1472,33734,1444,32797,137
T,2113,4,1472,33734,1444,32797,137
T,2114,4,1472,33734,1444,32797,137
T,2115,4,1472,33734,1444,32797,137
T,2116,4,1472,33734,1444,32797,137
T,2117,4,1472,33734,1444,32797,137
T,2118,4,1472,33734,1444,32797,137
T,2119,4,1472,33734,1444,32797,137
T,2120,4,1472,33734,1444,32797,137
T,2121,4,1472,33734,1444,32797,137
T,2122,4,1472,33734,1444,32797,137
T,2123,4,1472,33734,1444,32797,137
T,2124,4,1472,33734,1444,32797,139
T,2125,4,1472,33734,1444,32797,137
T,2126,4,1472,33734,1444,32797,137
T,2127,4,1472,33734,1444,32797,137
T,2128,4,1472,33734,1444,32797,137
T,2129,4,1472,33734,1444,32797,137
T,2130,4,1472,33734,1444,32797,137
T,2131,4,1472,33735,1444,32797,137
T,2132,4,1472,33734,1444,32797,137
T,2133,4,1472,33734,1444,32797,137
T,2134,4,1472,33734,1444,32797,137
T,2135,4,1472,33734,1444,32797,137
T,2136,4,1472,33734,1444,32797,139
T,2137,4,1472,33734,1444,32797,137
T,2138,4,1472,33734,1444,32797,137
T,2139,4,1472,33734,1444,32797,137
T,2140,4,1472,33734,1444,32797,137
T,2141,4,1472,33734,1444,32797,137
T,2142,4,1472,33734,1444,32797,139
T,2143,4,1472,33734,1444,32797,138
T,2144,4,1472,33734,1444,32797,137
T,2145,4,1472,33734,1444,32797,137
T,2146,4,1472,33734,1444,32797,137
T,2147,4,1472,33734,1444,32797,137
T,2148,4,1472,33734,1444,32797,137
T,2149,4,1472,33734,1444,32797,137
T,2150,4,1472,33734,1444,32797,137
T,2151,4,1472,33734,1444,32797,137
T,2152,4,1472,33734,1444,32797,137
T,2153,4,1472,33734,1444,32797,137
T,2154,4,1472,33735,1444,32797,137
T,2155,4,1472,33734,1444,32797,139
T,2156,4,1472,33734,1444,32797,137
T,2157,4,1472,33734,1444,32797,137
T,2158,4,1472,33734,1444,32797,137
T,2159,4,1472,33734,1444,32797,137
T,2160,4,1472,33735,1444,32797,137
T,2161,4,1472,33734,1444,32797,137
T,2162,4,1472,33735,1444,32797,137
T,2163,4,1472,33734,1444,32797,137
T,2164,4,1472,33735,1444,32797,137
T,2165,4,1472,33734,1444,32797,137
T,2166,4,1472,33735,1444,32797,137
T,2167,4,1472,33734,1444,32797,137
T,2168,4,1472,33734,1444,32797,138
T,2169,4,1472,33734,1444,32797,139
T,2170,4,1472,33734,1444,32797,137
T,2171,4,1472,33734,1444,32797,137
T,2172,4,1472,33734,1444,32797,137
T,2173,4,1472,33734,1444,32797,137
T,2174,4,1472,33734,1444,32797,137
T,2175,4,1472,33734,1444,32797,137
T,2176,4,1472,33734,1444,32797,137
T,2177,4,1472,33734,1444,32797,137
T,2178,4,1472,33734,1444,32797,137
T,2179,4,1472,33734,1444,32797,137
T,2180,4,1472,33734,1444,32797,137
T,2181,4,1472,33734,1444,32797,137
T,2182,4,1472,33734,1444,32797,137
T,2183,4,1472,33734,1444,32797,137
T,2184,4,1472,33734,1444,32797,137
T,2185,4,1472,33734,1444,32797,137
T,2186,4,1472,33734,1444,32797,137
T,2187,4,1472,33734,1444,32797,137
T,2188,4,1472,33734,1444,32797,138
T,2189,4,1472,33734,1444,32797,137
T,2190,4,1472,33734,1444,32797,137
T,2191,4,1472,33734,1444,32797,137
T,2192,4,1472,33734,1444,32797,137
T,2193,4,1472,33734,1444,32797,137
T,2194,4,1472,33734,1444,32797,137
T,2195,4,1472,33734,1444,32797,137
T,2196,4,1472,33734,1444,32797,137
T,2197,4,1472,33734,1444,32797,137
T,2198,4,1472,33734,1444,32797,137
T,2199,4,1472,33734,1444,32797,137
T,2200,4,1472,33734,1444,32797,138
T,2201,4,1472,33734,1444,32797,137
T,2202,4,1472,33734,1444,32797,137
T,2203,4,1472,33734,1444,32797,137
T,2204,4,1472,33734,1444,32797,137
T,2205,4,1472,33734,1444,32797,137
T,2206,4,1472,33735,1444,32797,137
T,2207,4,1472,33734,1444,32797,139
T,2208,4,1472,33735,1444,32797,139
T,2209,4,1472,33734,1444,32797,137
T,2210,4,1472,33734,1444,32797,137
T,2211,4,1472,33734,1444,32797,137
T,2212,4,1472,33734,1444,32797,137
T,2213,4,1472,33734,1444,32797,137
T,2214,4,1472,33734,1444,32797,137
T,2215,4,1472,33734,1444,32797,137
T,2216,4,1472,33734,1444,32797,137
T,2217,4,1472,33734,1444,32797,137
T,2218,4,1472,33734,1444,32797,137
T,2219,4,1472,33734,1444,32797,138
T,2220,4,1472,33734,1444,32797,139
T,2221,4,1472,33734,1444,32797,137
T,2222,4,1472,33734,1444,32797,137
T,2223,4,1472,33735,1444,32797,137
T,2224,4,1472,33734,1444,32797,137
T,2225,4,1472,33734,1444,32797,137
T,2226,4,1472,33735,1444,32797,137
T,2227,4,1472,33734,1444,32797,137
T,2228,4,1472,33734,1444,32797,137
T,2229,4,1472,33734,1444,32797,137
T,2230,4,1472,33734,1444,32797,137
T,2231,4,1472,33735,1444,32797,137
T,2232,4,1472,33735,1444,32797,137
T,2233,4,1472,33734,1444,32797,137
T,2234,4,1472,33734,1444,32797,137
T,2235,4,1472,33735,1444,32797,137
T,2236,4,1472,33734,1444,32797,137
T,2237,4,1472,33734,1444,32797,137
T,2238,4,1472,33734,1444,32797,139
T,2239,4,1472,33734,1444,32797,138
T,2240,4,1472,33734,1444,32797,137
T,2241,4,1472,33734,1444,32797,137
T,2242,4,1472,33734,1444,32797,137
T,2243,4,1472,33734,1444,32797,137
T,2244,4,1472,33734,1444,32797,137
T,2245,4,1472,33734,1444,32797,137
T,2246,4,1472,33734,1444,32797,137
T,2247,4,1472,33734,1444,32797,137
T,2248,4,1472,33734,1444,32797,137
T,2249,4,1472,33734,1444,32797,137
T,2250,4,1472,33734,1444,32797,137
T,2251,4,1472,33734,1444,32797,139
T,2252,4,1472,33734,1444,32797,139
T,2253,4,1472,33734,1444,32797,137
T,2254,4,1472,33734,1444,32797,137
T,2255,4,1472,33734,1444,32797,137
T,2256,4,1472,33734,1444,32797,137
T,2257,4,1472,33734,1444,32797,137
T,2258,4,1472,33734,1444,32797,137
T,2259,4,1472,33734,1444,32797,137
T,2260,4,1472,33734,1444,32797,137
T,2261,4,1472,33734,1444,32797,137
T,2262,4,1472,33734,1444,32797,137
T,2263,4,1472,33735,1444,32797,139
T,2264,4,1472,33734,1444,32797,138
T,2265,4,1472,33734,1444,32797,139
T,2266,4,1472,33734,1444,32797,137
T,2267,4,1472,33734,1444,32797,137
T,2268,4,1472,33734,1444,32797,137
T,2269,4,1472,33734,1444,32797,137
T,2270,4,1472,33734,1444,32797,137
T,2271,4,1472,33734,1444,32797,139
T,2272,4,1472,33734,1444,32797,137
T,2273,4,1472,33734,1444,32797,137
T,2274,4,1472,33735,1444,32797,137
T,2275,4,1472,33734,1444,32797,137
T,2276,4,1472,33735,1444,32797,137
T,2277,4,1472,33734,1444,32797,137
T,2278,4,1472,33734,1444,32797,137
T,2279,4,1472,33734,1444,32797,137
T,2280,4,1472,33734,1444,32797,137
T,2281,4,1472,33734,1444,32797,137
T,2282,4,1472,33734,1444,32797,137
T,2283,4,1472,33734,1444,32797,137
T,2284,4,1472,33734,1444,32797,139
T,2285,4,1472,33734,1444,32797,139
T,2286,4,1472,33734,1444,32797,137
T,2287,4,1472,33734,1444,32797,137
T,2288,4,1472,33734,1444,32797,137
T,2289,4,1472,33735,1444,32797,137
T,2290,4,1472,33734,1444,32797,137
T,2291,4,1472,33734,1444,32797,137
T,2292,4,1472,33734,1444,32797,137
T,2293,4,1472,33734,1444,32797,137
T,2294,4,1472,33734,1444,32797,137
T,2295,4,1472,33734,1444,32797,139
T,2296,4,1472,33734,1444,32797,138
T,2297,4,1472,33735,1444,32797,139
T,2298,4,1472,33734,1444,32797,139
T,2299,4,1472,33734,1444,32797,137
T,2300,4,1472,33734,1444,32797,137
T,2301,4,1472,33734,1444,32797,137
T,2302,4,1472,33734,1444,32797,137
T,2303,4,1472,33734,1444,32797,137
T,2304,4,1472,33734,1444,32797,137
T,2305,4,1472,33734,1444,32797,137
T,2306,4,1472,33734,1444,32797,137
T,2307,4,1472,33734,1444,32797,137
T,2308,4,1472,33734,1444,32797,137
T,2309,4,1472,33734,1444,32797,137
T,2310,4,1472,33734,1444,32797,137
T,2311,4,1472,33734,1444,32797,137
T,2312,4,1472,33734,1444,32797,137
T,2313,4,1472,33734,1444,32797,137
T,2314,4,1472,33734,1444,32797,137
T,2315,4,1472,33734,1444,32797,137
T,2316,4,1472,33735,1444,32797,137
T,2317,4,1472,33734,1444,32797,137
T,2318,4,1472,33734,1444,32797,137
T,2319,4,1472,33734,1444,32797,137
T,2320,4,1472,33734,1444,32797,137
T,2321,4,1472,33734,1444,32797,137
T,2322,4,1472,33734,1444,32797,138
T,2323,4,1472,33734,1444,32797,139
T,2324,4,1472,33734,1444,32797,137
T,2325,4,1472,33734,1444,32797,137
T,2326,4,1472,33734,1444,32797,137
T,2327,4,1472,33734,1444,32797,137
T,2328,4,1472,33734,1444,32797,137
T,2329,4,1472,33735,1444,32797,139
T,2330,4,1472,33734,1444,32797,137
T,2331,4,1472,33734,1444,32797,137
T,2332,4,1472,33734,1444,32797,137
T,2333,4,1472,33734,1444,32797,137
T,2334,4,1472,33734,1444,32797,137
T,2335,4,1472,33734,1444,32797,137
T,2336,4,1472,33734,1444,32797,137
T,2337,4,1472,33734,1444,32797,137
T,2338,4,1472,33734,1444,32797,137
T,2339,4,1472,33734,1444,32797,137
T,2340,4,1472,33734,1444,32797,137
T,2341,4,1472,33734,1444,32797,139
T,2342,4,1472,33734,1444,32797,139
T,2343,4,1472,33734,1444,32797,137
T,2344,4,1472,33734,1444,32797,137
T,2345,4,1472,33734,1444,32797,137
T,2346,4,1472,33734,1444,32797,137
T,2347,4,1472,33734,1444,32797,137
T,2348,4,1472,33734,1444,32797,137
T,2349,4,1472,33734,1444,32797,137
T,2350,4,1472,33734,1444,32797,137
T,2351,4,1472,33734,1444,32797,137
T,2352,4,1472,33735,1444,32797,137
T,2353,4,1472,33734,1444,32797,137
T,2354,4,1472,33734,1444,32797,137
T,2355,4,1472,33735,1444,32797,137
T,2356,4,1472,33734,1444,32797,137
T,2357,4,1472,33734,1444,32797,137
T,2358,4,1472,33734,1444,32797,137
T,2359,4,1472,33734,1444,32797,139
T,2360,4,1472,33734,1444,32797,138
T,2361,4,1472,33734,1444,32797,137
T,2362,4,1472,33734,1444,32797,137
T,2363,4,1472,33734,1444,32797,137
T,2364,4,1472,33734,1444,32797,137
T,2365,4,1472,33734,1444,32797,137
T,2366,4,1472,33734,1444,32797,137
T,2367,4,1472,33734,1444,32797,137
T,2368,4,1472,33734,1444,32797,137
T,2369,4,1472,33734,1444,32797,137
T,2370,4,1472,33734,1444,32797,137
T,2371,4,1472,33734,1444,32797,137
T,2372,4,1472,33734,1444,32797,137
T,2373,4,1472,33734,1444,32797,137
T,2374,4,1472,33734,1444,32797,137
T,2375,4,1472,33734,1444,32797,137
T,2376,4,1472,33734,1444,32797,137
T,2377,4,1472,33734,1444,32797,137
T,2378,4,1472,33734,1444,32797,137
T,2379,4,1472,33734,1444,32797,138
T,2380,4,1472,33734,1444,32797,139
T,2381,4,1472,33734,1444,32797,137
T,2382,4,1472,33734,1444,32797,137
T,2383,4,1472,33734,1444,32797,137
T,2384,4,1472,33734,1444,32797,137
T,2385,4,1472,33735,1444,32797,137
T,2386,4,1472,33734,1444,32797,137
T,2387,4,1472,33734,1444,32797,137
T,2388,4,1472,33734,1444,32797,137
T,2389,4,1472,33734,1444,32797,137
T,2390,4,1472,33734,1444,32797,137
T,2391,4,1472,33734,1444,32797,137
T,2392,4,1472,33734,1444,32797,137
T,2393,4,1472,33735,1444,32797,137
T,2394,4,1472,33734,1444,32797,137
T,2395,4,1472,33735,1444,32797,137
T,2396,4,1472,33734,1444,32797,137
T,2397,4,1472,33734,1444,32797,137
T,2398,4,1472,33734,1444,32797,139
T,2399,4,1472,33734,1444,32797,139
T,2400,4,1472,33734,1444,32797,137
T,2401,4,1472,33734,1444,32797,137
T,2402,4,1472,33734,1444,32797,137
T,2403,4,1472,33734,1444,32797,137
T,2404,4,1472,33734,1444,32797,137
T,2405,4,1472,33734,1444,32797,137
T,2406,4,1472,33734,1444,32797,137
T,2407,4,1472,33734,1444,32797,137
T,2408,4,1472,33734,1444,32797,137
T,2409,4,1472,33734,1444,32797,137
T,2410,4,1472,33734,1444,32797,137
T,2411,4,1472,33734,1444,32797,138
T,2412,4,1472,33734,1444,32797,138
T,2413,4,1472,33734,1444,32797,139
T,2414,4,1472,33734,1444,32797,137
T,2415,4,1472,33734,1444,32797,137
T,2416,4,1472,33734,1444,32797,137
T,2417,4,1472,33734,1444,32797,137
T,2418,4,1472,33734,1444,32797,139
T,2419,4,1472,33734,1444,32797,137
T,2420,4,1472,33735,1444,32797,137
T,2421,4,1472,33734,1444,32797,137
T,2422,4,1472,33734,1444,32797,137
T,2423,4,1472,33734,1444,32797,137
T,2424,4,1472,33734,1444,32797,137
T,2425,4,1472,33734,1444,32797,137
T,2426,4,1472,33734,1444,32797,137
T,2427,4,1472,33734,1444,32797,137
T,2428,4,1472,33734,1444,32797,137
T,2429,4,1472,33734,1444,32797,137
T,2430,4,1472,33734,1444,32797,139
T,2431,4,1472,33734,1444,32797,139
T,2432,4,1472,33734,1444,32797,137
T,2433,4,1472,33735,1444,32797,137
T,2434,4,1472,33734,1444,32797,137
T,2435,4,1472,33735,1444,32797,137
T,2436,4,1472,33734,1444,32797,137
T,2437,4,1472,33734,1444,32797,137
T,2438,4,1472,33734,1444,32797,137
T,2439,4,1472,33734,1444,32797,137
T,2440,4,1472,33735,1444,32797,137
T,2441,4,1472,33734,1444,32797,137
T,2442,4,1472,33734,1444,32797,137
T,2443,4,1472,33734,1444,32797,137
T,2444,4,1472,33734,1444,32797,139
T,2445,4,1472,33734,1444,32797,137
T,2446,4,1472,33734,1444,32797,137
T,2447,4,1472,33734,1444,32797,137
T,2448,4,1472,33734,1444,32797,137
T,2449,4,1472,33734,1444,32797,137
T,2450,4,1472,33734,1444,32797,139
T,2451,4,1472,33734,1444,32797,139
T,2452,4,1472,33734,1444,32797,137
T,2453,4,1472,33734,1444,32797,137
T,2454,4,1472,33734,1444,32797,137
T,2455,4,1472,33734,1444,32797,137
T,2456,4,1472,33734,1444,32797,137
T,2457,4,1472,33734,1444,32797,137
T,2458,4,1472,33734,1444,32797,137
T,2459,4,1472,33734,1444,32797,137
T,2460,4,1472,33734,1444,32797,137
T,2461,4,1472,33734,1444,32797,137
T,2462,4,1472,33734,1444,32797,139
T,2463,4,1472,33734,1444,32797,139
T,2464,4,1472,33734,1444,32797,137
T,2465,4,1472,33735,1444,32797,137
T,2466,4,1472,33734,1444,32797,137
T,2467,4,1472,33734,1444,32797,137
T,2468,4,1472,33734,1444,32797,137
T,2469,4,1472,33734,1444,32797,137
T,2470,4,1472,33734,1444,32797,137
T,2471,4,1472,33734,1444,32797,137
T,2472,4,1472,33734,1444,32797,137
T,2473,4,1472,33734,1444,32797,137
T,2474,4,1472,33734,1444,32797,137
T,2475,4,1472,33734,1444,32797,138
T,2476,4,1472,33734,1444,32797,139
T,2477,4,1472,33734,1444,32797,137
T,2478,4,1472,33734,1444,32797,137
T,2479,4,1472,33735,1444,32797,137
T,2480,4,1472,33734,1444,32797,137
T,2481,4,1472,33734,1444,32797,139
T,2482,4,1472,33734,1444,32797,137
T,2483,4,1472,33734,1444,32797,139
T,2484,4,1472,33734,1444,32797,137
T,2485,4,1472,33734,1444,32797,137
T,2486,4,1472,33734,1444,32797,137
T,2487,4,1472,33734,1444,32797,137
T,2488,4,1472,33734,1444,32797,137
T,2489,4,1472,33734,1444,32797,137
T,2490,4,1472,33734,1444,32797,137
T,2491,4,1472,33734,1444,32797,137
T,2492,4,1472,33734,1444,32797,137
T,2493,4,1472,33734,1444,32797,137
T,2494,4,1472,33734,1444,32797,139
T,2495,4,1472,33734,1444,32797,139
T,2496,4,1472,33734,1444,32797,137
T,2497,4,1472,33734,1444,32797,137
T,2498,4,1472,33734,1444,32797,137
T,2499,4,1472,33734,1444,32797,137
T,2500,4,1472,33734,1444,32797,137
T,2501,4,1472,33734,1444,32797,137
T,2502,4,1472,33734,1444,32797,137
T,2503,4,1472,33734,1444,32797,137
T,2504,4,1472,33734,1444,32797,137
T,2505,4,1472,33734,1444,32797,137
T,2506,4,1472,33734,1444,32797,138
T,2507,4,1472,33734,1444,32797,139
T,2508,4,1472,33734,1444,32797,139
T,2509,4,1472,33734,1444,32797,137
T,2510,4,1472,33734,1444,32797,137
T,2511,4,1472,33734,1444,32797,137
T,2512,4,1472,33735,1444,32797,137
T,2513,4,1472,33734,1444,32797,137
T,2514,4,1472,33735,1444,32797,137
T,2515,4,1472,33734,1444,32797,139
T,2516,4,1472,33734,1444,32797,137
T,2517,4,1472,33735,1444,32797,137
T,2518,4,1472,33734,1444,32797,137
T,2519,4,1472,33734,1444,32797,137
T,2520,4,1472,33734,1444,32797,137
T,2521,4,1472,33734,1444,32797,137
T,2522,4,1472,33734,1444,32797,137
T,2523,4,1472,33734,1444,32797,137
T,2524,4,1472,33734,1444,32797,137
T,2525,4,1472,33734,1444,32797,137
T,2526,4,1472,33735,1444,32797,138
T,2527,4,1472,33735,1444,32797,139
T,2528,4,1472,33734,1444,32797,137
T,2529,4,1472,33734,1444,32797,137
T,2530,4,1472,33734,1444,32797,137
T,2531,4,1472,33734,1444,32797,137
T,2532,4,1472,33734,1444,32797,137
T,2533,4,1472,33734,1444,32797,137
T,2534,4,1472,33734,1444,32797,137
T,2535,4,1472,33734,1444,32797,137
T,2536,4,1472,33734,1444,32797,137
T,2537,4,1472,33734,1444,32797,137
T,2538,4,1472,33735,1444,32797,137
T,2539,4,1472,33735,1444,32797,137
T,2540,4,1472,33734,1444,32797,137
T,2541,4,1472,33734,1444,32797,137
T,2542,4,1472,33735,1444,32797,137
T,2543,4,1472,33734,1444,32797,137
T,2544,4,1472,33734,1444,32797,137
T,2545,4,1472,33734,1444,32797,137
T,2546,4,1472,33734,1444,32797,139
T,2547,4,1472,33734,1444,32797,139
T,2548,4,1472,33734,1444,32797,137
T,2549,4,1472,33734,1444,32797,137
T,2550,4,1472,33734,1444,32797,137
T,2551,4,1472,33734,1444,32797,137
T,2552,4,1472,33734,1444,32797,137
T,2553,4,1472,33734,1444,32797,137
T,2554,4,1472,33735,1444,32797,137
T,2555,4,1472,33734,1444,32797,137
T,2556,4,1472,33735,1444,32797,137
T,2557,4,1472,33735,1444,32797,137
T,2558,4,1472,33734,1444,32797,138
T,2559,4,1472,33734,1444,32797,139
T,2560,4,1472,33735,1444,32797,139
T,2561,4,1472,33734,1444,32797,137
T,2562,4,1472,33734,1444,32797,137
T,2563,4,1472,33735,1444,32797,137
T,2564,4,1472,33735,1444,32797,137
T,2565,4,1472,33734,1444,32797,137
T,2566,4,1472,33734,1444,32797,137
T,2567,4,1472,33734,1444,32797,137
T,2568,4,1472,33734,1444,32797,137
T,2569,4,1472,33734,1444,32797,137
T,2570,4,1472,33734,1444,32797,139
T,2571,4,1472,33734,1444,32797,139
T,2572,4,1472,33734,1444,32797,139
T,2573,4,1472,33734,1444,32797,137
T,2574,4,1472,33734,1444,32797,137
T,2575,4,1472,33734,1444,32797,137
T,2576,4,1472,33734,1444,32797,137
T,2577,4,1472,33734,1444,32797,138
T,2578,4,1472,33734,1444,32797,137
T,2579,4,1472,33734,1444,32797,137
T,2580,4,1472,33734,1444,32797,137
T,2581,4,1472,33735,1444,32797,137
T,2582,4,1472,33734,1444,32797,137
T,2583,4,1472,33734,1444,32797,137
T,2584,4,1472,33734,1444,32797,137
T,2585,4,1472,33734,1444,32797,137
T,2586,4,1472,33734,1444,32797,137
T,2587,4,1472,33734,1444,32797,137
T,2588,4,1472,33734,1444,32797,137
T,2589,4,1472,33735,1444,32797,137
T,2590,4,1472,33734,1444,32797,139
T,2591,4,1472,33735,1444,32797,137
T,2592,4,1472,33734,1444,32797,139
T,2593,4,1472,33734,1444,32797,137
T,2594,4,1472,33734,1444,32797,137
T,2595,4,1472,33734,1444,32797,137
T,2596,4,1472,33734,1444,32797,137
T,2597,4,1472,33734,1444,32797,137
T,2598,4,1472,33734,1444,32797,137
T,2599,4,1472,33734,1444,32797,137
T,2600,4,1472,33734,1444,32797,137
T,2601,4,1472,33735,1444,32797,137
T,2602,4,1472,33734,1444,32797,137
T,2603,4,1472,33734,1444,32797,138
T,2604,4,1472,33734,1444,32797,139
T,2605,4,1472,33734,1444,32797,137
T,2606,4,1472,33734,1444,32797,137
T,2607,4,1472,33734,1444,32797,137
T,2608,4,1472,33734,1444,32797,137
T,2609,4,1472,33735,1444,32797,137
T,2610,4,1472,33734,1444,32797,137
T,2611,4,1472,33734,1444,32797,137
T,2612,4,1472,33734,1444,32797,137
T,2613,4,1472,33734,1444,32797,137
T,2614,4,1472,33734,1444,32797,137
T,2615,4,1472,33734,1444,32797,137
T,2616,4,1472,33734,1444,32797,138
T,2617,4,1472,33735,1444,32797,139
T,2618,4,1472,33735,1444,32797,137
T,2619,4,1472,33734,1444,32797,137
T,2620,4,1472,33734,1444,32797,137
T,2621,4,1472,33734,1444,32797,137
T,2622,4,1472,33735,1444,32797,137
T,2623,4,1472,33735,1444,32797,137
T,2624,4,1472,33734,1444,32797,137
T,2625,4,1472,33735,1444,32797,137
T,2626,4,1472,33734,1444,32797,137
T,2627,4,1472,33734,1444,32797,137
T,2628,4,1472,33734,1444,32797,137
T,2629,4,1472,33734,1444,32797,138
T,2630,4,1472,33734,1444,32797,139
T,2631,4,1472,33734,1444,32797,137
T,2632,4,1472,33734,1444,32797,137
T,2633,4,1472,33734,1444,32797,137
T,2634,4,1472,33734,1444,32797,137
T,2635,4,1472,33734,1444,32797,137
T,2636,4,1472,33734,1444,32797,137
T,2637,4,1472,33734,1444,32797,137
T,2638,4,1472,33734,1444,32797,137
T,2639,4,1472,33734,1444,32797,137
T,2640,4,1472,33734,1444,32797,137
T,2641,4,1472,33734,1444,32797,137
T,2642,4,1472,33734,1444,32797,137
T,2643,4,1472,33734,1444,32797,137
T,2644,4,1472,33734,1444,32797,137
T,2645,4,1472,33734,1444,32797,137
T,2646,4,1472,33734,1444,32797,137
T,2647,4,1472,33734,1444,32797,137
T,2648,4,1472,33734,1444,32797,137
T,2649,4,1472,33734,1444,32797,137
T,2650,4,1472,33734,1444,32797,137
T,2651,4,1472,33734,1444,32797,137
T,2652,4,1472,33734,1444,32797,137
T,2653,4,1472,33734,1444,32797,137
T,2654,4,1472,33735,1444,32797,137
T,2655,4,1472,33735,1444,32797,137
T,2656,4,1472,33734,1444,32797,139
T,2657,4,1472,33734,1444,32797,137
T,2658,4,1472,33734,1444,32797,139
T,2659,4,1472,33734,1444,32797,137
T,2660,4,1472,33734,1444,32797,137
T,2661,4,1472,33734,1444,32797,137
T,2662,4,1472,33734,1444,32797,139
T,2663,4,1472,33734,1444,32797,137
T,2664,4,1472,33734,1444,32797,137
T,2665,4,1472,33734,1444,32797,137
T,2666,4,1472,33735,1444,32797,137
T,2667,4,1472,33734,1444,32797,137
T,2668,4,1472,33735,1444,32797,137
T,2669,4,1472,33734,1444,32797,137
T,2670,4,1472,33734,1444,32797,137
T,2671,4,1472,33734,1444,32797,137
T,2672,4,1472,33734,1444,32797,137
T,2673,4,1472,33734,1444,32797,137
T,2674,4,1472,33734,1444,32797,138
T,2675,4,1472,33734,1444,32797,137
T,2676,4,1472,33734,1444,32797,137
T,2677,4,1472,33734,1444,32797,137
T,2678,4,1472,33734,1444,32797,137
T,2679,4,1472,33734,1444,32797,137
T,2680,4,1472,33734,1444,32797,137
T,2681,4,1472,33734,1444,32797,137
T,2682,4,1472,33734,1444,32797,137
T,2683,4,1472,33734,1444,32797,137
T,2684,4,1472,33734,1444,32797,137
T,2685,4,1472,33734,1444,32797,137
T,2686,4,1472,33734,1444,32797,137
T,2687,4,1472,33734,1444,32797,137
T,2688,4,1472,33734,1444,32797,138
T,2689,4,1472,33734,1444,32797,137
T,2690,4,1472,33734,1444,32797,137
T,2691,4,1472,33734,1444,32797,137
T,2692,4,1472,33734,1444,32797,137
T,2693,4,1472,33734,1444,32797,138
T,2694,4,1472,33735,1444,32797,139
T,2695,4,1472,33734,1444,32797,137
T,2696,4,1472,33734,1444,32797,137
T,2697,4,1472,33734,1444,32797,137
T,2698,4,1472,33734,1444,32797,137
T,2699,4,1472,33734,1444,32797,137
T,2700,4,1472,33734,1444,32797,137
T,2701,4,1472,33734,1444,32797,137
T,2702,4,1472,33734,1444,32797,137
T,2703,4,1472,33734,1444,32797,137
T,2704,4,1472,33734,1444,32797,137
T,2705,4,1472,33734,1444,32797,137
T,2706,4,1472,33734,1444,32797,137
T,2707,4,1472,33734,1444,32797,137
T,2708,4,1472,33734,1444,32797,137
T,2709,4,1472,33734,1444,32797,137
T,2710,4,1472,33734,1444,32797,137
T,2711,4,1472,33734,1444,32797,137
T,2712,4,1472,33734,1444,32797,137
T,2713,4,1472,33734,1444,32797,137
T,2714,4,1472,33734,1444,32797,137
T,2715,4,1472,33735,1444,32797,137
T,2716,4,1472,33734,1444,32797,137
T,2717,4,1472,33734,1444,32797,137
T,2718,4,1472,33734,1444,32797,137
T,2719,4,1472,33734,1444,32797,137
T,2720,4,1472,33734,1444,32797,139
T,2721,4,1472,33734,1444,32797,137
T,2722,4,1472,33734,1444,32797,137
T,2723,4,1472,33734,1444,32797,137
T,2724,4,1472,33734,1444,32797,137
T,2725,4,1472,33734,1444,32797,137
T,2726,4,1472,33734,1444,32797,137
T,2727,4,1472,33735,1444,32797,137
T,2728,4,1472,33735,1444,32797,137
T,2729,4,1472,33734,1444,32797,137
T,2730,4,1472,33734,1444,32797,137
T,2731,4,1472,33734,1444,32797,137
T,2732,4,1472,33734,1444,32797,137
T,2733,4,1472,33735,1444,32797,137
T,2734,4,1472,33734,1444,32797,137
T,2735,4,1472,33734,1444,32797,137
T,2736,4,1472,33734,1444,32797,137
T,2737,4,1472,33734,1444,32797,137
T,2738,4,1472,33734,1444,32797,137
T,2739,4,1472,33734,1444,32797,139
T,2740,4,1472,33734,1444,32797,137
T,2741,4,1472,33734,1444,32797,137
T,2742,4,1472,33734,1444,32797,137
T,2743,4,1472,33734,1444,32797,137
T,2744,4,1472,33734,1444,32797,137
T,2745,4,1472,33734,1444,32797,137
T,2746,4,1472,33734,1444,32797,137
T,2747,4,1472,33734,1444,32797,137
T,2748,4,1472,33734,1444,32797,137
T,2749,4,1472,33734,1444,32797,137
T,2750,4,1472,33734,1444,32797,137
T,2751,4,1472,33735,1444,32797,137
T,2752,4,1472,33734,1444,32797,137
T,2753,4,1472,33734,1444,32797,137
T,2754,4,1472,33734,1444,32797,137
T,2755,4,1472,33734,1444,32797,137
T,2756,4,1472,33734,1444,32797,137
T,2757,4,1472,33734,1444,32797,139
T,2758,4,1472,33734,1444,32797,139
T,2759,4,1472,33734,1444,32797,137
T,2760,4,1472,33734,1444,32797,137
T,2761,4,1472,33734,1444,32797,137
T,2762,4,1472,33734,1444,32797,137
T,2763,4,1472,33735,1444,32797,137
T,2764,4,1472,33734,1444,32797,137
T,2765,4,1472,33734,1444,32797,137
T,2766,4,1472,33734,1444,32797,137
T,2767,4,1472,33734,1444,32797,137
T,2768,4,1472,33734,1444,32797,137
T,2769,4,1472,33734,1444,32797,137
T,2770,4,1472,33734,1444,32797,138
T,2771,4,1472,33734,1444,32797,139
T,2772,4,1472,33734,1444,32797,137
T,2773,4,1472,33734,1444,32797,137
T,2774,4,1472,33734,1444,32797,137
T,2775,4,1472,33734,1444,32797,137
T,2776,4,1472,33734,1444,32797,137
T,2777,4,1472,33734,1444,32797,137
T,2778,4,1472,33734,1444,32797,137
T,2779,4,1472,33734,1444,32797,137
T,2780,4,1472,33734,1444,32797,137
T,2781,4,1472,33734,1444,32797,137
T,2782,4,1472,33734,1444,32797,139
T,2783,4,1472,33734,1444,32797,139
T,2784,4,1472,33734,1444,32797,138
T,2785,4,1472,33734,1444,32797,137
T,2786,4,1472,33734,1444,32797,137
T,2787,4,1472,33734,1444,32797,137
T,2788,4,1472,33734,1444,32797,137
T,2789,4,1472,33734,1444,32797,137
T,2790,4,1472,33734,1444,32797,137
T,2791,4,1472,33735,1444,32797,137
T,2792,4,1472,33734,1444,32797,137
T,2793,4,1472,33734,1444,32797,137
T,2794,4,1472,33735,1444,32797,137
T,2795,4,1472,33734,1444,32797,137
T,2796,4,1472,33735,1444,32797,138
T,2797,4,1472,33734,1444,32797,139
T,2798,4,1472,33734,1444,32797,137
T,2799,4,1472,33734,1444,32797,137
T,2800,4,1472,33734,1444,32797,137
T,2801,4,1472,33734,1444,32797,137
T,2802,4,1472,33734,1444,32797,137
T,2803,4,1472,33734,1444,32797,137
T,2804,4,1472,33734,1444,32797,137
T,2805,4,1472,33734,1444,32797,137
T,2806,4,1472,33735,1444,32797,137
T,2807,4,1472,33734,1444,32797,137
T,2808,4,1472,33734,1444,32797,137
T,2809,4,1472,33734,1444,32797,138
T,2810,4,1472,33734,1444,32797,139
T,2811,4,1472,33734,1444,32797,137
T,2812,4,1472,33735,1444,32797,137
T,2813,4,1472,33734,1444,32797,137
T,2814,4,1472,33734,1444,32797,137
T,2815,4,1472,33734,1444,32797,137
T,2816,4,1472,33734,1444,32797,137
T,2817,4,1472,33734,1444,32797,137
T,2818,4,1472,33734,1444,32797,137
T,2819,4,1472,33734,1444,32797,137
T,2820,4,1472,33734,1444,32797,137
T,2821,4,1472,33735,1444,32797,137
T,2822,4,1472,33734,1444,32797,139
T,2823,4,1472,33734,1444,32797,139
T,2824,4,1472,33734,1444,32797,137
T,2825,4,1472,33734,1444,32797,137
T,2826,4,1472,33734,1444,32797,137
T,2827,4,1472,33734,1444,32797,139
T,2828,4,1472,33735,1444,32797,137
T,2829,4,1472,33734,1444,32797,139
T,2830,4,1472,33734,1444,32797,137
T,2831,4,1472,33734,1444,32797,137
T,2832,4,1472,33734,1444,32797,137
T,2833,4,1472,33734,1444,32797,137
T,2834,4,1472,33734,1444,32797,137
T,2835,4,1472,33734,1444,32797,137
T,2836,4,1472,33734,1444,32797,137
T,2837,4,1472,33734,1444,32797,137
T,2838,4,1472,33734,1444,32797,137
T,2839,4,1472,33734,1444,32797,137
T,2840,4,1472,33734,1444,32797,139
T,2841,4,1472,33734,1444,32797,139
T,2842,4,1472,33734,1444,32797,139
T,2843,4,1472,33734,1444,32797,137
T,2844,4,1472,33734,1444,32797,137
T,2845,4,1472,33734,1444,32797,137
T,2846,4,1472,33734,1444,32797,137
T,2847,4,1472,33734,1444,32797,137
T,2848,4,1472,33734,1444,32797,137
T,2849,4,1472,33734,1444,32797,137
T,2850,4,1472,33734,1444,32797,137
T,2851,4,1472,33734,1444,32797,137
T,2852,4,1472,33734,1444,32797,137
T,2853,4,1472,33734,1444,32797,137
T,2854,4,1472,33734,1444,32797,137
T,2855,4,1472,33734,1444,32797,137
T,2856,4,1472,33734,1444,32797,137
T,2857,4,1472,33734,1444,32797,137
T,2858,4,1472,33734,1444,32797,137
T,2859,4,1472,33734,1444,32797,137
T,2860,4,1472,33734,1444,32797,137
T,2861,4,1472,33734,1444,32797,137
T,2862,4,1472,33734,1444,32797,137
T,2863,4,1472,33734,1444,32797,137
T,2864,4,1472,33734,1444,32797,137
T,2865,4,1472,33734,1444,32797,137
T,2866,4,1472,33734,1444,32797,137
T,2867,4,1472,33734,1444,32797,137
T,2868,4,1472,33734,1444,32797,139
T,2869,4,1472,33734,1444,32797,137
T,2870,4,1472,33734,1444,32797,137
T,2871,4,1472,33734,1444,32797,137
T,2872,4,1472,33734,1444,32797,137
T,2873,4,1472,33734,1444,32797,137
T,2874,4,1472,33734,1444,32797,137
T,2875,4,1472,33734,1444,32797,137
T,2876,4,1472,33734,1444,32797,137
T,2877,4,1472,33734,1444,32797,137
T,2878,4,1472,33735,1444,32797,137
T,2879,4,1472,33734,1444,32797,137
T,2880,4,1472,33734,1444,32797,137
T,2881,4,1472,33735,1444,32797,139
T,2882,4,1472,33734,1444,32797,139
T,2883,4,1472,33734,1444,32797,137
T,2884,4,1472,33734,1444,32797,137
T,2885,4,1472,33735,1444,32797,137
T,2886,4,1472,33734,1444,32797,137
T,2887,4,1472,33734,1444,32797,137
T,2888,4,1472,33734,1444,32797,137
T,2889,4,1472,33734,1444,32797,137
T,2890,4,1472,33734,1444,32797,137
T,2891,4,1472,33734,1444,32797,137
T,2892,4,1472,33735,1444,32797,137
T,2893,4,1472,33734,1444,32797,138
T,2894,4,1472,33734,1444,32797,139
T,2895,4,1472,33734,1444,32797,137
T,2896,4,1472,33734,1444,32797,137
T,2897,4,1472,33734,1444,32797,137
T,2898,4,1472,33734,1444,32797,137
T,2899,4,1472,33735,1444,32797,137
T,2900,4,1472,33734,1444,32797,137
T,2901,4,1472,33734,1444,32797,137
T,2902,4,1472,33734,1444,32797,137
T,2903,4,1472,33734,1444,32797,137
T,2904,4,1472,33734,1444,32797,137
T,2905,4,1472,33734,1444,32797,137
T,2906,4,1472,33734,1444,32797,137
T,2907,4,1472,33734,1444,32797,137
T,2908,4,1472,33734,1444,32797,137
T,2909,4,1472,33734,1444,32797,137
T,2910,4,1472,33734,1444,32797,137
T,2911,4,1472,33734,1444,32797,137
T,2912,4,1472,33734,1444,32797,137
T,2913,4,1472,33734,1444,32797,137
T,2914,4,1472,33734,1444,32797,137
T,2915,4,1472,33734,1444,32797,137
T,2916,4,1472,33734,1444,32797,137
T,2917,4,1472,33734,1444,32797,137
T,2918,4,1472,33734,1444,32797,137
T,2919,4,1472,33734,1444,32797,138
T,2920,4,1472,33734,1444,32797,137
T,2921,4,1472,33734,1444,32797,137
T,2922,4,1472,33734,1444,32797,137
T,2923,4,1472,33734,1444,32797,137
T,2924,4,1472,33734,1444,32797,137
T,2925,4,1472,33734,1444,32797,137
T,2926,4,1472,33734,1444,32797,137
T,2927,4,1472,33734,1444,32797,137
T,2928,4,1472,33734,1444,32797,137
T,2929,4,1472,33734,1444,32797,137
T,2930,4,1472,33734,1444,32797,137
T,2931,4,1472,33734,1444,32797,137
T,2932,4,1472,33734,1444,32797,137
T,2933,4,1472,33734,1444,32797,137
T,2934,4,1472,33734,1444,32797,137
T,2935,4,1472,33734,1444,32797,137
T,2936,4,1472,33734,1444,32797,137
T,2937,4,1472,33734,1444,32797,137
T,2938,4,1472,33734,1444,32797,137
T,2939,4,1472,33734,1444,32797,137
T,2940,4,1472,33734,1444,32797,137
T,2941,4,1472,33734,1444,32797,137
T,2942,4,1472,33734,1444,32797,137
T,2943,4,1472,33734,1444,32797,137
T,2944,4,1472,33734,1444,32797,137
T,2945,4,1472,33734,1444,32797,138
T,2946,4,1472,33734,1444,32797,139
T,2947,4,1472,33734,1444,32797,139
T,2948,4,1472,33734,1444,32797,137
T,2949,4,1472,33734,1444,32797,137
T,2950,4,1472,33734,1444,32797,137
T,2951,4,1472,33734,1444,32797,137
T,2952,4,1472,33734,1444,32797,137
T,2953,4,1472,33734,1444,32797,137
T,2954,4,1472,33734,1444,32797,137
T,2955,4,1472,33734,1444,32797,137
T,2956,4,1472,33734,1444,32797,137
T,2957,4,1472,33734,1444,32797,138
T,2958,4,1472,33734,1444,32797,139
T,2959,4,1472,33734,1444,32797,139
T,2960,4,1472,33734,1444,32797,137
T,2961,4,1472,33734,1444,32797,137
T,2962,4,1472,33734,1444,32797,137
T,2963,4,1472,33734,1444,32797,137
T,2964,4,1472,33734,1444,32797,137
T,2965,4,1472,33734,1444,32797,137
T,2966,4,1472,33734,1444,32797,137
T,2967,4,1472,33734,1444,32797,137
T,2968,4,1472,33734,1444,32797,137
T,2969,4,1472,33734,1444,32797,137
T,2970,4,1472,33734,1444,32797,137
T,2971,4,1472,33734,1444,32797,139
T,2972,4,1472,33734,1444,32797,139
T,2973,4,1472,33734,1444,32797,137
T,2974,4,1472,33734,1444,32797,137
T,2975,4,1472,33734,1444,32797,137
T,2976,4,1472,33734,1444,32797,137
T,2977,4,1472,33734,1444,32797,137
T,2978,4,1472,33734,1444,32797,137
T,2979,4,1472,33734,1444,32797,137
T,2980,4,1472,33734,1444,32797,137
T,2981,4,1472,33734,1444,32797,137
T,2982,4,1472,33734,1444,32797,137
T,2983,4,1472,33734,1444,32797,139
T,2984,4,1472,33734,1444,32797,138
T,2985,4,1472,33734,1444,32797,139
T,2986,4,1472,33734,1444,32797,137
T,2987,4,1472,33735,1444,32797,137
T,2988,4,1472,33734,1444,32797,137
T,2989,4,1472,33734,1444,32797,137
T,2990,4,1472,33734,1444,32797,137
T,2991,4,1472,33734,1444,32797,137
T,2992,4,1472,33734,1444,32797,137
T,2993,4,1472,33734,1444,32797,137
T,2994,4,1472,33734,1444,32797,137
T,2995,4,1472,33734,1444,32797,137
T,2996,4,1472,33734,1444,32797,137
T,2997,4,1472,33734,1444,32797,137
T,2998,4,1472,33734,1444,32797,138
T,2999,4,1472,33734,1444,32797,137
T,3000,4,1472,33734,1444,32797,137
T,3001,4,1472,33734,1444,32797,137
T,3002,4,1472,33734,1444,32797,137
T,3003,4,1472,33734,1444,32797,137
T,3004,4,1472,33734,1444,32797,137
T,3005,4,1472,33734,1444,32797,137
T,3006,4,1472,33734,1444,32797,137
T,3007,4,1472,33734,1444,32797,137
T,3008,4,1472,33734,1444,32797,137
T,3009,4,1472,33734,1444,32797,137
T,3010,4,1472,33734,1444,32797,137
T,3011,4,1472,33734,1444,32797,139
T,3012,4,1472,33734,1444,32797,137
T,3013,4,1472,33734,1444,32797,137
T,3014,4,1472,33734,1444,32797,137
T,3015,4,1472,33734,1444,32797,137
T,3016,4,1472,33734,1444,32797,137
T,3017,4,1472,33734,1444,32797,137
T,3018,4,1472,33734,1444,32797,137
T,3019,4,1472,33734,1444,32797,137
T,3020,4,1472,33734,1444,32797,137
T,3021,4,1472,33735,1444,32797,137
T,3022,4,1472,33734,1444,32797,137
T,3023,4,1472,33734,1444,32797,137
T,3024,4,1472,33734,1444,32797,137
T,3025,4,1472,33734,1444,32797,137
T,3026,4,1472,33734,1444,32797,137
T,3027,4,1472,33735,1444,32797,137
T,3028,4,1472,33734,1444,32797,139
T,3029,4,1472,33734,1444,32797,139
T,3030,4,1472,33734,1444,32797,139
T,3031,4,1472,33734,1444,32797,137
T,3032,4,1472,33734,1444,32797,137
T,3033,4,1472,33734,1444,32797,137
T,3034,4,1472,33734,1444,32797,137
T,3035,4,1472,33734,1444,32797,137
T,3036,4,1472,33734,1444,32797,137
T,3037,4,1472,33734,1444,32797,137
T,3038,4,1472,33734,1444,32797,137
T,3039,4,1472,33734,1444,32797,137
T,3040,4,1472,33735,1444,32797,137
T,3041,4,1472,33735,1444,32797,137
T,3042,4,1472,33734,1444,32797,137
T,3043,4,1472,33734,1444,32797,139
T,3044,4,1472,33735,1444,32797,139
T,3045,4,1472,33734,1444,32797,137
T,3046,4,1472,33734,1444,32797,137
T,3047,4,1472,33734,1444,32797,137
T,3048,4,1472,33734,1444,32797,137
T,3049,4,1472,33734,1444,32797,137
T,3050,4,1472,33734,1444,32797,137
T,3051,4,1472,33734,1444,32797,137
T,3052,4,1472,33734,1444,32797,137
T,3053,4,1472,33734,1444,32797,137
T,3054,4,1472,33734,1444,32797,137
T,3055,4,1472,33734,1444,32797,138
T,3056,4,1472,33734,1444,32797,139
T,3057,4,1472,33734,1444,32797,139
T,3058,4,1472,33734,1444,32797,137
T,3059,4,1472,33734,1444,32797,137
T,3060,4,1472,33735,1444,32797,137
T,3061,4,1472,33734,1444,32797,137
T,3062,4,1472,33734,1444,32797,139
T,3063,4,1472,33734,1444,32797,137
T,3064,4,1472,33734,1444,32797,137
T,3065,4,1472,33735,1444,32797,137
T,3066,4,1472,33734,1444,32797,137
T,3067,4,1472,33734,1444,32797,137
T,3068,4,1472,33734,1444,32797,137
T,3069,4,1472,33734,1444,32797,137
T,3070,4,1472,33734,1444,32797,137
T,3071,4,1472,33734,1444,32797,137
T,3072,4,1472,33734,1444,32797,137
T,3073,4,1472,33734,1444,32797,137
T,3074,4,1472,33734,1444,32797,137
T,3075,4,1472,33734,1444,32797,139
T,3076,4,1472,33734,1444,32797,137
T,3077,4,1472,33734,1444,32797,137
T,3078,4,1472,33734,1444,32797,137
T,3079,4,1472,33734,1444,32797,137
T,3080,4,1472,33734,1444,32797,137
T,3081,4,1472,33734,1444,32797,137
T,3082,4,1472,33734,1444,32797,137
T,3083,4,1472,33734,1444,32797,137
T,3084,4,1472,33734,1444,32797,137
T,3085,4,1472,33734,1444,32797,137
T,3086,4,1472,33734,1444,32797,137
T,3087,4,1472,33734,1444,32797,137
T,3088,4,1472,33734,1444,32797,139
T,3089,4,1472,33734,1444,32797,137
T,3090,4,1472,33734,1444,32797,137
T,3091,4,1472,33734,1444,32797,137
T,3092,4,1472,33734,1444,32797,137
T,3093,4,1472,33734,1444,32797,137
T,3094,4,1472,33734,1444,32797,137
T,3095,4,1472,33735,1444,32797,137
T,3096,4,1472,33734,1444,32797,137
T,3097,4,1472,33734,1444,32797,137
T,3098,4,1472,33735,1444,32797,137
T,3099,4,1472,33734,1444,32797,137
T,3100,4,1472,33734,1444,32797,138
T,3101,4,1472,33734,1444,32797,139
T,3102,4,1472,33734,1444,32797,137
T,3103,4,1472,33734,1444,32797,137
T,3104,4,1472,33734,1444,32797,137
T,3105,4,1472,33734,1444,32797,137
T,3106,4,1472,33734,1444,32797,137
T,3107,4,1472,33734,1444,32797,137
T,3108,4,1472,33734,1444,32797,137
T,3109,4,1472,33735,1444,32797,137
T,3110,4,1472,33734,1444,32797,137
T,3111,4,1472,33734,1444,32797,137
T,3112,4,1472,33734,1444,32797,138
T,3113,4,1472,33734,1444,32797,139
T,3114,4,1472,33735,1444,32797,139
T,3115,4,1472,33734,1444,32797,137
T,3116,4,1472,33734,1444,32797,137
T,3117,4,1472,33735,1444,32797,137
T,3118,4,1472,33734,1444,32797,137
T,3119,4,1472,33734,1444,32797,138
T,3120,4,1472,33734,1444,32797,139
T,3121,4,1472,33735,1444,32797,139
T,3122,4,1472,33735,1444,32797,137
T,3123,4,1472,33734,1444,32797,137
T,3124,4,1472,33734,1444,32797,137
T,3125,4,1472,33734,1444,32797,137
T,3126,4,1472,33734,1444,32797,138
T,3127,4,1472,33735,1444,32797,137
T,3128,4,1472,33734,1444,32797,137
T,3129,4,1472,33734,1444,32797,137
T,3130,4,1472,33735,1444,32797,137
T,3131,4,1472,33734,1444,32797,137
T,3132,4,1472,33734,1444,32797,137
T,3133,4,1472,33734,1444,32797,139
T,3134,4,1472,33734,1444,32797,137
T,3135,4,1472,33734,1444,32797,137
T,3136,4,1472,33734,1444,32797,137
T,3137,4,1472,33734,1444,32797,137
T,3138,4,1472,33734,1444,32797,137
T,3139,4,1472,33734,1444,32797,137
T,3140,4,1472,33734,1444,32797,139
T,3141,4,1472,33735,1444,32797,137
T,3142,4,1472,33734,1444,32797,137
T,3143,4,1472,33734,1444,32797,137
T,3144,4,1472,33735,1444,32797,137
T,3145,4,1472,33734,1444,32797,137
T,3146,4,1472,33734,1444,32797,137
T,3147,4,1472,33734,1444,32797,137
T,3148,4,1472,33735,1444,32797,137
T,3149,4,1472,33734,1444,32797,137
T,3150,4,1472,33734,1444,32797,137
T,3151,4,1472,33734,1444,32797,137
T,3152,4,1472,33734,1444,32797,137
T,3153,4,1472,33734,1444,32797,139
T,3154,4,1472,33734,1444,32797,137
T,3155,4,1472,33735,1444,32797,139
T,3156,4,1472,33734,1444,32797,137
T,3157,4,1472,33734,1444,32797,137
T,3158,4,1472,33734,1444,32797,137
T,3159,4,1472,33734,1444,32797,137
T,3160,4,1472,33734,1444,32797,137
T,3161,4,1472,33734,1444,32797,137
T,3162,4,1472,33734,1444,32797,137
T,3163,4,1472,33734,1444,32797,137
T,3164,4,1472,33734,1444,32797,137
T,3165,4,1472,33734,1444,32797,138
T,3166,4,1472,33734,1444,32797,137
T,3167,4,1472,33734,1444,32797,137
T,3168,4,1472,33734,1444,32797,137
T,3169,4,1472,33734,1444,32797,137
T,3170,4,1472,33734,1444,32797,137
T,3171,4,1472,33734,1444,32797,137
T,3172,4,1472,33734,1444,32797,137
T,3173,4,1472,33734,1444,32797,137
T,3174,4,1472,33734,1444,32797,137
T,3175,4,1472,33734,1444,32797,137
T,3176,4,1472,33734,1444,32797,137
T,3177,4,1472,33734,1444,32797,137
T,3178,4,1472,33734,1444,32797,139
T,3179,4,1472,33734,1444,32797,139
T,3180,4,1472,33734,1444,32797,137
T,3181,4,1472,33734,1444,32797,137
T,3182,4,1472,33734,1444,32797,137
T,3183,4,1472,33734,1444,32797,137
T,3184,4,1472,33735,1444,32797,137
T,3185,4,1472,33734,1444,32797,137
T,3186,4,1472,33734,1444,32797,137
T,3187,4,1472,33735,1444,32797,137
T,3188,4,1472,33734,1444,32797,137
T,3189,4,1472,33734,1444,32797,137
T,3190,4,1472,33735,1444,32797,137
T,3191,4,1472,33734,1444,32797,138
T,3192,4,1472,33734,1444,32797,139
T,3193,4,1472,33734,1444,32797,139
T,3194,4,1472,33734,1444,32797,137
T,3195,4,1472,33734,1444,32797,137
T,3196,4,1472,33735,1444,32797,137
T,3197,4,1472,33734,1444,32797,137
T,3198,4,1472,33734,1444,32797,137
T,3199,4,1472,33734,1444,32797,137
T,3200,4,1472,33734,1444,32797,137
T,3201,4,1472,33734,1444,32797,137
T,3202,4,1472,33734,1444,32797,137
T,3203,4,1472,33734,1444,32797,137
T,3204,4,1472,33734,1444,32797,139
T,3205,4,1472,33734,1444,32797,139
T,3206,4,1472,33734,1444,32797,137
T,3207,4,1472,33734,1444,32797,137
T,3208,4,1472,33734,1444,32797,137
T,3209,4,1472,33734,1444,32797,137
T,3210,4,1472,33734,1444,32797,137
T,3211,4,1472,33734,1444,32797,137
T,3212,4,1472,33734,1444,32797,137
T,3213,4,1472,33735,1444,32797,137
T,3214,4,1472,33734,1444,32797,137
T,3215,4,1472,33734,1444,32797,137
T,3216,4,1472,33734,1444,32797,137
T,3217,4,1472,33734,1444,32797,137
T,3218,4,1472,33734,1444,32797,139
T,3219,4,1472,33734,1444,32797,137
T,3220,4,1472,33734,1444,32797,137
T,3221,4,1472,33734,1444,32797,137
T,3222,4,1472,33734,1444,32797,137
T,3223,4,1472,33734,1444,32797,137
T,3224,4,1472,33734,1444,32797,137
T,3225,4,1472,33734,1444,32797,137
T,3226,4,1472,33734,1444,32797,137
T,3227,4,1472,33734,1444,32797,137
T,3228,4,1472,33734,1444,32797,137
T,3229,4,1472,33734,1444,32797,137
T,3230,4,1472,33734,1444,32797,138
T,3231,4,1472,33734,1444,32797,137
T,3232,4,1472,33735,1444,32797,137
T,3233,4,1472,33734,1444,32797,137
T,3234,4,1472,33734,1444,32797,137
T,3235,4,1472,33734,1444,32797,137
T,3236,4,1472,33734,1444,32797,137
T,3237,4,1472,33734,1444,32797,139
T,3238,4,1472,33734,1444,32797,137
T,3239,4,1472,33734,1444,32797,137
T,3240,4,1472,33734,1444,32797,137
T,3241,4,1472,33734,1444,32797,137
T,3242,4,1472,33735,1444,32797,137
T,3243,4,1472,33734,1444,32797,137
T,3244,4,1472,33734,1444,32797,137
T,3245,4,1472,33734,1444,32797,137
T,3246,4,1472,33734,1444,32797,137
T,3247,4,1472,33734,1444,32797,137
T,3248,4,1472,33734,1444,32797,137
T,3249,4,1472,33734,1444,32797,137
T,3250,4,1472,33734,1444,32797,139
T,3251,4,1472,33734,1444,32797,139
T,3252,4,1472,33734,1444,32797,137
T,3253,4,1472,33734,1444,32797,137
T,3254,4,1472,33735,1444,32797,137
T,3255,4,1472,33735,1444,32797,137
T,3256,4,1472,33734,1444,32797,137
T,3257,4,1472,33734,1444,32797,137
T,3258,4,1472,33734,1444,32797,137
T,3259,4,1472,33734,1444,32797,137
T,3260,4,1472,33734,1444,32797,137
T,3261,4,1472,33735,1444,32797,137
T,3262,4,1472,33734,1444,32797,139
T,3263,4,1472,33734,1444,32797,137
T,3264,4,1472,33734,1444,32797,139
T,3265,4,1472,33734,1444,32797,137
T,3266,4,1472,33734,1444,32797,137
T,3267,4,1472,33735,1444,32797,137
T,3268,4,1472,33734,1444,32797,137
T,3269,4,1472,33734,1444,32797,137
T,3270,4,1472,33734,1444,32797,137
T,3271,4,1472,33734,1444,32797,137
T,3272,4,1472,33734,1444,32797,137
T,3273,4,1472,33734,1444,32797,137
T,3274,4,1472,33735,1444,32797,137
T,3275,4,1472,33735,1444,32797,139
T,3276,4,1472,33734,1444,32797,139
T,3277,4,1472,33735,1444,32797,137
T,3278,4,1472,33734,1444,32797,137
T,3279,4,1472,33734,1444,32797,137
T,3280,4,1472,33734,1444,32797,137
T,3281,4,1472,33734,1444,32797,137
T,3282,4,1472,33734,1444,32797,137
T,3283,4,1472,33734,1444,32797,137
T,3284,4,1472,33734,1444,32797,137
T,3285,4,1472,33734,1444,32797,137
T,3286,4,1472,33734,1444,32797,137
T,3287,4,1472,33734,1444,32797,137
T,3288,4,1472,33734,1444,32797,138
T,3289,4,1472,33734,1444,32797,139
T,3290,4,1472,33734,1444,32797,137
T,3291,4,1472,33734,1444,32797,137
T,3292,4,1472,33734,1444,32797,137
T,3293,4,1472,33734,1444,32797,137
T,3294,4,1472,33734,1444,32797,137
T,3295,4,1472,33734,1444,32797,137
T,3296,4,1472,33734,1444,32797,137
T,3297,4,1472,33734,1444,32797,137
T,3298,4,1472,33734,1444,32797,137
T,3299,4,1472,33734,1444,32797,137
T,3300,4,1472,33734,1444,32797,137
T,3301,4,1472,33734,1444,32797,138
T,3302,4,1472,33734,1444,32797,137
T,3303,4,1472,33734,1444,32797,137
T,3304,4,1472,33734,1444,32797,137
T,3305,4,1472,33735,1444,32797,137
T,3306,4,1472,33734,1444,32797,137
T,3307,4,1472,33734,1444,32797,137
T,3308,4,1472,33734,1444,32797,137
T,3309,4,1472,33735,1444,32797,137
T,3310,4,1472,33734,1444,32797,137
T,3311,4,1472,33735,1444,32797,137
T,3312,4,1472,33734,1444,32797,137
T,3313,4,1472,33734,1444,32797,137
T,3314,4,1472,33734,1444,32797,137
T,3315,4,1472,33734,1444,32797,139
T,3316,4,1472,33734,1444,32797,137
T,3317,4,1472,33734,1444,32797,137
T,3318,4,1472,33734,1444,32797,137
T,3319,4,1472,33734,1444,32797,137
T,3320,4,1472,33734,1444,32797,137
T,3321,4,1472,33734,1444,32797,137
T,3322,4,1472,33735,1444,32797,137
T,3323,4,1472,33735,1444,32797,137
T,3324,4,1472,33735,1444,32797,137
T,3325,4,1472,33734,1444,32797,137
T,3326,4,1472,33735,1444,32797,138
T,3327,4,1472,33734,1444,32797,138
T,3328,4,1472,33734,1444,32797,139
T,3329,4,1472,33734,1444,32797,139
T,3330,4,1472,33734,1444,32797,137
T,3331,4,1472,33734,1444,32797,137
T,3332,4,1472,33734,1444,32797,137
T,3333,4,1472,33734,1444,32797,137
T,3334,4,1472,33734,1444,32797,137
T,3335,4,1472,33734,1444,32797,137
T,3336,4,1472,33734,1444,32797,137
T,3337,4,1472,33734,1444,32797,137
T,3338,4,1472,33734,1444,32797,137
T,3339,4,1472,33734,1444,32797,137
T,3340,4,1472,33734,1444,32797,139
T,3341,4,1472,33734,1444,32797,137
T,3342,4,1472,33734,1444,32797,137
T,3343,4,1472,33734,1444,32797,137
T,3344,4,1472,33734,1444,32797,137
T,3345,4,1472,33734,1444,32797,137
T,3346,4,1472,33734,1444,32797,137
T,3347,4,1472,33734,1444,32797,137
T,3348,4,1472,33734,1444,32797,137
T,3349,4,1472,33734,1444,32797,137
T,3350,4,1472,33734,1444,32797,137
T,3351,4,1472,33734,1444,32797,137
T,3352,4,1472,33734,1444,32797,137
T,3353,4,1472,33734,1444,32797,138
T,3354,4,1472,33734,1444,32797,139
T,3355,4,1472,33734,1444,32797,137
T,3356,4,1472,33734,1444,32797,137
T,3357,4,1472,33734,1444,32797,137
T,3358,4,1472,33734,1444,32797,137
T,3359,4,1472,33734,1444,32797,137
T,3360,4,1472,33734,1444,32797,137
T,3361,4,1472,33734,1444,32797,137
T,3362,4,1472,33734,1444,32797,137
T,3363,4,1472,33734,1444,32797,137
T,3364,4,1472,33735,1444,32797,137
T,3365,4,1472,33734,1444,32797,137
T,3366,4,1472,33734,1444,32797,139
T,3367,4,1472,33734,1444,32797,139
T,3368,4,1472,33734,1444,32797,139
T,3369,4,1472,33734,1444,32797,137
T,3370,4,1472,33735,1444,32797,137
T,3371,4,1472,33734,1444,32797,137
T,3372,4,1472,33734,1444,32797,137
T,3373,4,1472,33735,1444,32797,137
T,3374,4,1472,33734,1444,32797,137
T,3375,4,1472,33734,1444,32797,137
T,3376,4,1472,33734,1444,32797,137
T,3377,4,1472,33734,1444,32797,137
T,3378,4,1472,33735,1444,32797,137
T,3379,4,1472,33734,1444,32797,137
T,3380,4,1472,33734,1444,32797,139
T,3381,4,1472,33734,1444,32797,137
T,3382,4,1472,33734,1444,32797,137
T,3383,4,1472,33734,1444,32797,137
T,3384,4,1472,33734,1444,32797,137
T,3385,4,1472,33734,1444,32797,137
T,3386,4,1472,33734,1444,32797,137
T,3387,4,1472,33734,1444,32797,137
T,3388,4,1472,33734,1444,32797,137
T,3389,4,1472,33734,1444,32797,137
T,3390,4,1472,33734,1444,32797,137
T,3391,4,1472,33735,1444,32797,137
T,3392,4,1472,33735,1444,32797,138
T,3393,4,1472,33734,1444,32797,139
T,3394,4,1472,33734,1444,32797,139
T,3395,4,1472,33734,1444,32797,137
T,3396,4,1472,33734,1444,32797,137
T,3397,4,1472,33734,1444,32797,137
T,3398,4,1472,33734,1444,32797,137
T,3399,4,1472,33734,1444,32797,137
T,3400,4,1472,33734,1444,32797,137
T,3401,4,1472,33734,1444,32797,137
T,3402,4,1472,33735,1444,32797,137
T,3403,4,1472,33734,1444,32797,137
T,3404,4,1472,33734,1444,32797,137
T,3405,4,1472,33734,1444,32797,138
T,3406,4,1472,33735,1444,32797,139
T,3407,4,1472,33735,1444,32797,139
T,3408,4,1472,33735,1444,32797,137
T,3409,4,1472,33735,1444,32797,137
T,3410,4,1472,33734,1444,32797,137
T,3411,4,1472,33734,1444,32797,137
T,3412,4,1472,33734,1444,32797,137
T,3413,4,1472,33734,1444,32797,137
T,3414,4,1472,33734,1444,32797,137
T,3415,4,1472,33734,1444,32797,137
T,3416,4,1472,33734,1444,32797,137
T,3417,4,1472,33735,1444,32797,137
T,3418,4,1472,33734,1444,32797,138
T,3419,4,1472,33734,1444,32797,137
T,3420,4,1472,33734,1444,32797,137
T,3421,4,1472,33734,1444,32797,137
T,3422,4,1472,33734,1444,32797,137
T,3423,4,1472,33734,1444,32797,137
T,3424,4,1472,33734,1444,32797,137
T,3425,4,1472,33734,1444,32797,137
T,3426,4,1472,33734,1444,32797,137
T,3427,4,1472,33734,1444,32797,137
T,3428,4,1472,33735,1444,32797,137
T,3429,4,1472,33734,1444,32797,137
T,3430,4,1472,33735,1444,32797,137
T,3431,4,1472,33734,1444,32797,137
T,3432,4,1472,33734,1444,32797,137
T,3433,4,1472,33734,1444,32797,137
T,3434,4,1472,33734,1444,32797,137
T,3435,4,1472,33735,1444,32797,137
T,3436,4,1472,33734,1444,32797,137
T,3437,4,1472,33735,1444,32797,137
T,3438,4,1472,33734,1444,32797,139
T,3439,4,1472,33734,1444,32797,139
T,3440,4,1472,33734,1444,32797,137
T,3441,4,1472,33734,1444,32797,137
T,3442,4,1472,33734,1444,32797,137
T,3443,4,1472,33734,1444,32797,137
T,3444,4,1472,33734,1444,32797,137
T,3445,4,1472,33734,1444,32797,137
T,3446,4,1472,33734,1444,32797,137
T,3447,4,1472,33734,1444,32797,137
T,3448,4,1472,33734,1444,32797,137
T,3449,4,1472,33734,1444,32797,137
T,3450,4,1472,33734,1444,32797,138
T,3451,4,1472,33734,1444,32797,139
T,3452,4,1472,33734,1444,32797,137
T,3453,4,1472,33734,1444,32797,137
T,3454,4,1472,33735,1444,32797,137
T,3455,4,1472,33734,1444,32797,137
T,3456,4,1472,33734,1444,32797,137
T,3457,4,1472,33734,1444,32797,137
T,3458,4,1472,33734,1444,32797,137
T,3459,4,1472,33734,1444,32797,137
T,3460,4,1472,33734,1444,32797,137
T,3461,4,1472,33734,1444,32797,137
T,3462,4,1472,33734,1444,32797,137
T,3463,4,1472,33734,1444,32797,138
T,3464,4,1472,33734,1444,32797,137
T,3465,4,1472,33734,1444,32797,137
T,3466,4,1472,33734,1444,32797,137
T,3467,4,1472,33734,1444,32797,137
T,3468,4,1472,33734,1444,32797,137
T,3469,4,1472,33734,1444,32797,137
T,3470,4,1472,33734,1444,32797,137
T,3471,4,1472,33734,1444,32797,137
T,3472,4,1472,33734,1444,32797,137
T,3473,4,1472,33734,1444,32797,137
T,3474,4,1472,33734,1444,32797,137
T,3475,4,1472,33735,1444,32797,137
T,3476,4,1472,33735,1444,32797,137
T,3477,4,1472,33734,1444,32797,139
T,3478,4,1472,33734,1444,32797,137
T,3479,4,1472,33735,1444,32797,137
T,3480,4,1472,33734,1444,32797,137
T,3481,4,1472,33734,1444,32797,137
T,3482,4,1472,33734,1444,32797,137
T,3483,4,1472,33734,1444,32797,137
T,3484,4,1472,33734,1444,32797,137
T,3485,4,1472,33734,1444,32797,137
T,3486,4,1472,33734,1444,32797,137
T,3487,4,1472,33734,1444,32797,137
T,3488,4,1472,33734,1444,32797,137
T,3489,4,1472,33734,1444,32797,137
T,3490,4,1472,33734,1444,32797,139
T,3491,4,1472,33734,1444,32797,139
T,3492,4,1472,33734,1444,32797,137
T,3493,4,1472,33734,1444,32797,137
T,3494,4,1472,33734,1444,32797,137
T,3495,4,1472,33734,1444,32797,137
T,3496,4,1472,33734,1444,32797,137
T,3497,4,1472,33734,1444,32797,137
T,3498,4,1472,33734,1444,32797,137
T,3499,4,1472,33734,1444,32797,137
T,3500,4,1472,33734,1444,32797,137
T,3501,4,1472,33734,1444,32797,137
T,3502,4,1472,33734,1444,32797,139
T,3503,4,1472,33734,1444,32797,139
T,3504,4,1472,33734,1444,32797,137
T,3505,4,1472,33734,1444,32797,137
T,3506,4,1472,33734,1444,32797,137
T,3507,4,1472,33734,1444,32797,137
T,3508,4,1472,33735,1444,32797,137
T,3509,4,1472,33734,1444,32797,139
T,3510,4,1472,33734,1444,32797,137
T,3511,4,1472,33735,1444,32797,137
T,3512,4,1472,33734,1444,32797,137
T,3513,4,1472,33734,1444,32797,137
T,3514,4,1472,33734,1444,32797,137
T,3515,4,1472,33734,1444,32797,137
T,3516,4,1472,33735,1444,32797,137
T,3517,4,1472,33734,1444,32797,137
T,3518,4,1472,33734,1444,32797,137
T,3519,4,1472,33734,1444,32797,137
T,3520,4,1472,33734,1444,32797,137
T,3521,4,1472,33734,1444,32797,137
T,3522,4,1472,33734,1444,32797,139
T,3523,4,1472,33734,1444,32797,139
T,3524,4,1472,33734,1444,32797,137
T,3525,4,1472,33735,1444,32797,137
T,3526,4,1472,33734,1444,32797,137
T,3527,4,1472,33734,1444,32797,137
T,3528,4,1472,33734,1444,32797,137
T,3529,4,1472,33734,1444,32797,137
T,3530,4,1472,33734,1444,32797,137
T,3531,4,1472,33734,1444,32797,137
T,3532,4,1472,33734,1444,32797,137
T,3533,4,1472,33734,1444,32797,137
T,3534,4,1472,33734,1444,32797,137
T,3535,4,1472,33734,1444,32797,137
T,3536,4,1472,33734,1444,32797,137
T,3537,4,1472,33734,1444,32797,137
T,3538,4,1472,33734,1444,32797,137
T,3539,4,1472,33734,1444,32797,137
T,3540,4,1472,33734,1444,32797,139
T,3541,4,1472,33734,1444,32797,137
T,3542,4,1472,33734,1444,32797,137
T,3543,4,1472,33734,1444,32797,137
T,3544,4,1472,33734,1444,32797,137
T,3545,4,1472,33734,1444,32797,137
T,3546,4,1472,33734,1444,32797,137
T,3547,4,1472,33734,1444,32797,137
T,3548,4,1472,33734,1444,32797,137
T,3549,4,1472,33734,1444,32797,137
T,3550,4,1472,33735,1444,32797,137
T,3551,4,1472,33735,1444,32797,137
T,3552,4,1472,33734,1444,32797,137
T,3553,4,1472,33735,1444,32797,137
T,3554,4,1472,33734,1444,32797,139
T,3555,4,1472,33734,1444,32797,137
T,3556,4,1472,33734,1444,32797,137
T,3557,4,1472,33734,1444,32797,137
T,3558,4,1472,33734,1444,32797,137
T,3559,4,1472,33734,1444,32797,137
T,3560,4,1472,33734,1444,32797,137
T,3561,4,1472,33734,1444,32797,137
T,3562,4,1472,33735,1444,32797,137
T,3563,4,1472,33734,1444,32797,137
T,3564,4,1472,33734,1444,32797,137
T,3565,4,1472,33734,1444,32797,137
T,3566,4,1472,33734,1444,32797,137
T,3567,4,1472,33734,1444,32797,137
T,3568,4,1472,33734,1444,32797,137
T,3569,4,1472,33734,1444,32797,137
T,3570,4,1472,33734,1444,32797,137
T,3571,4,1472,33734,1444,32797,137
T,3572,4,1472,33734,1444,32797,139
T,3573,4,1472,33734,1444,32797,138
T,3574,4,1472,33734,1444,32797,137
T,3575,4,1472,33735,1444,32797,137
T,3576,4,1472,33735,1444,32797,137
T,3577,4,1472,33734,1444,32797,137
T,3578,4,1472,33734,1444,32797,137
T,3579,4,1472,33734,1444,32797,137
T,3580,4,1472,33734,1444,32797,137
T,3581,4,1472,33734,1444,32797,137
T,3582,4,1472,33734,1444,32797,137
T,3583,4,1472,33734,1444,32797,137
T,3584,4,1472,33734,1444,32797,137
T,3585,4,1472,33734,1444,32797,138
T,3586,4,1472,33734,1444,32797,139
T,3587,4,1472,33734,1444,32797,139
T,3588,4,1472,33734,1444,32797,137
T,3589,4,1472,33734,1444,32797,137
T,3590,4,1472,33734,1444,32797,137
T,3591,4,1472,33734,1444,32797,137
T,3592,4,1472,33734,1444,32797,137
T,3593,4,1472,33734,1444,32797,137
T,3594,4,1472,33734,1444,32797,137
T,3595,4,1472,33734,1444,32797,137
T,3596,4,1472,33734,1444,32797,137
T,3597,4,1472,33734,1444,32797,139
T,3598,4,1472,33734,1444,32797,139
T,3599,4,1472,33734,1444,32797,139
T,3600,4,1472,33734,1444,32797,137
T,3601,4,1472,33734,1444,32797,137
T,3602,4,1472,33734,1444,32797,137
T,3603,4,1472,33735,1444,32797,137
T,3604,4,1472,33735,1444,32797,137
T,3605,4,1472,33734,1444,32797,137
T,3606,4,1472,33734,1444,32797,137
T,3607,4,1472,33734,1444,32797,137
T,3608,4,1472,33734,1444,32797,137
T,3609,4,1472,33734,1444,32797,137
T,3610,4,1472,33734,1444,32797,139
T,3611,4,1472,33734,1444,32797,138
T,3612,4,1472,33734,1444,32797,137
T,3613,4,1472,33734,1444,32797,137
T,3614,4,1472,33734,1444,32797,137
T,3615,4,1472,33734,1444,32797,137
T,3616,4,1472,33734,1444,32797,137
T,3617,4,1472,33734,1444,32797,137
T,3618,4,1472,33734,1444,32797,137
T,3619,4,1472,33734,1444,32797,137
T,3620,4,1472,33734,1444,32797,137
T,3621,4,1472,33734,1444,32797,137
T,3622,4,1472,33734,1444,32797,137
T,3623,4,1472,33734,1444,32797,137
T,3624,4,1472,33734,1444,32797,138
T,3625,4,1472,33734,1444,32797,139
T,3626,4,1472,33734,1444,32797,137
T,3627,4,1472,33734,1444,32797,137
T,3628,4,1472,33734,1444,32797,137
T,3629,4,1472,33734,1444,32797,137
T,3630,4,1472,33734,1444,32797,137
T,3631,4,1472,33734,1444,32797,137
T,3632,4,1472,33734,1444,32797,137
T,3633,4,1472,33734,1444,32797,137
T,3634,4,1472,33734,1444,32797,137
T,3635,4,1472,33735,1444,32797,137
T,3636,4,1472,33734,1444,32797,139
T,3637,4,1472,33735,1444,32797,139
T,3638,4,1472,33734,1444,32797,137
T,3639,4,1472,33734,1444,32797,137
T,3640,4,1472,33734,1444,32797,137
T,3641,4,1472,33734,1444,32797,137
T,3642,4,1472,33734,1444,32797,137
T,3643,4,1472,33734,1444,32797,137
T,3644,4,1472,33735,1444,32797,139
T,3645,4,1472,33735,1444,32797,137
T,3646,4,1472,33734,1444,32797,137
T,3647,4,1472,33735,1444,32797,137
T,3648,4,1472,33734,1444,32797,137
T,3649,4,1472,33734,1444,32797,137
T,3650,4,1472,33734,1444,32797,137
T,3651,4,1472,33734,1444,32797,137
T,3652,4,1472,33734,1444,32797,137
T,3653,4,1472,33734,1444,32797,137
T,3654,4,1472,33734,1444,32797,137
T,3655,4,1472,33734,1444,32797,137
T,3656,4,1472,33734,1444,32797,139
T,3657,4,1472,33734,1444,32797,139
T,3658,4,1472,33734,1444,32797,137
T,3659,4,1472,33734,1444,32797,137
T,3660,4,1472,33735,1444,32797,137
T,3661,4,1472,33734,1444,32797,137
T,3662,4,1472,33734,1444,32797,137
T,3663,4,1472,33734,1444,32797,137
T,3664,4,1472,33735,1444,32797,137
T,3665,4,1472,33734,1444,32797,137
T,3666,4,1472,33734,1444,32797,137
T,3667,4,1472,33734,1444,32797,137
T,3668,4,1472,33734,1444,32797,139
T,3669,4,1472,33734,1444,32797,138
T,3670,4,1472,33734,1444,32797,137
T,3671,4,1472,33734,1444,32797,137
T,3672,4,1472,33734,1444,32797,137
T,3673,4,1472,33734,1444,32797,137
T,3674,4,1472,33734,1444,32797,137
T,3675,4,1472,33734,1444,32797,139
T,3676,4,1472,33734,1444,32797,139
T,3677,4,1472,33734,1444,32797,137
T,3678,4,1472,33734,1444,32797,137
T,3679,4,1472,33734,1444,32797,137
T,3680,4,1472,33734,1444,32797,137
T,3681,4,1472,33734,1444,32797,137
T,3682,4,1472,33734,1444,32797,137
T,3683,4,1472,33734,1444,32797,137
T,3684,4,1472,33734,1444,32797,137
T,3685,4,1472,33734,1444,32797,137
T,3686,4,1472,33735,1444,32797,137
T,3687,4,1472,33734,1444,32797,137
T,3688,4,1472,33734,1444,32797,137
T,3689,4,1472,33734,1444,32797,139
T,3690,4,1472,33734,1444,32797,137
T,3691,4,1472,33734,1444,32797,137
T,3692,4,1472,33734,1444,32797,137
T,3693,4,1472,33734,1444,32797,137
T,3694,4,1472,33734,1444,32797,137
T,3695,4,1472,33734,1444,32797,139
T,3696,4,1472,33734,1444,32797,139
T,3697,4,1472,33734,1444,32797,137
T,3698,4,1472,33734,1444,32797,137
T,3699,4,1472,33734,1444,32797,137
T,3700,4,1472,33734,1444,32797,137
T,3701,4,1472,33735,1444,32797,137
T,3702,4,1472,33734,1444,32797,137
T,3703,4,1472,33734,1444,32797,137
T,3704,4,1472,33734,1444,32797,137
T,3705,4,1472,33734,1444,32797,137
T,3706,4,1472,33734,1444,32797,137
T,3707,4,1472,33735,1444,32797,137
T,3708,4,1472,33734,1444,32797,139
T,3709,4,1472,33734,1444,32797,137
T,3710,4,1472,33734,1444,32797,137
T,3711,4,1472,33734,1444,32797,137
T,3712,4,1472,33734,1444,32797,137
T,3713,4,1472,33734,1444,32797,137
T,3714,4,1472,33734,1444,32797,137
T,3715,4,1472,33734,1444,32797,137
T,3716,4,1472,33734,1444,32797,137
T,3717,4,1472,33734,1444,32797,137
T,3718,4,1472,33735,1444,32797,137
T,3719,4,1472,33734,1444,32797,137
T,3720,4,1472,33734,1444,32797,137
T,3721,4,1472,33734,1444,32797,137
T,3722,4,1472,33735,1444,32797,137
T,3723,4,1472,33734,1444,32797,137
T,3724,4,1472,33734,1444,32797,137
T,3725,4,1472,33734,1444,32797,137
T,3726,4,1472,33734,1444,32797,138
T,3727,4,1472,33734,1444,32797,139
T,3728,4,1472,33734,1444,32797,137
T,3729,4,1472,33734,1444,32797,137
T,3730,4,1472,33734,1444,32797,137
T,3731,4,1472,33734,1444,32797,137
T,3732,4,1472,33734,1444,32797,137
T,3733,4,1472,33734,1444,32797,137
T,3734,4,1472,33734,1444,32797,137
T,3735,4,1472,33734,1444,32797,137
T,3736,4,1472,33734,1444,32797,137
T,3737,4,1472,33734,1444,32797,137
T,3738,4,1472,33734,1444,32797,137
T,3739,4,1472,33734,1444,32797,138
T,3740,4,1472,33734,1444,32797,139
T,3741,4,1472,33734,1444,32797,137
T,3742,4,1472,33734,1444,32797,137
T,3743,4,1472,33734,1444,32797,137
T,3744,4,1472,33734,1444,32797,137
T,3745,4,1472,33735,1444,32797,137
T,3746,4,1472,33735,1444,32797,137
T,3747,4,1472,33734,1444,32797,139
T,3748,4,1472,33734,1444,32797,137
T,3749,4,1472,33734,1444,32797,137
T,3750,4,1472,33734,1444,32797,137
T,3751,4,1472,33734,1444,32797,137
T,3752,4,1472,33734,1444,32797,137
T,3753,4,1472,33735,1444,32797,137
T,3754,4,1472,33734,1444,32797,137
T,3755,4,1472,33735,1444,32797,137
T,3756,4,1472,33734,1444,32797,137
T,3757,4,1472,33734,1444,32797,137
T,3758,4,1472,33734,1444,32797,139
T,3759,4,1472,33734,1444,32797,139
T,3760,4,1472,33734,1444,32797,137
T,3761,4,1472,33734,1444,32797,137
T,3762,4,1472,33734,1444,32797,137
T,3763,4,1472,33734,1444,32797,137
T,3764,4,1472,33734,1444,32797,137
T,3765,4,1472,33734,1444,32797,137
T,3766,4,1472,33734,1444,32797,137
T,3767,4,1472,33734,1444,32797,137
T,3768,4,1472,33734,1444,32797,137
T,3769,4,1472,33734,1444,32797,137
T,3770,4,1472,33734,1444,32797,137
T,3771,4,1472,33734,1444,32797,137
T,3772,4,1472,33734,1444,32797,139
T,3773,4,1472,33734,1444,32797,137
T,3774,4,1472,33734,1444,32797,137
T,3775,4,1472,33734,1444,32797,137
T,3776,4,1472,33734,1444,32797,137
T,3777,4,1472,33734,1444,32797,137
T,3778,4,1472,33734,1444,32797,137
T,3779,4,1472,33734,1444,32797,137
T,3780,4,1472,33734,1444,32797,137
T,3781,4,1472,33735,1444,32797,137
T,3782,4,1472,33735,1444,32797,137
T,3783,4,1472,33735,1444,32797,137
T,3784,4,1472,33734,1444,32797,137
T,3785,4,1472,33735,1444,32797,139
T,3786,4,1472,33734,1444,32797,137
T,3787,4,1472,33734,1444,32797,137
T,3788,4,1472,33734,1444,32797,137
T,3789,4,1472,33734,1444,32797,137
T,3790,4,1472,33734,1444,32797,137
T,3791,4,1472,33734,1444,32797,137
T,3792,4,1472,33734,1444,32797,139
T,3793,4,1472,33734,1444,32797,137
T,3794,4,1472,33734,1444,32797,137
T,3795,4,1472,33734,1444,32797,137
T,3796,4,1472,33735,1444,32797,137
T,3797,4,1472,33734,1444,32797,137
T,3798,4,1472,33735,1444,32797,137
T,3799,4,1472,33735,1444,32797,137
T,3800,4,1472,33734,1444,32797,137
T,3801,4,1472,33734,1444,32797,137
T,3802,4,1472,33734,1444,32797,137
T,3803,4,1472,33735,1444,32797,137
T,3804,4,1472,33734,1444,32797,137
T,3805,4,1472,33734,1444,32797,137
T,3806,4,1472,33734,1444,32797,137
T,3807,4,1472,33734,1444,32797,137
T,3808,4,1472,33734,1444,32797,137
T,3809,4,1472,33734,1444,32797,137
T,3810,4,1472,33734,1444,32797,137
T,3811,4,1472,33734,1444,32797,139
T,3812,4,1472,33734,1444,32797,137
T,3813,4,1472,33734,1444,32797,137
T,3814,4,1472,33734,1444,32797,137
T,3815,4,1472,33735,1444,32797,137
T,3816,4,1472,33734,1444,32797,137
T,3817,4,1472,33734,1444,32797,137
T,3818,4,1472,33734,1444,32797,137
T,3819,4,1472,33734,1444,32797,137
T,3820,4,1472,33734,1444,32797,137
T,3821,4,1472,33734,1444,32797,137
T,3822,4,1472,33734,1444,32797,137
T,3823,4,1472,33735,1444,32797,137
T,3824,4,1472,33734,1444,32797,137
T,3825,4,1472,33734,1444,32797,137
T,3826,4,1472,33734,1444,32797,137
T,3827,4,1472,33734,1444,32797,137
T,3828,4,1472,33734,1444,32797,137
T,3829,4,1472,33735,1444,32797,139
T,3830,4,1472,33734,1444,32797,139
T,3831,4,1472,33734,1444,32797,137
T,3832,4,1472,33734,1444,32797,137
T,3833,4,1472,33734,1444,32797,137
T,3834,4,1472,33734,1444,32797,137
T,3835,4,1472,33734,1444,32797,137
T,3836,4,1472,33734,1444,32797,137
T,3837,4,1472,33734,1444,32797,137
T,3838,4,1472,33734,1444,32797,137
T,3839,4,1472,33734,1444,32797,137
T,3840,4,1472,33734,1444,32797,137
T,3841,4,1472,33734,1444,32797,137
T,3842,4,1472,33734,1444,32797,137
T,3843,4,1472,33734,1444,32797,139
T,3844,4,1472,33734,1444,32797,137
T,3845,4,1472,33734,1444,32797,137
T,3846,4,1472,33734,1444,32797,137
T,3847,4,1472,33734,1444,32797,137
T,3848,4,1472,33734,1444,32797,137
T,3849,4,1472,33734,1444,32797,137
T,3850,4,1472,33734,1444,32797,137
T,3851,4,1472,33734,1444,32797,137
T,3852,4,1472,33734,1444,32797,137
T,3853,4,1472,33734,1444,32797,137
T,3854,4,1472,33734,1444,32797,137
T,3855,4,1472,33734,1444,32797,137
T,3856,4,1472,33734,1444,32797,139
T,3857,4,1472,33734,1444,32797,137
T,3858,4,1472,33734,1444,32797,137
T,3859,4,1472,33734,1444,32797,137
T,3860,4,1472,33734,1444,32797,137
T,3861,4,1472,33734,1444,32797,137
T,3862,4,1472,33734,1444,32797,137
T,3863,4,1472,33734,1444,32797,137
T,3864,4,1472,33734,1444,32797,137
T,3865,4,1472,33734,1444,32797,137
T,3866,4,1472,33734,1444,32797,137
T,3867,4,1472,33734,1444,32797,137
T,3868,4,1472,33735,1444,32797,138
T,3869,4,1472,33734,1444,32797,139
T,3870,4,1472,33734,1444,32797,139
T,3871,4,1472,33734,1444,32797,137
T,3872,4,1472,33734,1444,32797,137
T,3873,4,1472,33734,1444,32797,137
T,3874,4,1472,33734,1444,32797,137
T,3875,4,1472,33734,1444,32797,137
T,3876,4,1472,33734,1444,32797,137
T,3877,4,1472,33734,1444,32797,137
T,3878,4,1472,33734,1444,32797,137
T,3879,4,1472,33734,1444,32797,137
T,3880,4,1472,33734,1444,32797,137
T,3881,4,1472,33734,1444,32797,139
T,3882,4,1472,33734,1444,32797,137
T,3883,4,1472,33734,1444,32797,137
T,3884,4,1472,33734,1444,32797,137
T,3885,4,1472,33734,1444,32797,137
T,3886,4,1472,33735,1444,32797,137
T,3887,4,1472,33734,1444,32797,137
T,3888,4,1472,33734,1444,32797,137
T,3889,4,1472,33734,1444,32797,137
T,3890,4,1472,33734,1444,32797,137
T,3891,4,1472,33734,1444,32797,137
T,3892,4,1472,33734,1444,32797,137
T,3893,4,1472,33735,1444,32797,137
T,3894,4,1472,33734,1444,32797,138
T,3895,4,1472,33734,1444,32797,137
T,3896,4,1472,33734,1444,32797,137
T,3897,4,1472,33734,1444,32797,137
T,3898,4,1472,33734,1444,32797,137
T,3899,4,1472,33734,1444,32797,137
T,3900,4,1472,33734,1444,32797,137
T,3901,4,1472,33734,1444,32797,137
T,3902,4,1472,33734,1444,32797,137
T,3903,4,1472,33734,1444,32797,137
T,3904,4,1472,33734,1444,32797,137
T,3905,4,1472,33734,1444,32797,137
T,3906,4,1472,33734,1444,32797,137
T,3907,4,1472,33734,1444,32797,137
T,3908,4,1472,33734,1444,32797,139
T,3909,4,1472,33734,1444,32797,137
T,3910,4,1472,33734,1444,32797,137
T,3911,4,1472,33734,1444,32797,137
T,3912,4,1472,33734,1444,32797,137
T,3913,4,1472,33734,1444,32797,137
T,3914,4,1472,33734,1444,32797,137
T,3915,4,1472,33734,1444,32797,137
T,3916,4,1472,33734,1444,32797,137
T,3917,4,1472,33734,1444,32797,137
T,3918,4,1472,33734,1444,32797,137
T,3919,4,1472,33734,1444,32797,137
T,3920,4,1472,33734,1444,32797,138
T,3921,4,1472,33734,1444,32797,139
T,3922,4,1472,33734,1444,32797,139
T,3923,4,1472,33734,1444,32797,137
T,3924,4,1472,33734,1444,32797,137
T,3925,4,1472,33734,1444,32797,137
T,3926,4,1472,33734,1444,32797,137
T,3927,4,1472,33734,1444,32797,137
T,3928,4,1472,33735,1444,32797,137
T,3929,4,1472,33734,1444,32797,137
T,3930,4,1472,33734,1444,32797,137
T,3931,4,1472,33734,1444,32797,137
T,3932,4,1472,33735,1444,32797,137
T,3933,4,1472,33734,1444,32797,137
T,3934,4,1472,33735,1444,32797,137
T,3935,4,1472,33734,1444,32797,137
T,3936,4,1472,33734,1444,32797,137
T,3937,4,1472,33734,1444,32797,137
T,3938,4,1472,33734,1444,32797,137
T,3939,4,1472,33734,1444,32797,138
T,3940,4,1472,33734,1444,32797,137
T,3941,4,1472,33735,1444,32797,137
T,3942,4,1472,33734,1444,32797,137
T,3943,4,1472,33734,1444,32797,137
T,3944,4,1472,33734,1444,32797,137
T,3945,4,1472,33734,1444,32797,137
T,3946,4,1472,33734,1444,32797,137
T,3947,4,1472,33735,1444,32797,137
T,3948,4,1472,33735,1444,32797,137
T,3949,4,1472,33734,1444,32797,137
T,3950,4,1472,33734,1444,32797,137
T,3951,4,1472,33735,1444,32797,137
T,3952,4,1472,33734,1444,32797,137
T,3953,4,1472,33734,1444,32797,139
T,3954,4,1472,33734,1444,32797,137
T,3955,4,1472,33734,1444,32797,137
T,3956,4,1472,33734,1444,32797,137
T,3957,4,1472,33734,1444,32797,137
T,3958,4,1472,33734,1444,32797,139
T,3959,4,1472,33734,1444,32797,139
T,3960,4,1472,33734,1444,32797,137
T,3961,4,1472,33734,1444,32797,137
T,3962,4,1472,33734,1444,32797,137
T,3963,4,1472,33734,1444,32797,137
